token_id,timestamp,datetime_utc,price
107927272895121873896592780561794303301515708678562694349024225854697593171909,1773982840,2026-03-20T05:00:40+00:00,0.0005
107927272895121873896592780561794303301515708678562694349024225854697593171909,1773986451,2026-03-20T06:00:51+00:00,0.0005
107927272895121873896592780561794303301515708678562694349024225854697593171909,1773990039,2026-03-20T07:00:39+00:00,0.0005
107927272895121873896592780561794303301515708678562694349024225854697593171909,1773993638,2026-03-20T08:00:38+00:00,0.0005
107927272895121873896592780561794303301515708678562694349024225854697593171909,1773997244,2026-03-20T09:00:44+00:00,0.0005
107927272895121873896592780561794303301515708678562694349024225854697593171909,1774004436,2026-03-20T11:00:36+00:00,0.0005
107927272895121873896592780561794303301515708678562694349024225854697593171909,1774008043,2026-03-20T12:00:43+00:00,0.0005
107927272895121873896592780561794303301515708678562694349024225854697593171909,1774011638,2026-03-20T13:00:38+00:00,0.0005
107927272895121873896592780561794303301515708678562694349024225854697593171909,1774015241,2026-03-20T14:00:41+00:00,0.0005
107927272895121873896592780561794303301515708678562694349024225854697593171909,1774018844,2026-03-20T15:00:44+00:00,0.0005
107927272895121873896592780561794303301515708678562694349024225854697593171909,1774022435,2026-03-20T16:00:35+00:00,0.0005
107927272895121873896592780561794303301515708678562694349024225854697593171909,1774026037,2026-03-20T17:00:37+00:00,0.0005
107927272895121873896592780561794303301515708678562694349024225854697593171909,1774029648,2026-03-20T18:00:48+00:00,0.0005
107927272895121873896592780561794303301515708678562694349024225854697593171909,1774033238,2026-03-20T19:00:38+00:00,0.0005
107927272895121873896592780561794303301515708678562694349024225854697593171909,1774036838,2026-03-20T20:00:38+00:00,0.0005
107927272895121873896592780561794303301515708678562694349024225854697593171909,1774040455,2026-03-20T21:00:55+00:00,0.0005
107927272895121873896592780561794303301515708678562694349024225854697593171909,1774044045,2026-03-20T22:00:45+00:00,0.0005
107927272895121873896592780561794303301515708678562694349024225854697593171909,1774047642,2026-03-20T23:00:42+00:00,0.0005
107927272895121873896592780561794303301515708678562694349024225854697593171909,1774051246,2026-03-21T00:00:46+00:00,0.0005
107927272895121873896592780561794303301515708678562694349024225854697593171909,1774054844,2026-03-21T01:00:44+00:00,0.0005
107927272895121873896592780561794303301515708678562694349024225854697593171909,1774058452,2026-03-21T02:00:52+00:00,0.0005
107927272895121873896592780561794303301515708678562694349024225854697593171909,1774062038,2026-03-21T03:00:38+00:00,0.0005
107927272895121873896592780561794303301515708678562694349024225854697593171909,1774065639,2026-03-21T04:00:39+00:00,0.0005
107927272895121873896592780561794303301515708678562694349024225854697593171909,1774069237,2026-03-21T05:00:37+00:00,0.0005
107927272895121873896592780561794303301515708678562694349024225854697593171909,1774072842,2026-03-21T06:00:42+00:00,0.0005
107927272895121873896592780561794303301515708678562694349024225854697593171909,1774076440,2026-03-21T07:00:40+00:00,0.0005
107927272895121873896592780561794303301515708678562694349024225854697593171909,1774080036,2026-03-21T08:00:36+00:00,0.0005
107927272895121873896592780561794303301515708678562694349024225854697593171909,1774083636,2026-03-21T09:00:36+00:00,0.0005
107927272895121873896592780561794303301515708678562694349024225854697593171909,1774087233,2026-03-21T10:00:33+00:00,0.0005
107927272895121873896592780561794303301515708678562694349024225854697593171909,1774090841,2026-03-21T11:00:41+00:00,0.0005
107927272895121873896592780561794303301515708678562694349024225854697593171909,1774094439,2026-03-21T12:00:39+00:00,0.0005
107927272895121873896592780561794303301515708678562694349024225854697593171909,1774098041,2026-03-21T13:00:41+00:00,0.0005
107927272895121873896592780561794303301515708678562694349024225854697593171909,1774101646,2026-03-21T14:00:46+00:00,0.0005
107927272895121873896592780561794303301515708678562694349024225854697593171909,1774105250,2026-03-21T15:00:50+00:00,0.0005
107927272895121873896592780561794303301515708678562694349024225854697593171909,1774108856,2026-03-21T16:00:56+00:00,0.0005
107927272895121873896592780561794303301515708678562694349024225854697593171909,1774112458,2026-03-21T17:00:58+00:00,0.0005
107927272895121873896592780561794303301515708678562694349024225854697593171909,1774116044,2026-03-21T18:00:44+00:00,0.0005
107927272895121873896592780561794303301515708678562694349024225854697593171909,1774119639,2026-03-21T19:00:39+00:00,0.0005
107927272895121873896592780561794303301515708678562694349024225854697593171909,1774123237,2026-03-21T20:00:37+00:00,0.0005
107927272895121873896592780561794303301515708678562694349024225854697593171909,1774126841,2026-03-21T21:00:41+00:00,0.0005
107927272895121873896592780561794303301515708678562694349024225854697593171909,1774130440,2026-03-21T22:00:40+00:00,0.0005
107927272895121873896592780561794303301515708678562694349024225854697593171909,1774134038,2026-03-21T23:00:38+00:00,0.0005
107927272895121873896592780561794303301515708678562694349024225854697593171909,1774137644,2026-03-22T00:00:44+00:00,0.0005
107927272895121873896592780561794303301515708678562694349024225854697593171909,1774141236,2026-03-22T01:00:36+00:00,0.0005
107927272895121873896592780561794303301515708678562694349024225854697593171909,1774144831,2026-03-22T02:00:31+00:00,0.0005
107927272895121873896592780561794303301515708678562694349024225854697593171909,1774148433,2026-03-22T03:00:33+00:00,0.0005
107927272895121873896592780561794303301515708678562694349024225854697593171909,1774152031,2026-03-22T04:00:31+00:00,0.0005
107927272895121873896592780561794303301515708678562694349024225854697593171909,1774155637,2026-03-22T05:00:37+00:00,0.0005
107927272895121873896592780561794303301515708678562694349024225854697593171909,1774159235,2026-03-22T06:00:35+00:00,0.0005
107927272895121873896592780561794303301515708678562694349024225854697593171909,1774162829,2026-03-22T07:00:29+00:00,0.0005
107927272895121873896592780561794303301515708678562694349024225854697593171909,1774166432,2026-03-22T08:00:32+00:00,0.0005
107927272895121873896592780561794303301515708678562694349024225854697593171909,1774170033,2026-03-22T09:00:33+00:00,0.0005
107927272895121873896592780561794303301515708678562694349024225854697593171909,1774173631,2026-03-22T10:00:31+00:00,0.0005
107927272895121873896592780561794303301515708678562694349024225854697593171909,1774177229,2026-03-22T11:00:29+00:00,0.0005
107927272895121873896592780561794303301515708678562694349024225854697593171909,1774180850,2026-03-22T12:00:50+00:00,0.0005
107927272895121873896592780561794303301515708678562694349024225854697593171909,1774184445,2026-03-22T13:00:45+00:00,0.0005
107927272895121873896592780561794303301515708678562694349024225854697593171909,1774188032,2026-03-22T14:00:32+00:00,0.0005
107927272895121873896592780561794303301515708678562694349024225854697593171909,1774191633,2026-03-22T15:00:33+00:00,0.0005
107927272895121873896592780561794303301515708678562694349024225854697593171909,1774195234,2026-03-22T16:00:34+00:00,0.0005
107927272895121873896592780561794303301515708678562694349024225854697593171909,1774202436,2026-03-22T18:00:36+00:00,0.0005
107927272895121873896592780561794303301515708678562694349024225854697593171909,1774206033,2026-03-22T19:00:33+00:00,0.0005
107927272895121873896592780561794303301515708678562694349024225854697593171909,1774209632,2026-03-22T20:00:32+00:00,0.0005
107927272895121873896592780561794303301515708678562694349024225854697593171909,1774213235,2026-03-22T21:00:35+00:00,0.0005
107927272895121873896592780561794303301515708678562694349024225854697593171909,1774216833,2026-03-22T22:00:33+00:00,0.0005
107927272895121873896592780561794303301515708678562694349024225854697593171909,1774220435,2026-03-22T23:00:35+00:00,0.0005
107927272895121873896592780561794303301515708678562694349024225854697593171909,1774224037,2026-03-23T00:00:37+00:00,0.0005
107927272895121873896592780561794303301515708678562694349024225854697593171909,1774227631,2026-03-23T01:00:31+00:00,0.0005
107927272895121873896592780561794303301515708678562694349024225854697593171909,1774231233,2026-03-23T02:00:33+00:00,0.0005
107927272895121873896592780561794303301515708678562694349024225854697593171909,1774234838,2026-03-23T03:00:38+00:00,0.0005
107927272895121873896592780561794303301515708678562694349024225854697593171909,1774238428,2026-03-23T04:00:28+00:00,0.0005
107927272895121873896592780561794303301515708678562694349024225854697593171909,1774242037,2026-03-23T05:00:37+00:00,0.0005
107927272895121873896592780561794303301515708678562694349024225854697593171909,1774245639,2026-03-23T06:00:39+00:00,0.0005
107927272895121873896592780561794303301515708678562694349024225854697593171909,1774249234,2026-03-23T07:00:34+00:00,0.0005
107927272895121873896592780561794303301515708678562694349024225854697593171909,1774252837,2026-03-23T08:00:37+00:00,0.0005
107927272895121873896592780561794303301515708678562694349024225854697593171909,1774256447,2026-03-23T09:00:47+00:00,0.0005
107927272895121873896592780561794303301515708678562694349024225854697593171909,1774260032,2026-03-23T10:00:32+00:00,0.0005
107927272895121873896592780561794303301515708678562694349024225854697593171909,1774263629,2026-03-23T11:00:29+00:00,0.0005
107927272895121873896592780561794303301515708678562694349024225854697593171909,1774267236,2026-03-23T12:00:36+00:00,0.0005
107927272895121873896592780561794303301515708678562694349024225854697593171909,1774270838,2026-03-23T13:00:38+00:00,0.0005
107927272895121873896592780561794303301515708678562694349024225854697593171909,1774274432,2026-03-23T14:00:32+00:00,0.0005
107927272895121873896592780561794303301515708678562694349024225854697593171909,1774278031,2026-03-23T15:00:31+00:00,0.0005
107927272895121873896592780561794303301515708678562694349024225854697593171909,1774281631,2026-03-23T16:00:31+00:00,0.0005
107927272895121873896592780561794303301515708678562694349024225854697593171909,1774285248,2026-03-23T17:00:48+00:00,0.0005
107927272895121873896592780561794303301515708678562694349024225854697593171909,1774288832,2026-03-23T18:00:32+00:00,0.0005
107927272895121873896592780561794303301515708678562694349024225854697593171909,1774292448,2026-03-23T19:00:48+00:00,0.0005
107927272895121873896592780561794303301515708678562694349024225854697593171909,1774296033,2026-03-23T20:00:33+00:00,0.0005
107927272895121873896592780561794303301515708678562694349024225854697593171909,1774299637,2026-03-23T21:00:37+00:00,0.0005
107927272895121873896592780561794303301515708678562694349024225854697593171909,1774303232,2026-03-23T22:00:32+00:00,0.0005
107927272895121873896592780561794303301515708678562694349024225854697593171909,1774306832,2026-03-23T23:00:32+00:00,0.0005
107927272895121873896592780561794303301515708678562694349024225854697593171909,1774310433,2026-03-24T00:00:33+00:00,0.0005
107927272895121873896592780561794303301515708678562694349024225854697593171909,1774314027,2026-03-24T01:00:27+00:00,0.0005
107927272895121873896592780561794303301515708678562694349024225854697593171909,1774317630,2026-03-24T02:00:30+00:00,0.0005
107927272895121873896592780561794303301515708678562694349024225854697593171909,1774321231,2026-03-24T03:00:31+00:00,0.0005
107927272895121873896592780561794303301515708678562694349024225854697593171909,1774324832,2026-03-24T04:00:32+00:00,0.0005
107927272895121873896592780561794303301515708678562694349024225854697593171909,1774328432,2026-03-24T05:00:32+00:00,0.0005
107927272895121873896592780561794303301515708678562694349024225854697593171909,1774332039,2026-03-24T06:00:39+00:00,0.0005
107927272895121873896592780561794303301515708678562694349024225854697593171909,1774335628,2026-03-24T07:00:28+00:00,0.0005
107927272895121873896592780561794303301515708678562694349024225854697593171909,1774339228,2026-03-24T08:00:28+00:00,0.0005
107927272895121873896592780561794303301515708678562694349024225854697593171909,1774342834,2026-03-24T09:00:34+00:00,0.0005
107927272895121873896592780561794303301515708678562694349024225854697593171909,1774346428,2026-03-24T10:00:28+00:00,0.0005
107927272895121873896592780561794303301515708678562694349024225854697593171909,1774350054,2026-03-24T11:00:54+00:00,0.0005
107927272895121873896592780561794303301515708678562694349024225854697593171909,1774353640,2026-03-24T12:00:40+00:00,0.0005
107927272895121873896592780561794303301515708678562694349024225854697593171909,1774357239,2026-03-24T13:00:39+00:00,0.0005
107927272895121873896592780561794303301515708678562694349024225854697593171909,1774360827,2026-03-24T14:00:27+00:00,0.0005
107927272895121873896592780561794303301515708678562694349024225854697593171909,1774364429,2026-03-24T15:00:29+00:00,0.0005
107927272895121873896592780561794303301515708678562694349024225854697593171909,1774368026,2026-03-24T16:00:26+00:00,0.0005
107927272895121873896592780561794303301515708678562694349024225854697593171909,1774371628,2026-03-24T17:00:28+00:00,0.0005
107927272895121873896592780561794303301515708678562694349024225854697593171909,1774375232,2026-03-24T18:00:32+00:00,0.0005
107927272895121873896592780561794303301515708678562694349024225854697593171909,1774378827,2026-03-24T19:00:27+00:00,0.0005
107927272895121873896592780561794303301515708678562694349024225854697593171909,1774382430,2026-03-24T20:00:30+00:00,0.0005
107927272895121873896592780561794303301515708678562694349024225854697593171909,1774386034,2026-03-24T21:00:34+00:00,0.0005
107927272895121873896592780561794303301515708678562694349024225854697593171909,1774389625,2026-03-24T22:00:25+00:00,0.0005
107927272895121873896592780561794303301515708678562694349024225854697593171909,1774393229,2026-03-24T23:00:29+00:00,0.0005
107927272895121873896592780561794303301515708678562694349024225854697593171909,1774396833,2026-03-25T00:00:33+00:00,0.0005
107927272895121873896592780561794303301515708678562694349024225854697593171909,1774400427,2026-03-25T01:00:27+00:00,0.0005
107927272895121873896592780561794303301515708678562694349024225854697593171909,1774404028,2026-03-25T02:00:28+00:00,0.0005
107927272895121873896592780561794303301515708678562694349024225854697593171909,1774407627,2026-03-25T03:00:27+00:00,0.0005
107927272895121873896592780561794303301515708678562694349024225854697593171909,1774411231,2026-03-25T04:00:31+00:00,0.0005
107927272895121873896592780561794303301515708678562694349024225854697593171909,1774414830,2026-03-25T05:00:30+00:00,0.0005
107927272895121873896592780561794303301515708678562694349024225854697593171909,1774418431,2026-03-25T06:00:31+00:00,0.0005
107927272895121873896592780561794303301515708678562694349024225854697593171909,1774422027,2026-03-25T07:00:27+00:00,0.0005
107927272895121873896592780561794303301515708678562694349024225854697593171909,1774425626,2026-03-25T08:00:26+00:00,0.0005
107927272895121873896592780561794303301515708678562694349024225854697593171909,1774429231,2026-03-25T09:00:31+00:00,0.0005
107927272895121873896592780561794303301515708678562694349024225854697593171909,1774432831,2026-03-25T10:00:31+00:00,0.0005
107927272895121873896592780561794303301515708678562694349024225854697593171909,1774436432,2026-03-25T11:00:32+00:00,0.0005
107927272895121873896592780561794303301515708678562694349024225854697593171909,1774440035,2026-03-25T12:00:35+00:00,0.0005
107927272895121873896592780561794303301515708678562694349024225854697593171909,1774443631,2026-03-25T13:00:31+00:00,0.0005
107927272895121873896592780561794303301515708678562694349024225854697593171909,1774447241,2026-03-25T14:00:41+00:00,0.0005
107927272895121873896592780561794303301515708678562694349024225854697593171909,1774450833,2026-03-25T15:00:33+00:00,0.0005
107927272895121873896592780561794303301515708678562694349024225854697593171909,1774454431,2026-03-25T16:00:31+00:00,0.0005
107927272895121873896592780561794303301515708678562694349024225854697593171909,1774458028,2026-03-25T17:00:28+00:00,0.0005
107927272895121873896592780561794303301515708678562694349024225854697593171909,1774461632,2026-03-25T18:00:32+00:00,0.0005
107927272895121873896592780561794303301515708678562694349024225854697593171909,1774465231,2026-03-25T19:00:31+00:00,0.0005
107927272895121873896592780561794303301515708678562694349024225854697593171909,1774468831,2026-03-25T20:00:31+00:00,0.0005
107927272895121873896592780561794303301515708678562694349024225854697593171909,1774472429,2026-03-25T21:00:29+00:00,0.0005
107927272895121873896592780561794303301515708678562694349024225854697593171909,1774476027,2026-03-25T22:00:27+00:00,0.0005
107927272895121873896592780561794303301515708678562694349024225854697593171909,1774479627,2026-03-25T23:00:27+00:00,0.0005
107927272895121873896592780561794303301515708678562694349024225854697593171909,1774483237,2026-03-26T00:00:37+00:00,0.0005
107927272895121873896592780561794303301515708678562694349024225854697593171909,1774486830,2026-03-26T01:00:30+00:00,0.0005
107927272895121873896592780561794303301515708678562694349024225854697593171909,1774490430,2026-03-26T02:00:30+00:00,0.0005
107927272895121873896592780561794303301515708678562694349024225854697593171909,1774494033,2026-03-26T03:00:33+00:00,0.0005
107927272895121873896592780561794303301515708678562694349024225854697593171909,1774497631,2026-03-26T04:00:31+00:00,0.0005
107927272895121873896592780561794303301515708678562694349024225854697593171909,1774501227,2026-03-26T05:00:27+00:00,0.0005
107927272895121873896592780561794303301515708678562694349024225854697593171909,1774504834,2026-03-26T06:00:34+00:00,0.0005
107927272895121873896592780561794303301515708678562694349024225854697593171909,1774508441,2026-03-26T07:00:41+00:00,0.0005
107927272895121873896592780561794303301515708678562694349024225854697593171909,1774512029,2026-03-26T08:00:29+00:00,0.0005
107927272895121873896592780561794303301515708678562694349024225854697593171909,1774515629,2026-03-26T09:00:29+00:00,0.0005
107927272895121873896592780561794303301515708678562694349024225854697593171909,1774519232,2026-03-26T10:00:32+00:00,0.0005
107927272895121873896592780561794303301515708678562694349024225854697593171909,1774522826,2026-03-26T11:00:26+00:00,0.0005
107927272895121873896592780561794303301515708678562694349024225854697593171909,1774526447,2026-03-26T12:00:47+00:00,0.0005
107927272895121873896592780561794303301515708678562694349024225854697593171909,1774530036,2026-03-26T13:00:36+00:00,0.0005
107927272895121873896592780561794303301515708678562694349024225854697593171909,1774533631,2026-03-26T14:00:31+00:00,0.0005
107927272895121873896592780561794303301515708678562694349024225854697593171909,1774537231,2026-03-26T15:00:31+00:00,0.0005
107927272895121873896592780561794303301515708678562694349024225854697593171909,1774540830,2026-03-26T16:00:30+00:00,0.0005
107927272895121873896592780561794303301515708678562694349024225854697593171909,1774544450,2026-03-26T17:00:50+00:00,0.0005
107927272895121873896592780561794303301515708678562694349024225854697593171909,1774548030,2026-03-26T18:00:30+00:00,0.0005
107927272895121873896592780561794303301515708678562694349024225854697593171909,1774551625,2026-03-26T19:00:25+00:00,0.0005
107927272895121873896592780561794303301515708678562694349024225854697593171909,1774555228,2026-03-26T20:00:28+00:00,0.0005
107927272895121873896592780561794303301515708678562694349024225854697593171909,1774558828,2026-03-26T21:00:28+00:00,0.0005
107927272895121873896592780561794303301515708678562694349024225854697593171909,1774562428,2026-03-26T22:00:28+00:00,0.0005
107927272895121873896592780561794303301515708678562694349024225854697593171909,1774566026,2026-03-26T23:00:26+00:00,0.0005
107927272895121873896592780561794303301515708678562694349024225854697593171909,1774569633,2026-03-27T00:00:33+00:00,0.0005
107927272895121873896592780561794303301515708678562694349024225854697593171909,1774573228,2026-03-27T01:00:28+00:00,0.0005
107927272895121873896592780561794303301515708678562694349024225854697593171909,1774576831,2026-03-27T02:00:31+00:00,0.0005
107927272895121873896592780561794303301515708678562694349024225854697593171909,1774580432,2026-03-27T03:00:32+00:00,0.0005
107927272895121873896592780561794303301515708678562694349024225854697593171909,1774584026,2026-03-27T04:00:26+00:00,0.0005
107927272895121873896592780561794303301515708678562694349024225854697593171909,1774587628,2026-03-27T05:00:28+00:00,0.0005
107927272895121873896592780561794303301515708678562694349024225854697593171909,1774591230,2026-03-27T06:00:30+00:00,0.0005
107927272895121873896592780561794303301515708678562694349024225854697593171909,1774594828,2026-03-27T07:00:28+00:00,0.0005
107927272895121873896592780561794303301515708678562694349024225854697593171909,1774598424,2026-03-27T08:00:24+00:00,0.0005
107927272895121873896592780561794303301515708678562694349024225854697593171909,1774602029,2026-03-27T09:00:29+00:00,0.0005
107927272895121873896592780561794303301515708678562694349024225854697593171909,1774605624,2026-03-27T10:00:24+00:00,0.0005
107927272895121873896592780561794303301515708678562694349024225854697593171909,1774609228,2026-03-27T11:00:28+00:00,0.0005
107927272895121873896592780561794303301515708678562694349024225854697593171909,1774612832,2026-03-27T12:00:32+00:00,0.0005
107927272895121873896592780561794303301515708678562694349024225854697593171909,1774616429,2026-03-27T13:00:29+00:00,0.0005
107927272895121873896592780561794303301515708678562694349024225854697593171909,1774620030,2026-03-27T14:00:30+00:00,0.0005
107927272895121873896592780561794303301515708678562694349024225854697593171909,1774623628,2026-03-27T15:00:28+00:00,0.0005
107927272895121873896592780561794303301515708678562694349024225854697593171909,1774627230,2026-03-27T16:00:30+00:00,0.0005
107927272895121873896592780561794303301515708678562694349024225854697593171909,1774630833,2026-03-27T17:00:33+00:00,0.0005
107927272895121873896592780561794303301515708678562694349024225854697593171909,1774634434,2026-03-27T18:00:34+00:00,0.0005
107927272895121873896592780561794303301515708678562694349024225854697593171909,1774638031,2026-03-27T19:00:31+00:00,0.0005
107927272895121873896592780561794303301515708678562694349024225854697593171909,1774641636,2026-03-27T20:00:36+00:00,0.0005
107927272895121873896592780561794303301515708678562694349024225854697593171909,1774645234,2026-03-27T21:00:34+00:00,0.0005
107927272895121873896592780561794303301515708678562694349024225854697593171909,1774648830,2026-03-27T22:00:30+00:00,0.0005
107927272895121873896592780561794303301515708678562694349024225854697593171909,1774652444,2026-03-27T23:00:44+00:00,0.0005
107927272895121873896592780561794303301515708678562694349024225854697593171909,1774656035,2026-03-28T00:00:35+00:00,0.0005
107927272895121873896592780561794303301515708678562694349024225854697593171909,1774659632,2026-03-28T01:00:32+00:00,0.0005
107927272895121873896592780561794303301515708678562694349024225854697593171909,1774663230,2026-03-28T02:00:30+00:00,0.0005
107927272895121873896592780561794303301515708678562694349024225854697593171909,1774666830,2026-03-28T03:00:30+00:00,0.0005
107927272895121873896592780561794303301515708678562694349024225854697593171909,1774670430,2026-03-28T04:00:30+00:00,0.0005
107927272895121873896592780561794303301515708678562694349024225854697593171909,1774674028,2026-03-28T05:00:28+00:00,0.0005
107927272895121873896592780561794303301515708678562694349024225854697593171909,1774677634,2026-03-28T06:00:34+00:00,0.0005
107927272895121873896592780561794303301515708678562694349024225854697593171909,1774681229,2026-03-28T07:00:29+00:00,0.0005
107927272895121873896592780561794303301515708678562694349024225854697593171909,1774684833,2026-03-28T08:00:33+00:00,0.0005
107927272895121873896592780561794303301515708678562694349024225854697593171909,1774688433,2026-03-28T09:00:33+00:00,0.0005
107927272895121873896592780561794303301515708678562694349024225854697593171909,1774692031,2026-03-28T10:00:31+00:00,0.0005
107927272895121873896592780561794303301515708678562694349024225854697593171909,1774695641,2026-03-28T11:00:41+00:00,0.0005
107927272895121873896592780561794303301515708678562694349024225854697593171909,1774699234,2026-03-28T12:00:34+00:00,0.0005
107927272895121873896592780561794303301515708678562694349024225854697593171909,1774702833,2026-03-28T13:00:33+00:00,0.0005
107927272895121873896592780561794303301515708678562694349024225854697593171909,1774706435,2026-03-28T14:00:35+00:00,0.0005
107927272895121873896592780561794303301515708678562694349024225854697593171909,1774710034,2026-03-28T15:00:34+00:00,0.0005
107927272895121873896592780561794303301515708678562694349024225854697593171909,1774713632,2026-03-28T16:00:32+00:00,0.0005
107927272895121873896592780561794303301515708678562694349024225854697593171909,1774717236,2026-03-28T17:00:36+00:00,0.0005
107927272895121873896592780561794303301515708678562694349024225854697593171909,1774720840,2026-03-28T18:00:40+00:00,0.0005
107927272895121873896592780561794303301515708678562694349024225854697593171909,1774724434,2026-03-28T19:00:34+00:00,0.0005
107927272895121873896592780561794303301515708678562694349024225854697593171909,1774728031,2026-03-28T20:00:31+00:00,0.0005
107927272895121873896592780561794303301515708678562694349024225854697593171909,1774731635,2026-03-28T21:00:35+00:00,0.0005
107927272895121873896592780561794303301515708678562694349024225854697593171909,1774735233,2026-03-28T22:00:33+00:00,0.0005
107927272895121873896592780561794303301515708678562694349024225854697593171909,1774738834,2026-03-28T23:00:34+00:00,0.0005
107927272895121873896592780561794303301515708678562694349024225854697593171909,1774742438,2026-03-29T00:00:38+00:00,0.0005
107927272895121873896592780561794303301515708678562694349024225854697593171909,1774746039,2026-03-29T01:00:39+00:00,0.0005
107927272895121873896592780561794303301515708678562694349024225854697593171909,1774749635,2026-03-29T02:00:35+00:00,0.0005
107927272895121873896592780561794303301515708678562694349024225854697593171909,1774753234,2026-03-29T03:00:34+00:00,0.0005
107927272895121873896592780561794303301515708678562694349024225854697593171909,1774756834,2026-03-29T04:00:34+00:00,0.0005
107927272895121873896592780561794303301515708678562694349024225854697593171909,1774760435,2026-03-29T05:00:35+00:00,0.0005
107927272895121873896592780561794303301515708678562694349024225854697593171909,1774764038,2026-03-29T06:00:38+00:00,0.0005
107927272895121873896592780561794303301515708678562694349024225854697593171909,1774767635,2026-03-29T07:00:35+00:00,0.0005
107927272895121873896592780561794303301515708678562694349024225854697593171909,1774771238,2026-03-29T08:00:38+00:00,0.0005
107927272895121873896592780561794303301515708678562694349024225854697593171909,1774774840,2026-03-29T09:00:40+00:00,0.0005
107927272895121873896592780561794303301515708678562694349024225854697593171909,1774778433,2026-03-29T10:00:33+00:00,0.0005
107927272895121873896592780561794303301515708678562694349024225854697593171909,1774782033,2026-03-29T11:00:33+00:00,0.0005
107927272895121873896592780561794303301515708678562694349024225854697593171909,1774785643,2026-03-29T12:00:43+00:00,0.0005
107927272895121873896592780561794303301515708678562694349024225854697593171909,1774789234,2026-03-29T13:00:34+00:00,0.0005
107927272895121873896592780561794303301515708678562694349024225854697593171909,1774792838,2026-03-29T14:00:38+00:00,0.0005
107927272895121873896592780561794303301515708678562694349024225854697593171909,1774796438,2026-03-29T15:00:38+00:00,0.0005
107927272895121873896592780561794303301515708678562694349024225854697593171909,1774800036,2026-03-29T16:00:36+00:00,0.0005
107927272895121873896592780561794303301515708678562694349024225854697593171909,1774803638,2026-03-29T17:00:38+00:00,0.0005
107927272895121873896592780561794303301515708678562694349024225854697593171909,1774807243,2026-03-29T18:00:43+00:00,0.0005
107927272895121873896592780561794303301515708678562694349024225854697593171909,1774810836,2026-03-29T19:00:36+00:00,0.0005
107927272895121873896592780561794303301515708678562694349024225854697593171909,1774814437,2026-03-29T20:00:37+00:00,0.0005
107927272895121873896592780561794303301515708678562694349024225854697593171909,1774818040,2026-03-29T21:00:40+00:00,0.0005
107927272895121873896592780561794303301515708678562694349024225854697593171909,1774821647,2026-03-29T22:00:47+00:00,0.0005
107927272895121873896592780561794303301515708678562694349024225854697593171909,1774825254,2026-03-29T23:00:54+00:00,0.0005
107927272895121873896592780561794303301515708678562694349024225854697593171909,1774828850,2026-03-30T00:00:50+00:00,0.0005
107927272895121873896592780561794303301515708678562694349024225854697593171909,1774832438,2026-03-30T01:00:38+00:00,0.0005
107927272895121873896592780561794303301515708678562694349024225854697593171909,1774836039,2026-03-30T02:00:39+00:00,0.0005
107927272895121873896592780561794303301515708678562694349024225854697593171909,1774839645,2026-03-30T03:00:45+00:00,0.0005
107927272895121873896592780561794303301515708678562694349024225854697593171909,1774843251,2026-03-30T04:00:51+00:00,0.0005
107927272895121873896592780561794303301515708678562694349024225854697593171909,1774846852,2026-03-30T05:00:52+00:00,0.0005
107927272895121873896592780561794303301515708678562694349024225854697593171909,1774850440,2026-03-30T06:00:40+00:00,0.0005
107927272895121873896592780561794303301515708678562694349024225854697593171909,1774854052,2026-03-30T07:00:52+00:00,0.0005
107927272895121873896592780561794303301515708678562694349024225854697593171909,1774857639,2026-03-30T08:00:39+00:00,0.0005
107927272895121873896592780561794303301515708678562694349024225854697593171909,1774861241,2026-03-30T09:00:41+00:00,0.0005
107927272895121873896592780561794303301515708678562694349024225854697593171909,1774864837,2026-03-30T10:00:37+00:00,0.0005
107927272895121873896592780561794303301515708678562694349024225854697593171909,1774868440,2026-03-30T11:00:40+00:00,0.0005
107927272895121873896592780561794303301515708678562694349024225854697593171909,1774872043,2026-03-30T12:00:43+00:00,0.0005
107927272895121873896592780561794303301515708678562694349024225854697593171909,1774875653,2026-03-30T13:00:53+00:00,0.0005
107927272895121873896592780561794303301515708678562694349024225854697593171909,1774879249,2026-03-30T14:00:49+00:00,0.0005
107927272895121873896592780561794303301515708678562694349024225854697593171909,1774882842,2026-03-30T15:00:42+00:00,0.0005
107927272895121873896592780561794303301515708678562694349024225854697593171909,1774886442,2026-03-30T16:00:42+00:00,0.0005
107927272895121873896592780561794303301515708678562694349024225854697593171909,1774890051,2026-03-30T17:00:51+00:00,0.0005
107927272895121873896592780561794303301515708678562694349024225854697593171909,1774893646,2026-03-30T18:00:46+00:00,0.0005
107927272895121873896592780561794303301515708678562694349024225854697593171909,1774897244,2026-03-30T19:00:44+00:00,0.0005
107927272895121873896592780561794303301515708678562694349024225854697593171909,1774900852,2026-03-30T20:00:52+00:00,0.0005
107927272895121873896592780561794303301515708678562694349024225854697593171909,1774904441,2026-03-30T21:00:41+00:00,0.0005
107927272895121873896592780561794303301515708678562694349024225854697593171909,1774908039,2026-03-30T22:00:39+00:00,0.0005
107927272895121873896592780561794303301515708678562694349024225854697593171909,1774911639,2026-03-30T23:00:39+00:00,0.0005
107927272895121873896592780561794303301515708678562694349024225854697593171909,1774915246,2026-03-31T00:00:46+00:00,0.0005
107927272895121873896592780561794303301515708678562694349024225854697593171909,1774918842,2026-03-31T01:00:42+00:00,0.0005
107927272895121873896592780561794303301515708678562694349024225854697593171909,1774922452,2026-03-31T02:00:52+00:00,0.0005
107927272895121873896592780561794303301515708678562694349024225854697593171909,1774926056,2026-03-31T03:00:56+00:00,0.0005
107927272895121873896592780561794303301515708678562694349024225854697593171909,1774929638,2026-03-31T04:00:38+00:00,0.0005
107927272895121873896592780561794303301515708678562694349024225854697593171909,1774933240,2026-03-31T05:00:40+00:00,0.0005
107927272895121873896592780561794303301515708678562694349024225854697593171909,1774936843,2026-03-31T06:00:43+00:00,0.0005
107927272895121873896592780561794303301515708678562694349024225854697593171909,1774940448,2026-03-31T07:00:48+00:00,0.0005
107927272895121873896592780561794303301515708678562694349024225854697593171909,1774944038,2026-03-31T08:00:38+00:00,0.0005
107927272895121873896592780561794303301515708678562694349024225854697593171909,1774947648,2026-03-31T09:00:48+00:00,0.0005
107927272895121873896592780561794303301515708678562694349024225854697593171909,1774951242,2026-03-31T10:00:42+00:00,0.0005
107927272895121873896592780561794303301515708678562694349024225854697593171909,1774954841,2026-03-31T11:00:41+00:00,0.0005
107927272895121873896592780561794303301515708678562694349024225854697593171909,1774958459,2026-03-31T12:00:59+00:00,0.0005
107927272895121873896592780561794303301515708678562694349024225854697593171909,1774962042,2026-03-31T13:00:42+00:00,0.0005
107927272895121873896592780561794303301515708678562694349024225854697593171909,1774965649,2026-03-31T14:00:49+00:00,0.0005
107927272895121873896592780561794303301515708678562694349024225854697593171909,1774969215,2026-03-31T15:00:15+00:00,0.0005
107927272895121873896592780561794303301515708678562694349024225854697593171909,1774972851,2026-03-31T16:00:51+00:00,0.0005
107927272895121873896592780561794303301515708678562694349024225854697593171909,1774976408,2026-03-31T17:00:08+00:00,0.0005
107927272895121873896592780561794303301515708678562694349024225854697593171909,1774980033,2026-03-31T18:00:33+00:00,0.0005
107927272895121873896592780561794303301515708678562694349024225854697593171909,1774987256,2026-03-31T20:00:56+00:00,0.0005
107927272895121873896592780561794303301515708678562694349024225854697593171909,1774990845,2026-03-31T21:00:45+00:00,0.0005
107927272895121873896592780561794303301515708678562694349024225854697593171909,1774994442,2026-03-31T22:00:42+00:00,0.0005
107927272895121873896592780561794303301515708678562694349024225854697593171909,1774998044,2026-03-31T23:00:44+00:00,0.0005
107927272895121873896592780561794303301515708678562694349024225854697593171909,1775001654,2026-04-01T00:00:54+00:00,0.0005
107927272895121873896592780561794303301515708678562694349024225854697593171909,1775005238,2026-04-01T01:00:38+00:00,0.0005
107927272895121873896592780561794303301515708678562694349024225854697593171909,1775008840,2026-04-01T02:00:40+00:00,0.0005
107927272895121873896592780561794303301515708678562694349024225854697593171909,1775012444,2026-04-01T03:00:44+00:00,0.0005
107927272895121873896592780561794303301515708678562694349024225854697593171909,1775016053,2026-04-01T04:00:53+00:00,0.0005
107927272895121873896592780561794303301515708678562694349024225854697593171909,1775019637,2026-04-01T05:00:37+00:00,0.0005
107927272895121873896592780561794303301515708678562694349024225854697593171909,1775023239,2026-04-01T06:00:39+00:00,0.0005
107927272895121873896592780561794303301515708678562694349024225854697593171909,1775026839,2026-04-01T07:00:39+00:00,0.0005
107927272895121873896592780561794303301515708678562694349024225854697593171909,1775030445,2026-04-01T08:00:45+00:00,0.0005
107927272895121873896592780561794303301515708678562694349024225854697593171909,1775034043,2026-04-01T09:00:43+00:00,0.0005
107927272895121873896592780561794303301515708678562694349024225854697593171909,1775037635,2026-04-01T10:00:35+00:00,0.0005
107927272895121873896592780561794303301515708678562694349024225854697593171909,1775041237,2026-04-01T11:00:37+00:00,0.0005
107927272895121873896592780561794303301515708678562694349024225854697593171909,1775044854,2026-04-01T12:00:54+00:00,0.0005
107927272895121873896592780561794303301515708678562694349024225854697593171909,1775048437,2026-04-01T13:00:37+00:00,0.0005
107927272895121873896592780561794303301515708678562694349024225854697593171909,1775052043,2026-04-01T14:00:43+00:00,0.0005
107927272895121873896592780561794303301515708678562694349024225854697593171909,1775055644,2026-04-01T15:00:44+00:00,0.0005
107927272895121873896592780561794303301515708678562694349024225854697593171909,1775059245,2026-04-01T16:00:45+00:00,0.0005
107927272895121873896592780561794303301515708678562694349024225854697593171909,1775062851,2026-04-01T17:00:51+00:00,0.0005
107927272895121873896592780561794303301515708678562694349024225854697593171909,1775066443,2026-04-01T18:00:43+00:00,0.0005
107927272895121873896592780561794303301515708678562694349024225854697593171909,1775070044,2026-04-01T19:00:44+00:00,0.0005
107927272895121873896592780561794303301515708678562694349024225854697593171909,1775073650,2026-04-01T20:00:50+00:00,0.0005
107927272895121873896592780561794303301515708678562694349024225854697593171909,1775080840,2026-04-01T22:00:40+00:00,0.0005
107927272895121873896592780561794303301515708678562694349024225854697593171909,1775084451,2026-04-01T23:00:51+00:00,0.0005
107927272895121873896592780561794303301515708678562694349024225854697593171909,1775088048,2026-04-02T00:00:48+00:00,0.0005
107927272895121873896592780561794303301515708678562694349024225854697593171909,1775091650,2026-04-02T01:00:50+00:00,0.0005
107927272895121873896592780561794303301515708678562694349024225854697593171909,1775095239,2026-04-02T02:00:39+00:00,0.0005
107927272895121873896592780561794303301515708678562694349024225854697593171909,1775098858,2026-04-02T03:00:58+00:00,0.0005
107927272895121873896592780561794303301515708678562694349024225854697593171909,1775102442,2026-04-02T04:00:42+00:00,0.0005
107927272895121873896592780561794303301515708678562694349024225854697593171909,1775106040,2026-04-02T05:00:40+00:00,0.0005
107927272895121873896592780561794303301515708678562694349024225854697593171909,1775109651,2026-04-02T06:00:51+00:00,0.0005
107927272895121873896592780561794303301515708678562694349024225854697593171909,1775113237,2026-04-02T07:00:37+00:00,0.0005
107927272895121873896592780561794303301515708678562694349024225854697593171909,1775116837,2026-04-02T08:00:37+00:00,0.0005
107927272895121873896592780561794303301515708678562694349024225854697593171909,1775120439,2026-04-02T09:00:39+00:00,0.0005
107927272895121873896592780561794303301515708678562694349024225854697593171909,1775124037,2026-04-02T10:00:37+00:00,0.0005
107927272895121873896592780561794303301515708678562694349024225854697593171909,1775127640,2026-04-02T11:00:40+00:00,0.0005
107927272895121873896592780561794303301515708678562694349024225854697593171909,1775131244,2026-04-02T12:00:44+00:00,0.0005
107927272895121873896592780561794303301515708678562694349024225854697593171909,1775134854,2026-04-02T13:00:54+00:00,0.0005
107927272895121873896592780561794303301515708678562694349024225854697593171909,1775138452,2026-04-02T14:00:52+00:00,0.0005
107927272895121873896592780561794303301515708678562694349024225854697593171909,1775149208,2026-04-02T17:00:08+00:00,0.0005
107927272895121873896592780561794303301515708678562694349024225854697593171909,1775152840,2026-04-02T18:00:40+00:00,0.0005
107927272895121873896592780561794303301515708678562694349024225854697593171909,1775156438,2026-04-02T19:00:38+00:00,0.0005
107927272895121873896592780561794303301515708678562694349024225854697593171909,1775160041,2026-04-02T20:00:41+00:00,0.0005
107927272895121873896592780561794303301515708678562694349024225854697593171909,1775163656,2026-04-02T21:00:56+00:00,0.0005
107927272895121873896592780561794303301515708678562694349024225854697593171909,1775167241,2026-04-02T22:00:41+00:00,0.0005
107927272895121873896592780561794303301515708678562694349024225854697593171909,1775170839,2026-04-02T23:00:39+00:00,0.0005
107927272895121873896592780561794303301515708678562694349024225854697593171909,1775174457,2026-04-03T00:00:57+00:00,0.0005
107927272895121873896592780561794303301515708678562694349024225854697593171909,1775178039,2026-04-03T01:00:39+00:00,0.0005
107927272895121873896592780561794303301515708678562694349024225854697593171909,1775181642,2026-04-03T02:00:42+00:00,0.0005
107927272895121873896592780561794303301515708678562694349024225854697593171909,1775185259,2026-04-03T03:00:59+00:00,0.0005
107927272895121873896592780561794303301515708678562694349024225854697593171909,1775188839,2026-04-03T04:00:39+00:00,0.0005
107927272895121873896592780561794303301515708678562694349024225854697593171909,1775192450,2026-04-03T05:00:50+00:00,0.0005
107927272895121873896592780561794303301515708678562694349024225854697593171909,1775199639,2026-04-03T07:00:39+00:00,0.0005
107927272895121873896592780561794303301515708678562694349024225854697593171909,1775203240,2026-04-03T08:00:40+00:00,0.0005
107927272895121873896592780561794303301515708678562694349024225854697593171909,1775206844,2026-04-03T09:00:44+00:00,0.0005
107927272895121873896592780561794303301515708678562694349024225854697593171909,1775210439,2026-04-03T10:00:39+00:00,0.0005
107927272895121873896592780561794303301515708678562694349024225854697593171909,1775214039,2026-04-03T11:00:39+00:00,0.0005
107927272895121873896592780561794303301515708678562694349024225854697593171909,1775217646,2026-04-03T12:00:46+00:00,0.0005
107927272895121873896592780561794303301515708678562694349024225854697593171909,1775221245,2026-04-03T13:00:45+00:00,0.0005
107927272895121873896592780561794303301515708678562694349024225854697593171909,1775224844,2026-04-03T14:00:44+00:00,0.0005
107927272895121873896592780561794303301515708678562694349024225854697593171909,1775228446,2026-04-03T15:00:46+00:00,0.0005
107927272895121873896592780561794303301515708678562694349024225854697593171909,1775232040,2026-04-03T16:00:40+00:00,0.0005
107927272895121873896592780561794303301515708678562694349024225854697593171909,1775235658,2026-04-03T17:00:58+00:00,0.0005
107927272895121873896592780561794303301515708678562694349024225854697593171909,1775246447,2026-04-03T20:00:47+00:00,0.0005
107927272895121873896592780561794303301515708678562694349024225854697593171909,1775250058,2026-04-03T21:00:58+00:00,0.0005
107927272895121873896592780561794303301515708678562694349024225854697593171909,1775253635,2026-04-03T22:00:35+00:00,0.0005
107927272895121873896592780561794303301515708678562694349024225854697593171909,1775257250,2026-04-03T23:00:50+00:00,0.0005
107927272895121873896592780561794303301515708678562694349024225854697593171909,1775260855,2026-04-04T00:00:55+00:00,0.0005
107927272895121873896592780561794303301515708678562694349024225854697593171909,1775264449,2026-04-04T01:00:49+00:00,0.0005
107927272895121873896592780561794303301515708678562694349024225854697593171909,1775268039,2026-04-04T02:00:39+00:00,0.0005
107927272895121873896592780561794303301515708678562694349024225854697593171909,1775271643,2026-04-04T03:00:43+00:00,0.0005
107927272895121873896592780561794303301515708678562694349024225854697593171909,1775278841,2026-04-04T05:00:41+00:00,0.0005
107927272895121873896592780561794303301515708678562694349024225854697593171909,1775282445,2026-04-04T06:00:45+00:00,0.0005
107927272895121873896592780561794303301515708678562694349024225854697593171909,1775286041,2026-04-04T07:00:41+00:00,0.0005
107927272895121873896592780561794303301515708678562694349024225854697593171909,1775289643,2026-04-04T08:00:43+00:00,0.0005
107927272895121873896592780561794303301515708678562694349024225854697593171909,1775293247,2026-04-04T09:00:47+00:00,0.0005
107927272895121873896592780561794303301515708678562694349024225854697593171909,1775296856,2026-04-04T10:00:56+00:00,0.0005
107927272895121873896592780561794303301515708678562694349024225854697593171909,1775300449,2026-04-04T11:00:49+00:00,0.0005
107927272895121873896592780561794303301515708678562694349024225854697593171909,1775304051,2026-04-04T12:00:51+00:00,0.0005
107927272895121873896592780561794303301515708678562694349024225854697593171909,1775307643,2026-04-04T13:00:43+00:00,0.0005
107927272895121873896592780561794303301515708678562694349024225854697593171909,1775314849,2026-04-04T15:00:49+00:00,0.0005
107927272895121873896592780561794303301515708678562694349024225854697593171909,1775318443,2026-04-04T16:00:43+00:00,0.0005
107927272895121873896592780561794303301515708678562694349024225854697593171909,1775325646,2026-04-04T18:00:46+00:00,0.0005
107927272895121873896592780561794303301515708678562694349024225854697593171909,1775329259,2026-04-04T19:00:59+00:00,0.0005
107927272895121873896592780561794303301515708678562694349024225854697593171909,1775332851,2026-04-04T20:00:51+00:00,0.0005
107927272895121873896592780561794303301515708678562694349024225854697593171909,1775336447,2026-04-04T21:00:47+00:00,0.0005
107927272895121873896592780561794303301515708678562694349024225854697593171909,1775340052,2026-04-04T22:00:52+00:00,0.0005
107927272895121873896592780561794303301515708678562694349024225854697593171909,1775350847,2026-04-05T01:00:47+00:00,0.0005
107927272895121873896592780561794303301515708678562694349024225854697593171909,1775354457,2026-04-05T02:00:57+00:00,0.0005
107927272895121873896592780561794303301515708678562694349024225854697593171909,1775358059,2026-04-05T03:00:59+00:00,0.0005
107927272895121873896592780561794303301515708678562694349024225854697593171909,1775361642,2026-04-05T04:00:42+00:00,0.0005
107927272895121873896592780561794303301515708678562694349024225854697593171909,1775365243,2026-04-05T05:00:43+00:00,0.0005
107927272895121873896592780561794303301515708678562694349024225854697593171909,1775368856,2026-04-05T06:00:56+00:00,0.0005
107927272895121873896592780561794303301515708678562694349024225854697593171909,1775372446,2026-04-05T07:00:46+00:00,0.0005
107927272895121873896592780561794303301515708678562694349024225854697593171909,1775376056,2026-04-05T08:00:56+00:00,0.0005
107927272895121873896592780561794303301515708678562694349024225854697593171909,1775379657,2026-04-05T09:00:57+00:00,0.0005
107927272895121873896592780561794303301515708678562694349024225854697593171909,1775383240,2026-04-05T10:00:40+00:00,0.0005
107927272895121873896592780561794303301515708678562694349024225854697593171909,1775386841,2026-04-05T11:00:41+00:00,0.0005
107927272895121873896592780561794303301515708678562694349024225854697593171909,1775390450,2026-04-05T12:00:50+00:00,0.0005
107927272895121873896592780561794303301515708678562694349024225854697593171909,1775394045,2026-04-05T13:00:45+00:00,0.0005
107927272895121873896592780561794303301515708678562694349024225854697593171909,1775397649,2026-04-05T14:00:49+00:00,0.0005
107927272895121873896592780561794303301515708678562694349024225854697593171909,1775401246,2026-04-05T15:00:46+00:00,0.0005
107927272895121873896592780561794303301515708678562694349024225854697593171909,1775404850,2026-04-05T16:00:50+00:00,0.0005
107927272895121873896592780561794303301515708678562694349024225854697593171909,1775408447,2026-04-05T17:00:47+00:00,0.0005
107927272895121873896592780561794303301515708678562694349024225854697593171909,1775412058,2026-04-05T18:00:58+00:00,0.0005
107927272895121873896592780561794303301515708678562694349024225854697593171909,1775415643,2026-04-05T19:00:43+00:00,0.0005
107927272895121873896592780561794303301515708678562694349024225854697593171909,1775419254,2026-04-05T20:00:54+00:00,0.0005
107927272895121873896592780561794303301515708678562694349024225854697593171909,1775426449,2026-04-05T22:00:49+00:00,0.0005
107927272895121873896592780561794303301515708678562694349024225854697593171909,1775430044,2026-04-05T23:00:44+00:00,0.0005
107927272895121873896592780561794303301515708678562694349024225854697593171909,1775433657,2026-04-06T00:00:57+00:00,0.0005
107927272895121873896592780561794303301515708678562694349024225854697593171909,1775437243,2026-04-06T01:00:43+00:00,0.0005
107927272895121873896592780561794303301515708678562694349024225854697593171909,1775440847,2026-04-06T02:00:47+00:00,0.0005
107927272895121873896592780561794303301515708678562694349024225854697593171909,1775444447,2026-04-06T03:00:47+00:00,0.0005
107927272895121873896592780561794303301515708678562694349024225854697593171909,1775448042,2026-04-06T04:00:42+00:00,0.0005
107927272895121873896592780561794303301515708678562694349024225854697593171909,1775451643,2026-04-06T05:00:43+00:00,0.0005
107927272895121873896592780561794303301515708678562694349024225854697593171909,1775458842,2026-04-06T07:00:42+00:00,0.0005
107927272895121873896592780561794303301515708678562694349024225854697593171909,1775462440,2026-04-06T08:00:40+00:00,0.0005
107927272895121873896592780561794303301515708678562694349024225854697593171909,1775469639,2026-04-06T10:00:39+00:00,0.0005
107927272895121873896592780561794303301515708678562694349024225854697593171909,1775473241,2026-04-06T11:00:41+00:00,0.0005
107927272895121873896592780561794303301515708678562694349024225854697593171909,1775476848,2026-04-06T12:00:48+00:00,0.0005
107927272895121873896592780561794303301515708678562694349024225854697593171909,1775480441,2026-04-06T13:00:41+00:00,0.0005
107927272895121873896592780561794303301515708678562694349024225854697593171909,1775484042,2026-04-06T14:00:42+00:00,0.0005
107927272895121873896592780561794303301515708678562694349024225854697593171909,1775487646,2026-04-06T15:00:46+00:00,0.0005
107927272895121873896592780561794303301515708678562694349024225854697593171909,1775491258,2026-04-06T16:00:58+00:00,0.0005
107927272895121873896592780561794303301515708678562694349024225854697593171909,1775494846,2026-04-06T17:00:46+00:00,0.0005
107927272895121873896592780561794303301515708678562694349024225854697593171909,1775498413,2026-04-06T18:00:13+00:00,0.0005
107927272895121873896592780561794303301515708678562694349024225854697593171909,1775502049,2026-04-06T19:00:49+00:00,0.0005
107927272895121873896592780561794303301515708678562694349024225854697593171909,1775505642,2026-04-06T20:00:42+00:00,0.0005
107927272895121873896592780561794303301515708678562694349024225854697593171909,1775509245,2026-04-06T21:00:45+00:00,0.0005
107927272895121873896592780561794303301515708678562694349024225854697593171909,1775512842,2026-04-06T22:00:42+00:00,0.0005
107927272895121873896592780561794303301515708678562694349024225854697593171909,1775516446,2026-04-06T23:00:46+00:00,0.0005
107927272895121873896592780561794303301515708678562694349024225854697593171909,1775520052,2026-04-07T00:00:52+00:00,0.0005
107927272895121873896592780561794303301515708678562694349024225854697593171909,1775523645,2026-04-07T01:00:45+00:00,0.0005
107927272895121873896592780561794303301515708678562694349024225854697593171909,1775527241,2026-04-07T02:00:41+00:00,0.0005
107927272895121873896592780561794303301515708678562694349024225854697593171909,1775530844,2026-04-07T03:00:44+00:00,0.0005
107927272895121873896592780561794303301515708678562694349024225854697593171909,1775534440,2026-04-07T04:00:40+00:00,0.0005
107927272895121873896592780561794303301515708678562694349024225854697593171909,1775541659,2026-04-07T06:00:59+00:00,0.0005
107927272895121873896592780561794303301515708678562694349024225854697593171909,1775545242,2026-04-07T07:00:42+00:00,0.0005
107927272895121873896592780561794303301515708678562694349024225854697593171909,1775548849,2026-04-07T08:00:49+00:00,0.0005
107927272895121873896592780561794303301515708678562694349024225854697593171909,1775552448,2026-04-07T09:00:48+00:00,0.0005
107927272895121873896592780561794303301515708678562694349024225854697593171909,1775556058,2026-04-07T10:00:58+00:00,0.0005
107927272895121873896592780561794303301515708678562694349024225854697593171909,1775559639,2026-04-07T11:00:39+00:00,0.0005
107927272895121873896592780561794303301515708678562694349024225854697593171909,1775563251,2026-04-07T12:00:51+00:00,0.0005
107927272895121873896592780561794303301515708678562694349024225854697593171909,1775566847,2026-04-07T13:00:47+00:00,0.0005
107927272895121873896592780561794303301515708678562694349024225854697593171909,1775570418,2026-04-07T14:00:18+00:00,0.0005
107927272895121873896592780561794303301515708678562694349024225854697593171909,1775577653,2026-04-07T16:00:53+00:00,0.0005
107927272895121873896592780561794303301515708678562694349024225854697593171909,1775581209,2026-04-07T17:00:09+00:00,0.0005
107927272895121873896592780561794303301515708678562694349024225854697593171909,1775584813,2026-04-07T18:00:13+00:00,0.0005
107927272895121873896592780561794303301515708678562694349024225854697593171909,1775588431,2026-04-07T19:00:31+00:00,0.0005
107927272895121873896592780561794303301515708678562694349024225854697593171909,1775592050,2026-04-07T20:00:50+00:00,0.0005
107927272895121873896592780561794303301515708678562694349024225854697593171909,1775595649,2026-04-07T21:00:49+00:00,0.0005
107927272895121873896592780561794303301515708678562694349024225854697593171909,1775599251,2026-04-07T22:00:51+00:00,0.0005
107927272895121873896592780561794303301515708678562694349024225854697593171909,1775602849,2026-04-07T23:00:49+00:00,0.0005
107927272895121873896592780561794303301515708678562694349024225854697593171909,1775610054,2026-04-08T01:00:54+00:00,0.0005
107927272895121873896592780561794303301515708678562694349024225854697593171909,1775613610,2026-04-08T02:00:10+00:00,0.0005
107927272895121873896592780561794303301515708678562694349024225854697593171909,1775617255,2026-04-08T03:00:55+00:00,0.0005
107927272895121873896592780561794303301515708678562694349024225854697593171909,1775620854,2026-04-08T04:00:54+00:00,0.0005
107927272895121873896592780561794303301515708678562694349024225854697593171909,1775624457,2026-04-08T05:00:57+00:00,0.0005
107927272895121873896592780561794303301515708678562694349024225854697593171909,1775628055,2026-04-08T06:00:55+00:00,0.0005
107927272895121873896592780561794303301515708678562694349024225854697593171909,1775631645,2026-04-08T07:00:45+00:00,0.0005
107927272895121873896592780561794303301515708678562694349024225854697593171909,1775635236,2026-04-08T08:00:36+00:00,0.0005
107927272895121873896592780561794303301515708678562694349024225854697593171909,1775642459,2026-04-08T10:00:59+00:00,0.0005
107927272895121873896592780561794303301515708678562694349024225854697593171909,1775646043,2026-04-08T11:00:43+00:00,0.0005
107927272895121873896592780561794303301515708678562694349024225854697593171909,1775653220,2026-04-08T13:00:20+00:00,0.0005
107927272895121873896592780561794303301515708678562694349024225854697593171909,1775656855,2026-04-08T14:00:55+00:00,0.0005
107927272895121873896592780561794303301515708678562694349024225854697593171909,1775664058,2026-04-08T16:00:58+00:00,0.0005
107927272895121873896592780561794303301515708678562694349024225854697593171909,1775667648,2026-04-08T17:00:48+00:00,0.0005
107927272895121873896592780561794303301515708678562694349024225854697593171909,1775671256,2026-04-08T18:00:56+00:00,0.0005
107927272895121873896592780561794303301515708678562694349024225854697593171909,1775674844,2026-04-08T19:00:44+00:00,0.0005
107927272895121873896592780561794303301515708678562694349024225854697593171909,1775678440,2026-04-08T20:00:40+00:00,0.0005
107927272895121873896592780561794303301515708678562694349024225854697593171909,1775682055,2026-04-08T21:00:55+00:00,0.0005
107927272895121873896592780561794303301515708678562694349024225854697593171909,1775685646,2026-04-08T22:00:46+00:00,0.0005
107927272895121873896592780561794303301515708678562694349024225854697593171909,1775689214,2026-04-08T23:00:14+00:00,0.0005
107927272895121873896592780561794303301515708678562694349024225854697593171909,1775692813,2026-04-09T00:00:13+00:00,0.0005
107927272895121873896592780561794303301515708678562694349024225854697593171909,1775696442,2026-04-09T01:00:42+00:00,0.0005
107927272895121873896592780561794303301515708678562694349024225854697593171909,1775700043,2026-04-09T02:00:43+00:00,0.0005
107927272895121873896592780561794303301515708678562694349024225854697593171909,1775703646,2026-04-09T03:00:46+00:00,0.0005
107927272895121873896592780561794303301515708678562694349024225854697593171909,1775707240,2026-04-09T04:00:40+00:00,0.0005
107927272895121873896592780561794303301515708678562694349024225854697593171909,1775710841,2026-04-09T05:00:41+00:00,0.0005
107927272895121873896592780561794303301515708678562694349024225854697593171909,1775714446,2026-04-09T06:00:46+00:00,0.0005
107927272895121873896592780561794303301515708678562694349024225854697593171909,1775718039,2026-04-09T07:00:39+00:00,0.0005
107927272895121873896592780561794303301515708678562694349024225854697593171909,1775721640,2026-04-09T08:00:40+00:00,0.0005
107927272895121873896592780561794303301515708678562694349024225854697593171909,1775725246,2026-04-09T09:00:46+00:00,0.0005
107927272895121873896592780561794303301515708678562694349024225854697593171909,1775728840,2026-04-09T10:00:40+00:00,0.0005
107927272895121873896592780561794303301515708678562694349024225854697593171909,1775732441,2026-04-09T11:00:41+00:00,0.0005
107927272895121873896592780561794303301515708678562694349024225854697593171909,1775736051,2026-04-09T12:00:51+00:00,0.0005
107927272895121873896592780561794303301515708678562694349024225854697593171909,1775739644,2026-04-09T13:00:44+00:00,0.0005
107927272895121873896592780561794303301515708678562694349024225854697593171909,1775743247,2026-04-09T14:00:47+00:00,0.0005
107927272895121873896592780561794303301515708678562694349024225854697593171909,1775750445,2026-04-09T16:00:45+00:00,0.0005
107927272895121873896592780561794303301515708678562694349024225854697593171909,1775754057,2026-04-09T17:00:57+00:00,0.0005
107927272895121873896592780561794303301515708678562694349024225854697593171909,1775757658,2026-04-09T18:00:58+00:00,0.0005
107927272895121873896592780561794303301515708678562694349024225854697593171909,1775761249,2026-04-09T19:00:49+00:00,0.0005
107927272895121873896592780561794303301515708678562694349024225854697593171909,1775764847,2026-04-09T20:00:47+00:00,0.0005
107927272895121873896592780561794303301515708678562694349024225854697593171909,1775768453,2026-04-09T21:00:53+00:00,0.0005
107927272895121873896592780561794303301515708678562694349024225854697593171909,1775772048,2026-04-09T22:00:48+00:00,0.0005
107927272895121873896592780561794303301515708678562694349024225854697593171909,1775775647,2026-04-09T23:00:47+00:00,0.0005
107927272895121873896592780561794303301515708678562694349024225854697593171909,1775782848,2026-04-10T01:00:48+00:00,0.0005
107927272895121873896592780561794303301515708678562694349024225854697593171909,1775786444,2026-04-10T02:00:44+00:00,0.0005
107927272895121873896592780561794303301515708678562694349024225854697593171909,1775790050,2026-04-10T03:00:50+00:00,0.0005
107927272895121873896592780561794303301515708678562694349024225854697593171909,1775793646,2026-04-10T04:00:46+00:00,0.0005
107927272895121873896592780561794303301515708678562694349024225854697593171909,1775797246,2026-04-10T05:00:46+00:00,0.0005
107927272895121873896592780561794303301515708678562694349024225854697593171909,1775804443,2026-04-10T07:00:43+00:00,0.0005
107927272895121873896592780561794303301515708678562694349024225854697593171909,1775815248,2026-04-10T10:00:48+00:00,0.0005
107927272895121873896592780561794303301515708678562694349024225854697593171909,1775818844,2026-04-10T11:00:44+00:00,0.0005
107927272895121873896592780561794303301515708678562694349024225854697593171909,1775822454,2026-04-10T12:00:54+00:00,0.0005
107927272895121873896592780561794303301515708678562694349024225854697593171909,1775829648,2026-04-10T14:00:48+00:00,0.0005
107927272895121873896592780561794303301515708678562694349024225854697593171909,1775836853,2026-04-10T16:00:53+00:00,0.0005
107927272895121873896592780561794303301515708678562694349024225854697593171909,1775844053,2026-04-10T18:00:53+00:00,0.0005
107927272895121873896592780561794303301515708678562694349024225854697593171909,1775847648,2026-04-10T19:00:48+00:00,0.0005
107927272895121873896592780561794303301515708678562694349024225854697593171909,1775854855,2026-04-10T21:00:55+00:00,0.0005
107927272895121873896592780561794303301515708678562694349024225854697593171909,1775858457,2026-04-10T22:00:57+00:00,0.0005
107927272895121873896592780561794303301515708678562694349024225854697593171909,1775865659,2026-04-11T00:00:59+00:00,0.0005
107927272895121873896592780561794303301515708678562694349024225854697593171909,1775869245,2026-04-11T01:00:45+00:00,0.0005
107927272895121873896592780561794303301515708678562694349024225854697593171909,1775872850,2026-04-11T02:00:50+00:00,0.0005
107927272895121873896592780561794303301515708678562694349024225854697593171909,1775876449,2026-04-11T03:00:49+00:00,0.0005
107927272895121873896592780561794303301515708678562694349024225854697593171909,1775880052,2026-04-11T04:00:52+00:00,0.0005
107927272895121873896592780561794303301515708678562694349024225854697593171909,1775883650,2026-04-11T05:00:50+00:00,0.0005
107927272895121873896592780561794303301515708678562694349024225854697593171909,1775887259,2026-04-11T06:00:59+00:00,0.0005
107927272895121873896592780561794303301515708678562694349024225854697593171909,1775890844,2026-04-11T07:00:44+00:00,0.0005
107927272895121873896592780561794303301515708678562694349024225854697593171909,1775894442,2026-04-11T08:00:42+00:00,0.0005
107927272895121873896592780561794303301515708678562694349024225854697593171909,1775898049,2026-04-11T09:00:49+00:00,0.0005
107927272895121873896592780561794303301515708678562694349024225854697593171909,1775901609,2026-04-11T10:00:09+00:00,0.0005
107927272895121873896592780561794303301515708678562694349024225854697593171909,1775905242,2026-04-11T11:00:42+00:00,0.0005
107927272895121873896592780561794303301515708678562694349024225854697593171909,1775908858,2026-04-11T12:00:58+00:00,0.0005
107927272895121873896592780561794303301515708678562694349024225854697593171909,1775912446,2026-04-11T13:00:46+00:00,0.0005
107927272895121873896592780561794303301515708678562694349024225854697593171909,1775916046,2026-04-11T14:00:46+00:00,0.0005
107927272895121873896592780561794303301515708678562694349024225854697593171909,1775919658,2026-04-11T15:00:58+00:00,0.0005
107927272895121873896592780561794303301515708678562694349024225854697593171909,1775923244,2026-04-11T16:00:44+00:00,0.0005
107927272895121873896592780561794303301515708678562694349024225854697593171909,1775926847,2026-04-11T17:00:47+00:00,0.0005
107927272895121873896592780561794303301515708678562694349024225854697593171909,1775930456,2026-04-11T18:00:56+00:00,0.0005
107927272895121873896592780561794303301515708678562694349024225854697593171909,1775934047,2026-04-11T19:00:47+00:00,0.0005
107927272895121873896592780561794303301515708678562694349024225854697593171909,1775937649,2026-04-11T20:00:49+00:00,0.0005
107927272895121873896592780561794303301515708678562694349024225854697593171909,1775941249,2026-04-11T21:00:49+00:00,0.0005
107927272895121873896592780561794303301515708678562694349024225854697593171909,1775944859,2026-04-11T22:00:59+00:00,0.0005
107927272895121873896592780561794303301515708678562694349024225854697593171909,1775948447,2026-04-11T23:00:47+00:00,0.0005
107927272895121873896592780561794303301515708678562694349024225854697593171909,1775955641,2026-04-12T01:00:41+00:00,0.0005
107927272895121873896592780561794303301515708678562694349024225854697593171909,1775959242,2026-04-12T02:00:42+00:00,0.0005
107927272895121873896592780561794303301515708678562694349024225854697593171909,1775962844,2026-04-12T03:00:44+00:00,0.0005
107927272895121873896592780561794303301515708678562694349024225854697593171909,1775966442,2026-04-12T04:00:42+00:00,0.0005
107927272895121873896592780561794303301515708678562694349024225854697593171909,1775970043,2026-04-12T05:00:43+00:00,0.0005
107927272895121873896592780561794303301515708678562694349024225854697593171909,1775973649,2026-04-12T06:00:49+00:00,0.0005
107927272895121873896592780561794303301515708678562694349024225854697593171909,1775977243,2026-04-12T07:00:43+00:00,0.0005
107927272895121873896592780561794303301515708678562694349024225854697593171909,1775980842,2026-04-12T08:00:42+00:00,0.0005
107927272895121873896592780561794303301515708678562694349024225854697593171909,1775984451,2026-04-12T09:00:51+00:00,0.0005
107927272895121873896592780561794303301515708678562694349024225854697593171909,1775988044,2026-04-12T10:00:44+00:00,0.0005
107927272895121873896592780561794303301515708678562694349024225854697593171909,1775991643,2026-04-12T11:00:43+00:00,0.0005
107927272895121873896592780561794303301515708678562694349024225854697593171909,1775995258,2026-04-12T12:00:58+00:00,0.0005
107927272895121873896592780561794303301515708678562694349024225854697593171909,1775998845,2026-04-12T13:00:45+00:00,0.0005
107927272895121873896592780561794303301515708678562694349024225854697593171909,1776002445,2026-04-12T14:00:45+00:00,0.0005
107927272895121873896592780561794303301515708678562694349024225854697593171909,1776013245,2026-04-12T17:00:45+00:00,0.0005
107927272895121873896592780561794303301515708678562694349024225854697593171909,1776016848,2026-04-12T18:00:48+00:00,0.0005
107927272895121873896592780561794303301515708678562694349024225854697593171909,1776020446,2026-04-12T19:00:46+00:00,0.0005
107927272895121873896592780561794303301515708678562694349024225854697593171909,1776024045,2026-04-12T20:00:45+00:00,0.0005
107927272895121873896592780561794303301515708678562694349024225854697593171909,1776027649,2026-04-12T21:00:49+00:00,0.0005
107927272895121873896592780561794303301515708678562694349024225854697593171909,1776031248,2026-04-12T22:00:48+00:00,0.0005
107927272895121873896592780561794303301515708678562694349024225854697593171909,1776034846,2026-04-12T23:00:46+00:00,0.0005
107927272895121873896592780561794303301515708678562694349024225854697593171909,1776038451,2026-04-13T00:00:51+00:00,0.0005
107927272895121873896592780561794303301515708678562694349024225854697593171909,1776042038,2026-04-13T01:00:38+00:00,0.0005
107927272895121873896592780561794303301515708678562694349024225854697593171909,1776045647,2026-04-13T02:00:47+00:00,0.0005
107927272895121873896592780561794303301515708678562694349024225854697593171909,1776049243,2026-04-13T03:00:43+00:00,0.0005
107927272895121873896592780561794303301515708678562694349024225854697593171909,1776052838,2026-04-13T04:00:38+00:00,0.0005
107927272895121873896592780561794303301515708678562694349024225854697593171909,1776056444,2026-04-13T05:00:44+00:00,0.0005
107927272895121873896592780561794303301515708678562694349024225854697593171909,1776060046,2026-04-13T06:00:46+00:00,0.0005
107927272895121873896592780561794303301515708678562694349024225854697593171909,1776063641,2026-04-13T07:00:41+00:00,0.0005
107927272895121873896592780561794303301515708678562694349024225854697593171909,1776067241,2026-04-13T08:00:41+00:00,0.0005
107927272895121873896592780561794303301515708678562694349024225854697593171909,1776070847,2026-04-13T09:00:47+00:00,0.0005
107927272895121873896592780561794303301515708678562694349024225854697593171909,1776074443,2026-04-13T10:00:43+00:00,0.0005
107927272895121873896592780561794303301515708678562694349024225854697593171909,1776078043,2026-04-13T11:00:43+00:00,0.0005
107927272895121873896592780561794303301515708678562694349024225854697593171909,1776081659,2026-04-13T12:00:59+00:00,0.0005
107927272895121873896592780561794303301515708678562694349024225854697593171909,1776085243,2026-04-13T13:00:43+00:00,0.0005
107927272895121873896592780561794303301515708678562694349024225854697593171909,1776088849,2026-04-13T14:00:49+00:00,0.0005
107927272895121873896592780561794303301515708678562694349024225854697593171909,1776096050,2026-04-13T16:00:50+00:00,0.0005
107927272895121873896592780561794303301515708678562694349024225854697593171909,1776099649,2026-04-13T17:00:49+00:00,0.0005
107927272895121873896592780561794303301515708678562694349024225854697593171909,1776103249,2026-04-13T18:00:49+00:00,0.0005
107927272895121873896592780561794303301515708678562694349024225854697593171909,1776106847,2026-04-13T19:00:47+00:00,0.0005
107927272895121873896592780561794303301515708678562694349024225854697593171909,1776110444,2026-04-13T20:00:44+00:00,0.0005
107927272895121873896592780561794303301515708678562694349024225854697593171909,1776117654,2026-04-13T22:00:54+00:00,0.0005
107927272895121873896592780561794303301515708678562694349024225854697593171909,1776121258,2026-04-13T23:00:58+00:00,0.0005
107927272895121873896592780561794303301515708678562694349024225854697593171909,1776128440,2026-04-14T01:00:40+00:00,0.0005
107927272895121873896592780561794303301515708678562694349024225854697593171909,1776132044,2026-04-14T02:00:44+00:00,0.0005
107927272895121873896592780561794303301515708678562694349024225854697593171909,1776135649,2026-04-14T03:00:49+00:00,0.0005
107927272895121873896592780561794303301515708678562694349024225854697593171909,1776139245,2026-04-14T04:00:45+00:00,0.0005
107927272895121873896592780561794303301515708678562694349024225854697593171909,1776142843,2026-04-14T05:00:43+00:00,0.0005
107927272895121873896592780561794303301515708678562694349024225854697593171909,1776150044,2026-04-14T07:00:44+00:00,0.0005
107927272895121873896592780561794303301515708678562694349024225854697593171909,1776153641,2026-04-14T08:00:41+00:00,0.0005
107927272895121873896592780561794303301515708678562694349024225854697593171909,1776157249,2026-04-14T09:00:49+00:00,0.0005
107927272895121873896592780561794303301515708678562694349024225854697593171909,1776160840,2026-04-14T10:00:40+00:00,0.0005
107927272895121873896592780561794303301515708678562694349024225854697593171909,1776164444,2026-04-14T11:00:44+00:00,0.0005
107927272895121873896592780561794303301515708678562694349024225854697593171909,1776171644,2026-04-14T13:00:44+00:00,0.0005
107927272895121873896592780561794303301515708678562694349024225854697593171909,1776175244,2026-04-14T14:00:44+00:00,0.0005
107927272895121873896592780561794303301515708678562694349024225854697593171909,1776178850,2026-04-14T15:00:50+00:00,0.0005
107927272895121873896592780561794303301515708678562694349024225854697593171909,1776182443,2026-04-14T16:00:43+00:00,0.0005
107927272895121873896592780561794303301515708678562694349024225854697593171909,1776186046,2026-04-14T17:00:46+00:00,0.0005
107927272895121873896592780561794303301515708678562694349024225854697593171909,1776196844,2026-04-14T20:00:44+00:00,0.0005
107927272895121873896592780561794303301515708678562694349024225854697593171909,1776200449,2026-04-14T21:00:49+00:00,0.0005
107927272895121873896592780561794303301515708678562694349024225854697593171909,1776204043,2026-04-14T22:00:43+00:00,0.0005
107927272895121873896592780561794303301515708678562694349024225854697593171909,1776211254,2026-04-15T00:00:54+00:00,0.0005
107927272895121873896592780561794303301515708678562694349024225854697593171909,1776214841,2026-04-15T01:00:41+00:00,0.0005
107927272895121873896592780561794303301515708678562694349024225854697593171909,1776218445,2026-04-15T02:00:45+00:00,0.0005
107927272895121873896592780561794303301515708678562694349024225854697593171909,1776222046,2026-04-15T03:00:46+00:00,0.0005
107927272895121873896592780561794303301515708678562694349024225854697593171909,1776225641,2026-04-15T04:00:41+00:00,0.0005
107927272895121873896592780561794303301515708678562694349024225854697593171909,1776232849,2026-04-15T06:00:49+00:00,0.0005
107927272895121873896592780561794303301515708678562694349024225854697593171909,1776236442,2026-04-15T07:00:42+00:00,0.0005
107927272895121873896592780561794303301515708678562694349024225854697593171909,1776240046,2026-04-15T08:00:46+00:00,0.0005
107927272895121873896592780561794303301515708678562694349024225854697593171909,1776243646,2026-04-15T09:00:46+00:00,0.0005
107927272895121873896592780561794303301515708678562694349024225854697593171909,1776247254,2026-04-15T10:00:54+00:00,0.0005
107927272895121873896592780561794303301515708678562694349024225854697593171909,1776250843,2026-04-15T11:00:43+00:00,0.0005
107927272895121873896592780561794303301515708678562694349024225854697593171909,1776254456,2026-04-15T12:00:56+00:00,0.0005
107927272895121873896592780561794303301515708678562694349024225854697593171909,1776258059,2026-04-15T13:00:59+00:00,0.0005
107927272895121873896592780561794303301515708678562694349024225854697593171909,1776261642,2026-04-15T14:00:42+00:00,0.0005
107927272895121873896592780561794303301515708678562694349024225854697593171909,1776265252,2026-04-15T15:00:52+00:00,0.0005
107927272895121873896592780561794303301515708678562694349024225854697593171909,1776268846,2026-04-15T16:00:46+00:00,0.0005
107927272895121873896592780561794303301515708678562694349024225854697593171909,1776272445,2026-04-15T17:00:45+00:00,0.0005
107927272895121873896592780561794303301515708678562694349024225854697593171909,1776276051,2026-04-15T18:00:51+00:00,0.0005
107927272895121873896592780561794303301515708678562694349024225854697593171909,1776283246,2026-04-15T20:00:46+00:00,0.0005
107927272895121873896592780561794303301515708678562694349024225854697593171909,1776286801,2026-04-15T21:00:01+00:00,0.0005
107927272895121873896592780561794303301515708678562694349024225854697593171909,1776290440,2026-04-15T22:00:40+00:00,0.0005
107927272895121873896592780561794303301515708678562694349024225854697593171909,1776294042,2026-04-15T23:00:42+00:00,0.0005
107927272895121873896592780561794303301515708678562694349024225854697593171909,1776297658,2026-04-16T00:00:58+00:00,0.0005
107927272895121873896592780561794303301515708678562694349024225854697593171909,1776301242,2026-04-16T01:00:42+00:00,0.0005
107927272895121873896592780561794303301515708678562694349024225854697593171909,1776304846,2026-04-16T02:00:46+00:00,0.0005
107927272895121873896592780561794303301515708678562694349024225854697593171909,1776308456,2026-04-16T03:00:56+00:00,0.0005
107927272895121873896592780561794303301515708678562694349024225854697593171909,1776312044,2026-04-16T04:00:44+00:00,0.0005
107927272895121873896592780561794303301515708678562694349024225854697593171909,1776315643,2026-04-16T05:00:43+00:00,0.0005
107927272895121873896592780561794303301515708678562694349024225854697593171909,1776319257,2026-04-16T06:00:57+00:00,0.0005
107927272895121873896592780561794303301515708678562694349024225854697593171909,1776322843,2026-04-16T07:00:43+00:00,0.0005
107927272895121873896592780561794303301515708678562694349024225854697593171909,1776326444,2026-04-16T08:00:44+00:00,0.0005
107927272895121873896592780561794303301515708678562694349024225854697593171909,1776333648,2026-04-16T10:00:48+00:00,0.0005
107927272895121873896592780561794303301515708678562694349024225854697593171909,1776337240,2026-04-16T11:00:40+00:00,0.0005
107927272895121873896592780561794303301515708678562694349024225854697593171909,1776340851,2026-04-16T12:00:51+00:00,0.0005
107927272895121873896592780561794303301515708678562694349024225854697593171909,1776344447,2026-04-16T13:00:47+00:00,0.0005
107927272895121873896592780561794303301515708678562694349024225854697593171909,1776348047,2026-04-16T14:00:47+00:00,0.0005
107927272895121873896592780561794303301515708678562694349024225854697593171909,1776351658,2026-04-16T15:00:58+00:00,0.0005
107927272895121873896592780561794303301515708678562694349024225854697593171909,1776355249,2026-04-16T16:00:49+00:00,0.0005
107927272895121873896592780561794303301515708678562694349024225854697593171909,1776358846,2026-04-16T17:00:46+00:00,0.0005
107927272895121873896592780561794303301515708678562694349024225854697593171909,1776366044,2026-04-16T19:00:44+00:00,0.0005
107927272895121873896592780561794303301515708678562694349024225854697593171909,1776369630,2026-04-16T20:00:30+00:00,0.0005
107927272895121873896592780561794303301515708678562694349024225854697593171909,1776373226,2026-04-16T21:00:26+00:00,0.0005
107927272895121873896592780561794303301515708678562694349024225854697593171909,1776376846,2026-04-16T22:00:46+00:00,0.0005
107927272895121873896592780561794303301515708678562694349024225854697593171909,1776380445,2026-04-16T23:00:45+00:00,0.0005
107927272895121873896592780561794303301515708678562694349024225854697593171909,1776384056,2026-04-17T00:00:56+00:00,0.0005
107927272895121873896592780561794303301515708678562694349024225854697593171909,1776387643,2026-04-17T01:00:43+00:00,0.0005
107927272895121873896592780561794303301515708678562694349024225854697593171909,1776391247,2026-04-17T02:00:47+00:00,0.0005
107927272895121873896592780561794303301515708678562694349024225854697593171909,1776394844,2026-04-17T03:00:44+00:00,0.0005
107927272895121873896592780561794303301515708678562694349024225854697593171909,1776398439,2026-04-17T04:00:39+00:00,0.0005
107927272895121873896592780561794303301515708678562694349024225854697593171909,1776402040,2026-04-17T05:00:40+00:00,0.0005
107927272895121873896592780561794303301515708678562694349024225854697593171909,1776405647,2026-04-17T06:00:47+00:00,0.0005
107927272895121873896592780561794303301515708678562694349024225854697593171909,1776409242,2026-04-17T07:00:42+00:00,0.0005
107927272895121873896592780561794303301515708678562694349024225854697593171909,1776412855,2026-04-17T08:00:55+00:00,0.0005
107927272895121873896592780561794303301515708678562694349024225854697593171909,1776416455,2026-04-17T09:00:55+00:00,0.0005
107927272895121873896592780561794303301515708678562694349024225854697593171909,1776420046,2026-04-17T10:00:46+00:00,0.0005
107927272895121873896592780561794303301515708678562694349024225854697593171909,1776423641,2026-04-17T11:00:41+00:00,0.0005
107927272895121873896592780561794303301515708678562694349024225854697593171909,1776427251,2026-04-17T12:00:51+00:00,0.0005
107927272895121873896592780561794303301515708678562694349024225854697593171909,1776430844,2026-04-17T13:00:44+00:00,0.0005
107927272895121873896592780561794303301515708678562694349024225854697593171909,1776441649,2026-04-17T16:00:49+00:00,0.0005
107927272895121873896592780561794303301515708678562694349024225854697593171909,1776448810,2026-04-17T18:00:10+00:00,0.0005
107927272895121873896592780561794303301515708678562694349024225854697593171909,1776452456,2026-04-17T19:00:56+00:00,0.0005
107927272895121873896592780561794303301515708678562694349024225854697593171909,1776459651,2026-04-17T21:00:51+00:00,0.0005
107927272895121873896592780561794303301515708678562694349024225854697593171909,1776463248,2026-04-17T22:00:48+00:00,0.001
107927272895121873896592780561794303301515708678562694349024225854697593171909,1776466843,2026-04-17T23:00:43+00:00,0.001
107927272895121873896592780561794303301515708678562694349024225854697593171909,1776474051,2026-04-18T01:00:51+00:00,0.001
107927272895121873896592780561794303301515708678562694349024225854697593171909,1776477653,2026-04-18T02:00:53+00:00,0.001
107927272895121873896592780561794303301515708678562694349024225854697593171909,1776484846,2026-04-18T04:00:46+00:00,0.001
107927272895121873896592780561794303301515708678562694349024225854697593171909,1776488449,2026-04-18T05:00:49+00:00,0.001
107927272895121873896592780561794303301515708678562694349024225854697593171909,1776492044,2026-04-18T06:00:44+00:00,0.001
107927272895121873896592780561794303301515708678562694349024225854697593171909,1776495640,2026-04-18T07:00:40+00:00,0.001
107927272895121873896592780561794303301515708678562694349024225854697593171909,1776499242,2026-04-18T08:00:42+00:00,0.001
107927272895121873896592780561794303301515708678562694349024225854697593171909,1776502829,2026-04-18T09:00:29+00:00,0.001
107927272895121873896592780561794303301515708678562694349024225854697593171909,1776506440,2026-04-18T10:00:40+00:00,0.001
107927272895121873896592780561794303301515708678562694349024225854697593171909,1776513652,2026-04-18T12:00:52+00:00,0.001
107927272895121873896592780561794303301515708678562694349024225854697593171909,1776517248,2026-04-18T13:00:48+00:00,0.001
107927272895121873896592780561794303301515708678562694349024225854697593171909,1776520846,2026-04-18T14:00:46+00:00,0.001
107927272895121873896592780561794303301515708678562694349024225854697593171909,1776528046,2026-04-18T16:00:46+00:00,0.0015
107927272895121873896592780561794303301515708678562694349024225854697593171909,1776531640,2026-04-18T17:00:40+00:00,0.0015
107927272895121873896592780561794303301515708678562694349024225854697593171909,1776538844,2026-04-18T19:00:44+00:00,0.0015
107927272895121873896592780561794303301515708678562694349024225854697593171909,1776542453,2026-04-18T20:00:53+00:00,0.0015
107927272895121873896592780561794303301515708678562694349024225854697593171909,1776546047,2026-04-18T21:00:47+00:00,0.0015
107927272895121873896592780561794303301515708678562694349024225854697593171909,1776549642,2026-04-18T22:00:42+00:00,0.0015
107927272895121873896592780561794303301515708678562694349024225854697593171909,1776553243,2026-04-18T23:00:43+00:00,0.0015
107927272895121873896592780561794303301515708678562694349024225854697593171909,1776556846,2026-04-19T00:00:46+00:00,0.0015
107927272895121873896592780561794303301515708678562694349024225854697593171909,1776560444,2026-04-19T01:00:44+00:00,0.0015
107927272895121873896592780561794303301515708678562694349024225854697593171909,1776564040,2026-04-19T02:00:40+00:00,0.0015
107927272895121873896592780561794303301515708678562694349024225854697593171909,1776567643,2026-04-19T03:00:43+00:00,0.0015
107927272895121873896592780561794303301515708678562694349024225854697593171909,1776571250,2026-04-19T04:00:50+00:00,0.001
107927272895121873896592780561794303301515708678562694349024225854697593171909,1776574839,2026-04-19T05:00:39+00:00,0.001
107927272895121873896592780561794303301515708678562694349024225854697593171909,1776578445,2026-04-19T06:00:45+00:00,0.001
107927272895121873896592780561794303301515708678562694349024225854697593171909,1776582035,2026-04-19T07:00:35+00:00,0.001
107927272895121873896592780561794303301515708678562694349024225854697593171909,1776585649,2026-04-19T08:00:49+00:00,0.0005
107927272895121873896592780561794303301515708678562694349024225854697593171909,1776589248,2026-04-19T09:00:48+00:00,0.0005
107927272895121873896592780561794303301515708678562694349024225854697593171909,1776592844,2026-04-19T10:00:44+00:00,0.0005
107927272895121873896592780561794303301515708678562694349024225854697593171909,1776596448,2026-04-19T11:00:48+00:00,0.0005
107927272895121873896592780561794303301515708678562694349024225854697593171909,1776603645,2026-04-19T13:00:45+00:00,0.0015
107927272895121873896592780561794303301515708678562694349024225854697593171909,1776607249,2026-04-19T14:00:49+00:00,0.0015
107927272895121873896592780561794303301515708678562694349024225854697593171909,1776610853,2026-04-19T15:00:53+00:00,0.0015
107927272895121873896592780561794303301515708678562694349024225854697593171909,1776618045,2026-04-19T17:00:45+00:00,0.0015
107927272895121873896592780561794303301515708678562694349024225854697593171909,1776621652,2026-04-19T18:00:52+00:00,0.0015
107927272895121873896592780561794303301515708678562694349024225854697593171909,1776625246,2026-04-19T19:00:46+00:00,0.0015
107927272895121873896592780561794303301515708678562694349024225854697593171909,1776628847,2026-04-19T20:00:47+00:00,0.0015
107927272895121873896592780561794303301515708678562694349024225854697593171909,1776632446,2026-04-19T21:00:46+00:00,0.0015
107927272895121873896592780561794303301515708678562694349024225854697593171909,1776636047,2026-04-19T22:00:47+00:00,0.0015
107927272895121873896592780561794303301515708678562694349024225854697593171909,1776639642,2026-04-19T23:00:42+00:00,0.001
107927272895121873896592780561794303301515708678562694349024225854697593171909,1776643248,2026-04-20T00:00:48+00:00,0.001
107927272895121873896592780561794303301515708678562694349024225854697593171909,1776646841,2026-04-20T01:00:41+00:00,0.001
107927272895121873896592780561794303301515708678562694349024225854697593171909,1776650440,2026-04-20T02:00:40+00:00,0.0015
107927272895121873896592780561794303301515708678562694349024225854697593171909,1776654046,2026-04-20T03:00:46+00:00,0.001
107927272895121873896592780561794303301515708678562694349024225854697593171909,1776657639,2026-04-20T04:00:39+00:00,0.001
107927272895121873896592780561794303301515708678562694349024225854697593171909,1776659855,2026-04-20T04:37:35+00:00,0.0015
21892918566477480200155854255443225580146195615682253469077750770879493669279,1773982848,2026-03-20T05:00:48+00:00,0.155
21892918566477480200155854255443225580146195615682253469077750770879493669279,1773990047,2026-03-20T07:00:47+00:00,0.155
21892918566477480200155854255443225580146195615682253469077750770879493669279,1773993646,2026-03-20T08:00:46+00:00,0.155
21892918566477480200155854255443225580146195615682253469077750770879493669279,1773997255,2026-03-20T09:00:55+00:00,0.155
21892918566477480200155854255443225580146195615682253469077750770879493669279,1774004445,2026-03-20T11:00:45+00:00,0.155
21892918566477480200155854255443225580146195615682253469077750770879493669279,1774008053,2026-03-20T12:00:53+00:00,0.155
21892918566477480200155854255443225580146195615682253469077750770879493669279,1774011656,2026-03-20T13:00:56+00:00,0.155
21892918566477480200155854255443225580146195615682253469077750770879493669279,1774015249,2026-03-20T14:00:49+00:00,0.155
21892918566477480200155854255443225580146195615682253469077750770879493669279,1774018854,2026-03-20T15:00:54+00:00,0.155
21892918566477480200155854255443225580146195615682253469077750770879493669279,1774022442,2026-03-20T16:00:42+00:00,0.15
21892918566477480200155854255443225580146195615682253469077750770879493669279,1774026044,2026-03-20T17:00:44+00:00,0.15
21892918566477480200155854255443225580146195615682253469077750770879493669279,1774029658,2026-03-20T18:00:58+00:00,0.15
21892918566477480200155854255443225580146195615682253469077750770879493669279,1774033244,2026-03-20T19:00:44+00:00,0.15
21892918566477480200155854255443225580146195615682253469077750770879493669279,1774036845,2026-03-20T20:00:45+00:00,0.15
21892918566477480200155854255443225580146195615682253469077750770879493669279,1774044053,2026-03-20T22:00:53+00:00,0.15
21892918566477480200155854255443225580146195615682253469077750770879493669279,1774047652,2026-03-20T23:00:52+00:00,0.15
21892918566477480200155854255443225580146195615682253469077750770879493669279,1774051256,2026-03-21T00:00:56+00:00,0.15
21892918566477480200155854255443225580146195615682253469077750770879493669279,1774054854,2026-03-21T01:00:54+00:00,0.15
21892918566477480200155854255443225580146195615682253469077750770879493669279,1774058458,2026-03-21T02:00:58+00:00,0.15
21892918566477480200155854255443225580146195615682253469077750770879493669279,1774062047,2026-03-21T03:00:47+00:00,0.15
21892918566477480200155854255443225580146195615682253469077750770879493669279,1774065650,2026-03-21T04:00:50+00:00,0.15
21892918566477480200155854255443225580146195615682253469077750770879493669279,1774069243,2026-03-21T05:00:43+00:00,0.15
21892918566477480200155854255443225580146195615682253469077750770879493669279,1774072857,2026-03-21T06:00:57+00:00,0.15
21892918566477480200155854255443225580146195615682253469077750770879493669279,1774080043,2026-03-21T08:00:43+00:00,0.15
21892918566477480200155854255443225580146195615682253469077750770879493669279,1774083645,2026-03-21T09:00:45+00:00,0.15
21892918566477480200155854255443225580146195615682253469077750770879493669279,1774087244,2026-03-21T10:00:44+00:00,0.15
21892918566477480200155854255443225580146195615682253469077750770879493669279,1774090848,2026-03-21T11:00:48+00:00,0.15
21892918566477480200155854255443225580146195615682253469077750770879493669279,1774094449,2026-03-21T12:00:49+00:00,0.15
21892918566477480200155854255443225580146195615682253469077750770879493669279,1774098048,2026-03-21T13:00:48+00:00,0.15
21892918566477480200155854255443225580146195615682253469077750770879493669279,1774101658,2026-03-21T14:00:58+00:00,0.15
21892918566477480200155854255443225580146195615682253469077750770879493669279,1774108805,2026-03-21T16:00:05+00:00,0.15
21892918566477480200155854255443225580146195615682253469077750770879493669279,1774116053,2026-03-21T18:00:53+00:00,0.15
21892918566477480200155854255443225580146195615682253469077750770879493669279,1774119646,2026-03-21T19:00:46+00:00,0.15
21892918566477480200155854255443225580146195615682253469077750770879493669279,1774123246,2026-03-21T20:00:46+00:00,0.15
21892918566477480200155854255443225580146195615682253469077750770879493669279,1774126850,2026-03-21T21:00:50+00:00,0.15
21892918566477480200155854255443225580146195615682253469077750770879493669279,1774130449,2026-03-21T22:00:49+00:00,0.15
21892918566477480200155854255443225580146195615682253469077750770879493669279,1774134044,2026-03-21T23:00:44+00:00,0.15
21892918566477480200155854255443225580146195615682253469077750770879493669279,1774137655,2026-03-22T00:00:55+00:00,0.15
21892918566477480200155854255443225580146195615682253469077750770879493669279,1774141242,2026-03-22T01:00:42+00:00,0.15
21892918566477480200155854255443225580146195615682253469077750770879493669279,1774144840,2026-03-22T02:00:40+00:00,0.15
21892918566477480200155854255443225580146195615682253469077750770879493669279,1774148442,2026-03-22T03:00:42+00:00,0.15
21892918566477480200155854255443225580146195615682253469077750770879493669279,1774152038,2026-03-22T04:00:38+00:00,0.15
21892918566477480200155854255443225580146195615682253469077750770879493669279,1774155647,2026-03-22T05:00:47+00:00,0.15
21892918566477480200155854255443225580146195615682253469077750770879493669279,1774159244,2026-03-22T06:00:44+00:00,0.15
21892918566477480200155854255443225580146195615682253469077750770879493669279,1774162836,2026-03-22T07:00:36+00:00,0.15
21892918566477480200155854255443225580146195615682253469077750770879493669279,1774166438,2026-03-22T08:00:38+00:00,0.15
21892918566477480200155854255443225580146195615682253469077750770879493669279,1774170041,2026-03-22T09:00:41+00:00,0.15
21892918566477480200155854255443225580146195615682253469077750770879493669279,1774173638,2026-03-22T10:00:38+00:00,0.15
21892918566477480200155854255443225580146195615682253469077750770879493669279,1774177235,2026-03-22T11:00:35+00:00,0.15
21892918566477480200155854255443225580146195615682253469077750770879493669279,1774188039,2026-03-22T14:00:39+00:00,0.145
21892918566477480200155854255443225580146195615682253469077750770879493669279,1774191642,2026-03-22T15:00:42+00:00,0.15
21892918566477480200155854255443225580146195615682253469077750770879493669279,1774195242,2026-03-22T16:00:42+00:00,0.15
21892918566477480200155854255443225580146195615682253469077750770879493669279,1774202447,2026-03-22T18:00:47+00:00,0.15
21892918566477480200155854255443225580146195615682253469077750770879493669279,1774206039,2026-03-22T19:00:39+00:00,0.15
21892918566477480200155854255443225580146195615682253469077750770879493669279,1774209639,2026-03-22T20:00:39+00:00,0.15
21892918566477480200155854255443225580146195615682253469077750770879493669279,1774213244,2026-03-22T21:00:44+00:00,0.15
21892918566477480200155854255443225580146195615682253469077750770879493669279,1774216841,2026-03-22T22:00:41+00:00,0.15
21892918566477480200155854255443225580146195615682253469077750770879493669279,1774220441,2026-03-22T23:00:41+00:00,0.15
21892918566477480200155854255443225580146195615682253469077750770879493669279,1774224047,2026-03-23T00:00:47+00:00,0.15
21892918566477480200155854255443225580146195615682253469077750770879493669279,1774227637,2026-03-23T01:00:37+00:00,0.15
21892918566477480200155854255443225580146195615682253469077750770879493669279,1774231239,2026-03-23T02:00:39+00:00,0.15
21892918566477480200155854255443225580146195615682253469077750770879493669279,1774234846,2026-03-23T03:00:46+00:00,0.15
21892918566477480200155854255443225580146195615682253469077750770879493669279,1774238434,2026-03-23T04:00:34+00:00,0.15
21892918566477480200155854255443225580146195615682253469077750770879493669279,1774242044,2026-03-23T05:00:44+00:00,0.15
21892918566477480200155854255443225580146195615682253469077750770879493669279,1774245647,2026-03-23T06:00:47+00:00,0.15
21892918566477480200155854255443225580146195615682253469077750770879493669279,1774249240,2026-03-23T07:00:40+00:00,0.15
21892918566477480200155854255443225580146195615682253469077750770879493669279,1774252844,2026-03-23T08:00:44+00:00,0.15
21892918566477480200155854255443225580146195615682253469077750770879493669279,1774256455,2026-03-23T09:00:55+00:00,0.15
21892918566477480200155854255443225580146195615682253469077750770879493669279,1774260040,2026-03-23T10:00:40+00:00,0.15
21892918566477480200155854255443225580146195615682253469077750770879493669279,1774263635,2026-03-23T11:00:35+00:00,0.15
21892918566477480200155854255443225580146195615682253469077750770879493669279,1774267245,2026-03-23T12:00:45+00:00,0.15
21892918566477480200155854255443225580146195615682253469077750770879493669279,1774270847,2026-03-23T13:00:47+00:00,0.15
21892918566477480200155854255443225580146195615682253469077750770879493669279,1774274439,2026-03-23T14:00:39+00:00,0.15
21892918566477480200155854255443225580146195615682253469077750770879493669279,1774278039,2026-03-23T15:00:39+00:00,0.15
21892918566477480200155854255443225580146195615682253469077750770879493669279,1774281639,2026-03-23T16:00:39+00:00,0.15
21892918566477480200155854255443225580146195615682253469077750770879493669279,1774288840,2026-03-23T18:00:40+00:00,0.15
21892918566477480200155854255443225580146195615682253469077750770879493669279,1774292456,2026-03-23T19:00:56+00:00,0.15
21892918566477480200155854255443225580146195615682253469077750770879493669279,1774296043,2026-03-23T20:00:43+00:00,0.15
21892918566477480200155854255443225580146195615682253469077750770879493669279,1774299648,2026-03-23T21:00:48+00:00,0.15
21892918566477480200155854255443225580146195615682253469077750770879493669279,1774303238,2026-03-23T22:00:38+00:00,0.15
21892918566477480200155854255443225580146195615682253469077750770879493669279,1774306839,2026-03-23T23:00:39+00:00,0.15
21892918566477480200155854255443225580146195615682253469077750770879493669279,1774310442,2026-03-24T00:00:42+00:00,0.15
21892918566477480200155854255443225580146195615682253469077750770879493669279,1774314032,2026-03-24T01:00:32+00:00,0.15
21892918566477480200155854255443225580146195615682253469077750770879493669279,1774317635,2026-03-24T02:00:35+00:00,0.15
21892918566477480200155854255443225580146195615682253469077750770879493669279,1774321239,2026-03-24T03:00:39+00:00,0.15
21892918566477480200155854255443225580146195615682253469077750770879493669279,1774324838,2026-03-24T04:00:38+00:00,0.15
21892918566477480200155854255443225580146195615682253469077750770879493669279,1774328437,2026-03-24T05:00:37+00:00,0.15
21892918566477480200155854255443225580146195615682253469077750770879493669279,1774332051,2026-03-24T06:00:51+00:00,0.15
21892918566477480200155854255443225580146195615682253469077750770879493669279,1774335637,2026-03-24T07:00:37+00:00,0.15
21892918566477480200155854255443225580146195615682253469077750770879493669279,1774339234,2026-03-24T08:00:34+00:00,0.15
21892918566477480200155854255443225580146195615682253469077750770879493669279,1774342841,2026-03-24T09:00:41+00:00,0.15
21892918566477480200155854255443225580146195615682253469077750770879493669279,1774346434,2026-03-24T10:00:34+00:00,0.15
21892918566477480200155854255443225580146195615682253469077750770879493669279,1774353648,2026-03-24T12:00:48+00:00,0.15
21892918566477480200155854255443225580146195615682253469077750770879493669279,1774357248,2026-03-24T13:00:48+00:00,0.15
21892918566477480200155854255443225580146195615682253469077750770879493669279,1774360837,2026-03-24T14:00:37+00:00,0.15
21892918566477480200155854255443225580146195615682253469077750770879493669279,1774364444,2026-03-24T15:00:44+00:00,0.15
21892918566477480200155854255443225580146195615682253469077750770879493669279,1774368036,2026-03-24T16:00:36+00:00,0.15
21892918566477480200155854255443225580146195615682253469077750770879493669279,1774371644,2026-03-24T17:00:44+00:00,0.15
21892918566477480200155854255443225580146195615682253469077750770879493669279,1774375249,2026-03-24T18:00:49+00:00,0.15
21892918566477480200155854255443225580146195615682253469077750770879493669279,1774378838,2026-03-24T19:00:38+00:00,0.15
21892918566477480200155854255443225580146195615682253469077750770879493669279,1774382440,2026-03-24T20:00:40+00:00,0.15
21892918566477480200155854255443225580146195615682253469077750770879493669279,1774389635,2026-03-24T22:00:35+00:00,0.15
21892918566477480200155854255443225580146195615682253469077750770879493669279,1774393239,2026-03-24T23:00:39+00:00,0.15
21892918566477480200155854255443225580146195615682253469077750770879493669279,1774396850,2026-03-25T00:00:50+00:00,0.15
21892918566477480200155854255443225580146195615682253469077750770879493669279,1774400437,2026-03-25T01:00:37+00:00,0.15
21892918566477480200155854255443225580146195615682253469077750770879493669279,1774404038,2026-03-25T02:00:38+00:00,0.15
21892918566477480200155854255443225580146195615682253469077750770879493669279,1774407642,2026-03-25T03:00:42+00:00,0.15
21892918566477480200155854255443225580146195615682253469077750770879493669279,1774411240,2026-03-25T04:00:40+00:00,0.15
21892918566477480200155854255443225580146195615682253469077750770879493669279,1774414840,2026-03-25T05:00:40+00:00,0.15
21892918566477480200155854255443225580146195615682253469077750770879493669279,1774418448,2026-03-25T06:00:48+00:00,0.15
21892918566477480200155854255443225580146195615682253469077750770879493669279,1774422038,2026-03-25T07:00:38+00:00,0.15
21892918566477480200155854255443225580146195615682253469077750770879493669279,1774425636,2026-03-25T08:00:36+00:00,0.15
21892918566477480200155854255443225580146195615682253469077750770879493669279,1774429246,2026-03-25T09:00:46+00:00,0.15
21892918566477480200155854255443225580146195615682253469077750770879493669279,1774432842,2026-03-25T10:00:42+00:00,0.15
21892918566477480200155854255443225580146195615682253469077750770879493669279,1774436444,2026-03-25T11:00:44+00:00,0.15
21892918566477480200155854255443225580146195615682253469077750770879493669279,1774440053,2026-03-25T12:00:53+00:00,0.15
21892918566477480200155854255443225580146195615682253469077750770879493669279,1774443642,2026-03-25T13:00:42+00:00,0.15
21892918566477480200155854255443225580146195615682253469077750770879493669279,1774447251,2026-03-25T14:00:51+00:00,0.15
21892918566477480200155854255443225580146195615682253469077750770879493669279,1774450849,2026-03-25T15:00:49+00:00,0.15
21892918566477480200155854255443225580146195615682253469077750770879493669279,1774454442,2026-03-25T16:00:42+00:00,0.15
21892918566477480200155854255443225580146195615682253469077750770879493669279,1774458039,2026-03-25T17:00:39+00:00,0.15
21892918566477480200155854255443225580146195615682253469077750770879493669279,1774461650,2026-03-25T18:00:50+00:00,0.15
21892918566477480200155854255443225580146195615682253469077750770879493669279,1774465242,2026-03-25T19:00:42+00:00,0.15
21892918566477480200155854255443225580146195615682253469077750770879493669279,1774468842,2026-03-25T20:00:42+00:00,0.15
21892918566477480200155854255443225580146195615682253469077750770879493669279,1774472445,2026-03-25T21:00:45+00:00,0.15
21892918566477480200155854255443225580146195615682253469077750770879493669279,1774476038,2026-03-25T22:00:38+00:00,0.15
21892918566477480200155854255443225580146195615682253469077750770879493669279,1774479640,2026-03-25T23:00:40+00:00,0.15
21892918566477480200155854255443225580146195615682253469077750770879493669279,1774483254,2026-03-26T00:00:54+00:00,0.15
21892918566477480200155854255443225580146195615682253469077750770879493669279,1774486843,2026-03-26T01:00:43+00:00,0.15
21892918566477480200155854255443225580146195615682253469077750770879493669279,1774490440,2026-03-26T02:00:40+00:00,0.15
21892918566477480200155854255443225580146195615682253469077750770879493669279,1774494049,2026-03-26T03:00:49+00:00,0.15
21892918566477480200155854255443225580146195615682253469077750770879493669279,1774497643,2026-03-26T04:00:43+00:00,0.135
21892918566477480200155854255443225580146195615682253469077750770879493669279,1774501239,2026-03-26T05:00:39+00:00,0.135
21892918566477480200155854255443225580146195615682253469077750770879493669279,1774504853,2026-03-26T06:00:53+00:00,0.115
21892918566477480200155854255443225580146195615682253469077750770879493669279,1774508453,2026-03-26T07:00:53+00:00,0.115
21892918566477480200155854255443225580146195615682253469077750770879493669279,1774512048,2026-03-26T08:00:48+00:00,0.115
21892918566477480200155854255443225580146195615682253469077750770879493669279,1774515644,2026-03-26T09:00:44+00:00,0.115
21892918566477480200155854255443225580146195615682253469077750770879493669279,1774519247,2026-03-26T10:00:47+00:00,0.115
21892918566477480200155854255443225580146195615682253469077750770879493669279,1774522836,2026-03-26T11:00:36+00:00,0.115
21892918566477480200155854255443225580146195615682253469077750770879493669279,1774530055,2026-03-26T13:00:55+00:00,0.115
21892918566477480200155854255443225580146195615682253469077750770879493669279,1774533643,2026-03-26T14:00:43+00:00,0.115
21892918566477480200155854255443225580146195615682253469077750770879493669279,1774537250,2026-03-26T15:00:50+00:00,0.115
21892918566477480200155854255443225580146195615682253469077750770879493669279,1774540849,2026-03-26T16:00:49+00:00,0.115
21892918566477480200155854255443225580146195615682253469077750770879493669279,1774548051,2026-03-26T18:00:51+00:00,0.115
21892918566477480200155854255443225580146195615682253469077750770879493669279,1774551636,2026-03-26T19:00:36+00:00,0.115
21892918566477480200155854255443225580146195615682253469077750770879493669279,1774555234,2026-03-26T20:00:34+00:00,0.115
21892918566477480200155854255443225580146195615682253469077750770879493669279,1774558838,2026-03-26T21:00:38+00:00,0.115
21892918566477480200155854255443225580146195615682253469077750770879493669279,1774562434,2026-03-26T22:00:34+00:00,0.115
21892918566477480200155854255443225580146195615682253469077750770879493669279,1774566031,2026-03-26T23:00:31+00:00,0.115
21892918566477480200155854255443225580146195615682253469077750770879493669279,1774569644,2026-03-27T00:00:44+00:00,0.115
21892918566477480200155854255443225580146195615682253469077750770879493669279,1774573236,2026-03-27T01:00:36+00:00,0.115
21892918566477480200155854255443225580146195615682253469077750770879493669279,1774576839,2026-03-27T02:00:39+00:00,0.12
21892918566477480200155854255443225580146195615682253469077750770879493669279,1774580442,2026-03-27T03:00:42+00:00,0.12
21892918566477480200155854255443225580146195615682253469077750770879493669279,1774584034,2026-03-27T04:00:34+00:00,0.12
21892918566477480200155854255443225580146195615682253469077750770879493669279,1774587636,2026-03-27T05:00:36+00:00,0.12
21892918566477480200155854255443225580146195615682253469077750770879493669279,1774591240,2026-03-27T06:00:40+00:00,0.12
21892918566477480200155854255443225580146195615682253469077750770879493669279,1774594835,2026-03-27T07:00:35+00:00,0.12
21892918566477480200155854255443225580146195615682253469077750770879493669279,1774598431,2026-03-27T08:00:31+00:00,0.125
21892918566477480200155854255443225580146195615682253469077750770879493669279,1774602038,2026-03-27T09:00:38+00:00,0.12
21892918566477480200155854255443225580146195615682253469077750770879493669279,1774605631,2026-03-27T10:00:31+00:00,0.12
21892918566477480200155854255443225580146195615682253469077750770879493669279,1774609235,2026-03-27T11:00:35+00:00,0.12
21892918566477480200155854255443225580146195615682253469077750770879493669279,1774612843,2026-03-27T12:00:43+00:00,0.12
21892918566477480200155854255443225580146195615682253469077750770879493669279,1774616440,2026-03-27T13:00:40+00:00,0.12
21892918566477480200155854255443225580146195615682253469077750770879493669279,1774620037,2026-03-27T14:00:37+00:00,0.12
21892918566477480200155854255443225580146195615682253469077750770879493669279,1774623639,2026-03-27T15:00:39+00:00,0.12
21892918566477480200155854255443225580146195615682253469077750770879493669279,1774627236,2026-03-27T16:00:36+00:00,0.12
21892918566477480200155854255443225580146195615682253469077750770879493669279,1774630847,2026-03-27T17:00:47+00:00,0.115
21892918566477480200155854255443225580146195615682253469077750770879493669279,1774634446,2026-03-27T18:00:46+00:00,0.12
21892918566477480200155854255443225580146195615682253469077750770879493669279,1774638038,2026-03-27T19:00:38+00:00,0.12
21892918566477480200155854255443225580146195615682253469077750770879493669279,1774641645,2026-03-27T20:00:45+00:00,0.12
21892918566477480200155854255443225580146195615682253469077750770879493669279,1774645245,2026-03-27T21:00:45+00:00,0.12
21892918566477480200155854255443225580146195615682253469077750770879493669279,1774648836,2026-03-27T22:00:36+00:00,0.115
21892918566477480200155854255443225580146195615682253469077750770879493669279,1774652451,2026-03-27T23:00:51+00:00,0.125
21892918566477480200155854255443225580146195615682253469077750770879493669279,1774656047,2026-03-28T00:00:47+00:00,0.12
21892918566477480200155854255443225580146195615682253469077750770879493669279,1774659638,2026-03-28T01:00:38+00:00,0.12
21892918566477480200155854255443225580146195615682253469077750770879493669279,1774663237,2026-03-28T02:00:37+00:00,0.115
21892918566477480200155854255443225580146195615682253469077750770879493669279,1774666842,2026-03-28T03:00:42+00:00,0.115
21892918566477480200155854255443225580146195615682253469077750770879493669279,1774670437,2026-03-28T04:00:37+00:00,0.115
21892918566477480200155854255443225580146195615682253469077750770879493669279,1774674034,2026-03-28T05:00:34+00:00,0.125
21892918566477480200155854255443225580146195615682253469077750770879493669279,1774677645,2026-03-28T06:00:45+00:00,0.125
21892918566477480200155854255443225580146195615682253469077750770879493669279,1774681236,2026-03-28T07:00:36+00:00,0.125
21892918566477480200155854255443225580146195615682253469077750770879493669279,1774684840,2026-03-28T08:00:40+00:00,0.125
21892918566477480200155854255443225580146195615682253469077750770879493669279,1774688445,2026-03-28T09:00:45+00:00,0.125
21892918566477480200155854255443225580146195615682253469077750770879493669279,1774692043,2026-03-28T10:00:43+00:00,0.125
21892918566477480200155854255443225580146195615682253469077750770879493669279,1774695648,2026-03-28T11:00:48+00:00,0.125
21892918566477480200155854255443225580146195615682253469077750770879493669279,1774699247,2026-03-28T12:00:47+00:00,0.125
21892918566477480200155854255443225580146195615682253469077750770879493669279,1774702848,2026-03-28T13:00:48+00:00,0.125
21892918566477480200155854255443225580146195615682253469077750770879493669279,1774706448,2026-03-28T14:00:48+00:00,0.125
21892918566477480200155854255443225580146195615682253469077750770879493669279,1774710052,2026-03-28T15:00:52+00:00,0.125
21892918566477480200155854255443225580146195615682253469077750770879493669279,1774713640,2026-03-28T16:00:40+00:00,0.125
21892918566477480200155854255443225580146195615682253469077750770879493669279,1774717254,2026-03-28T17:00:54+00:00,0.125
21892918566477480200155854255443225580146195615682253469077750770879493669279,1774720855,2026-03-28T18:00:55+00:00,0.125
21892918566477480200155854255443225580146195615682253469077750770879493669279,1774724441,2026-03-28T19:00:41+00:00,0.125
21892918566477480200155854255443225580146195615682253469077750770879493669279,1774728039,2026-03-28T20:00:39+00:00,0.125
21892918566477480200155854255443225580146195615682253469077750770879493669279,1774731647,2026-03-28T21:00:47+00:00,0.125
21892918566477480200155854255443225580146195615682253469077750770879493669279,1774735242,2026-03-28T22:00:42+00:00,0.125
21892918566477480200155854255443225580146195615682253469077750770879493669279,1774738843,2026-03-28T23:00:43+00:00,0.125
21892918566477480200155854255443225580146195615682253469077750770879493669279,1774742452,2026-03-29T00:00:52+00:00,0.125
21892918566477480200155854255443225580146195615682253469077750770879493669279,1774746049,2026-03-29T01:00:49+00:00,0.125
21892918566477480200155854255443225580146195615682253469077750770879493669279,1774749647,2026-03-29T02:00:47+00:00,0.125
21892918566477480200155854255443225580146195615682253469077750770879493669279,1774753246,2026-03-29T03:00:46+00:00,0.125
21892918566477480200155854255443225580146195615682253469077750770879493669279,1774756841,2026-03-29T04:00:41+00:00,0.125
21892918566477480200155854255443225580146195615682253469077750770879493669279,1774760447,2026-03-29T05:00:47+00:00,0.125
21892918566477480200155854255443225580146195615682253469077750770879493669279,1774764057,2026-03-29T06:00:57+00:00,0.125
21892918566477480200155854255443225580146195615682253469077750770879493669279,1774767645,2026-03-29T07:00:45+00:00,0.125
21892918566477480200155854255443225580146195615682253469077750770879493669279,1774771246,2026-03-29T08:00:46+00:00,0.125
21892918566477480200155854255443225580146195615682253469077750770879493669279,1774774853,2026-03-29T09:00:53+00:00,0.125
21892918566477480200155854255443225580146195615682253469077750770879493669279,1774778448,2026-03-29T10:00:48+00:00,0.125
21892918566477480200155854255443225580146195615682253469077750770879493669279,1774782046,2026-03-29T11:00:46+00:00,0.125
21892918566477480200155854255443225580146195615682253469077750770879493669279,1774789249,2026-03-29T13:00:49+00:00,0.125
21892918566477480200155854255443225580146195615682253469077750770879493669279,1774792847,2026-03-29T14:00:47+00:00,0.125
21892918566477480200155854255443225580146195615682253469077750770879493669279,1774796452,2026-03-29T15:00:52+00:00,0.125
21892918566477480200155854255443225580146195615682253469077750770879493669279,1774800045,2026-03-29T16:00:45+00:00,0.125
21892918566477480200155854255443225580146195615682253469077750770879493669279,1774803653,2026-03-29T17:00:53+00:00,0.125
21892918566477480200155854255443225580146195615682253469077750770879493669279,1774807258,2026-03-29T18:00:58+00:00,0.125
21892918566477480200155854255443225580146195615682253469077750770879493669279,1774810844,2026-03-29T19:00:44+00:00,0.125
21892918566477480200155854255443225580146195615682253469077750770879493669279,1774814445,2026-03-29T20:00:45+00:00,0.125
21892918566477480200155854255443225580146195615682253469077750770879493669279,1774818054,2026-03-29T21:00:54+00:00,0.125
21892918566477480200155854255443225580146195615682253469077750770879493669279,1774832446,2026-03-30T01:00:46+00:00,0.125
21892918566477480200155854255443225580146195615682253469077750770879493669279,1774836048,2026-03-30T02:00:48+00:00,0.125
21892918566477480200155854255443225580146195615682253469077750770879493669279,1774839657,2026-03-30T03:00:57+00:00,0.125
21892918566477480200155854255443225580146195615682253469077750770879493669279,1774843258,2026-03-30T04:00:58+00:00,0.125
21892918566477480200155854255443225580146195615682253469077750770879493669279,1774850453,2026-03-30T06:00:53+00:00,0.125
21892918566477480200155854255443225580146195615682253469077750770879493669279,1774857647,2026-03-30T08:00:47+00:00,0.125
21892918566477480200155854255443225580146195615682253469077750770879493669279,1774861255,2026-03-30T09:00:55+00:00,0.125
21892918566477480200155854255443225580146195615682253469077750770879493669279,1774864845,2026-03-30T10:00:45+00:00,0.125
21892918566477480200155854255443225580146195615682253469077750770879493669279,1774868447,2026-03-30T11:00:47+00:00,0.125
21892918566477480200155854255443225580146195615682253469077750770879493669279,1774882858,2026-03-30T15:00:58+00:00,0.125
21892918566477480200155854255443225580146195615682253469077750770879493669279,1774886450,2026-03-30T16:00:50+00:00,0.125
21892918566477480200155854255443225580146195615682253469077750770879493669279,1774897259,2026-03-30T19:00:59+00:00,0.125
21892918566477480200155854255443225580146195615682253469077750770879493669279,1774904455,2026-03-30T21:00:55+00:00,0.125
21892918566477480200155854255443225580146195615682253469077750770879493669279,1774908047,2026-03-30T22:00:47+00:00,0.125
21892918566477480200155854255443225580146195615682253469077750770879493669279,1774911649,2026-03-30T23:00:49+00:00,0.125
21892918566477480200155854255443225580146195615682253469077750770879493669279,1774918851,2026-03-31T01:00:51+00:00,0.125
21892918566477480200155854255443225580146195615682253469077750770879493669279,1774929646,2026-03-31T04:00:46+00:00,0.125
21892918566477480200155854255443225580146195615682253469077750770879493669279,1774933248,2026-03-31T05:00:48+00:00,0.125
21892918566477480200155854255443225580146195615682253469077750770879493669279,1774936859,2026-03-31T06:00:59+00:00,0.125
21892918566477480200155854255443225580146195615682253469077750770879493669279,1774940458,2026-03-31T07:00:58+00:00,0.125
21892918566477480200155854255443225580146195615682253469077750770879493669279,1774944048,2026-03-31T08:00:48+00:00,0.125
21892918566477480200155854255443225580146195615682253469077750770879493669279,1774951251,2026-03-31T10:00:51+00:00,0.125
21892918566477480200155854255443225580146195615682253469077750770879493669279,1774954856,2026-03-31T11:00:56+00:00,0.125
21892918566477480200155854255443225580146195615682253469077750770879493669279,1774962053,2026-03-31T13:00:53+00:00,0.125
21892918566477480200155854255443225580146195615682253469077750770879493669279,1774965658,2026-03-31T14:00:58+00:00,0.125
21892918566477480200155854255443225580146195615682253469077750770879493669279,1774969237,2026-03-31T15:00:37+00:00,0.125
21892918566477480200155854255443225580146195615682253469077750770879493669279,1774972859,2026-03-31T16:00:59+00:00,0.125
21892918566477480200155854255443225580146195615682253469077750770879493669279,1774976419,2026-03-31T17:00:19+00:00,0.125
21892918566477480200155854255443225580146195615682253469077750770879493669279,1774980051,2026-03-31T18:00:51+00:00,0.115
21892918566477480200155854255443225580146195615682253469077750770879493669279,1774990859,2026-03-31T21:00:59+00:00,0.12
21892918566477480200155854255443225580146195615682253469077750770879493669279,1774994458,2026-03-31T22:00:58+00:00,0.115
21892918566477480200155854255443225580146195615682253469077750770879493669279,1774998053,2026-03-31T23:00:53+00:00,0.115
21892918566477480200155854255443225580146195615682253469077750770879493669279,1775005244,2026-04-01T01:00:44+00:00,0.115
21892918566477480200155854255443225580146195615682253469077750770879493669279,1775008847,2026-04-01T02:00:47+00:00,0.115
21892918566477480200155854255443225580146195615682253469077750770879493669279,1775012452,2026-04-01T03:00:52+00:00,0.115
21892918566477480200155854255443225580146195615682253469077750770879493669279,1775019644,2026-04-01T05:00:44+00:00,0.115
21892918566477480200155854255443225580146195615682253469077750770879493669279,1775023247,2026-04-01T06:00:47+00:00,0.115
21892918566477480200155854255443225580146195615682253469077750770879493669279,1775026848,2026-04-01T07:00:48+00:00,0.115
21892918566477480200155854255443225580146195615682253469077750770879493669279,1775030451,2026-04-01T08:00:51+00:00,0.115
21892918566477480200155854255443225580146195615682253469077750770879493669279,1775034051,2026-04-01T09:00:51+00:00,0.115
21892918566477480200155854255443225580146195615682253469077750770879493669279,1775037643,2026-04-01T10:00:43+00:00,0.115
21892918566477480200155854255443225580146195615682253469077750770879493669279,1775041243,2026-04-01T11:00:43+00:00,0.115
21892918566477480200155854255443225580146195615682253469077750770879493669279,1775048444,2026-04-01T13:00:44+00:00,0.115
21892918566477480200155854255443225580146195615682253469077750770879493669279,1775052049,2026-04-01T14:00:49+00:00,0.115
21892918566477480200155854255443225580146195615682253469077750770879493669279,1775055652,2026-04-01T15:00:52+00:00,0.12
21892918566477480200155854255443225580146195615682253469077750770879493669279,1775059253,2026-04-01T16:00:53+00:00,0.12
21892918566477480200155854255443225580146195615682253469077750770879493669279,1775066451,2026-04-01T18:00:51+00:00,0.12
21892918566477480200155854255443225580146195615682253469077750770879493669279,1775070058,2026-04-01T19:00:58+00:00,0.12
21892918566477480200155854255443225580146195615682253469077750770879493669279,1775073658,2026-04-01T20:00:58+00:00,0.12
21892918566477480200155854255443225580146195615682253469077750770879493669279,1775077208,2026-04-01T21:00:08+00:00,0.12
21892918566477480200155854255443225580146195615682253469077750770879493669279,1775080847,2026-04-01T22:00:47+00:00,0.12
21892918566477480200155854255443225580146195615682253469077750770879493669279,1775084458,2026-04-01T23:00:58+00:00,0.12
21892918566477480200155854255443225580146195615682253469077750770879493669279,1775091657,2026-04-02T01:00:57+00:00,0.12
21892918566477480200155854255443225580146195615682253469077750770879493669279,1775095247,2026-04-02T02:00:47+00:00,0.12
21892918566477480200155854255443225580146195615682253469077750770879493669279,1775102449,2026-04-02T04:00:49+00:00,0.115
21892918566477480200155854255443225580146195615682253469077750770879493669279,1775106048,2026-04-02T05:00:48+00:00,0.115
21892918566477480200155854255443225580146195615682253469077750770879493669279,1775113245,2026-04-02T07:00:45+00:00,0.115
21892918566477480200155854255443225580146195615682253469077750770879493669279,1775116845,2026-04-02T08:00:45+00:00,0.115
21892918566477480200155854255443225580146195615682253469077750770879493669279,1775120447,2026-04-02T09:00:47+00:00,0.115
21892918566477480200155854255443225580146195615682253469077750770879493669279,1775124045,2026-04-02T10:00:45+00:00,0.115
21892918566477480200155854255443225580146195615682253469077750770879493669279,1775127649,2026-04-02T11:00:49+00:00,0.115
21892918566477480200155854255443225580146195615682253469077750770879493669279,1775131257,2026-04-02T12:00:57+00:00,0.115
21892918566477480200155854255443225580146195615682253469077750770879493669279,1775149216,2026-04-02T17:00:16+00:00,0.115
21892918566477480200155854255443225580146195615682253469077750770879493669279,1775152849,2026-04-02T18:00:49+00:00,0.115
21892918566477480200155854255443225580146195615682253469077750770879493669279,1775156445,2026-04-02T19:00:45+00:00,0.115
21892918566477480200155854255443225580146195615682253469077750770879493669279,1775160048,2026-04-02T20:00:48+00:00,0.115
21892918566477480200155854255443225580146195615682253469077750770879493669279,1775167250,2026-04-02T22:00:50+00:00,0.115
21892918566477480200155854255443225580146195615682253469077750770879493669279,1775170846,2026-04-02T23:00:46+00:00,0.115
21892918566477480200155854255443225580146195615682253469077750770879493669279,1775178046,2026-04-03T01:00:46+00:00,0.115
21892918566477480200155854255443225580146195615682253469077750770879493669279,1775181650,2026-04-03T02:00:50+00:00,0.115
21892918566477480200155854255443225580146195615682253469077750770879493669279,1775188847,2026-04-03T04:00:47+00:00,0.115
21892918566477480200155854255443225580146195615682253469077750770879493669279,1775192459,2026-04-03T05:00:59+00:00,0.115
21892918566477480200155854255443225580146195615682253469077750770879493669279,1775199647,2026-04-03T07:00:47+00:00,0.115
21892918566477480200155854255443225580146195615682253469077750770879493669279,1775203248,2026-04-03T08:00:48+00:00,0.115
21892918566477480200155854255443225580146195615682253469077750770879493669279,1775206853,2026-04-03T09:00:53+00:00,0.115
21892918566477480200155854255443225580146195615682253469077750770879493669279,1775210448,2026-04-03T10:00:48+00:00,0.115
21892918566477480200155854255443225580146195615682253469077750770879493669279,1775214047,2026-04-03T11:00:47+00:00,0.115
21892918566477480200155854255443225580146195615682253469077750770879493669279,1775221259,2026-04-03T13:00:59+00:00,0.115
21892918566477480200155854255443225580146195615682253469077750770879493669279,1775224854,2026-04-03T14:00:54+00:00,0.115
21892918566477480200155854255443225580146195615682253469077750770879493669279,1775232048,2026-04-03T16:00:48+00:00,0.115
21892918566477480200155854255443225580146195615682253469077750770879493669279,1775239207,2026-04-03T18:00:07+00:00,0.115
21892918566477480200155854255443225580146195615682253469077750770879493669279,1775242808,2026-04-03T19:00:08+00:00,0.115
21892918566477480200155854255443225580146195615682253469077750770879493669279,1775246458,2026-04-03T20:00:58+00:00,0.115
21892918566477480200155854255443225580146195615682253469077750770879493669279,1775253655,2026-04-03T22:00:55+00:00,0.115
21892918566477480200155854255443225580146195615682253469077750770879493669279,1775268051,2026-04-04T02:00:51+00:00,0.115
21892918566477480200155854255443225580146195615682253469077750770879493669279,1775271655,2026-04-04T03:00:55+00:00,0.115
21892918566477480200155854255443225580146195615682253469077750770879493669279,1775286050,2026-04-04T07:00:50+00:00,0.115
21892918566477480200155854255443225580146195615682253469077750770879493669279,1775289652,2026-04-04T08:00:52+00:00,0.115
21892918566477480200155854255443225580146195615682253469077750770879493669279,1775350857,2026-04-05T01:00:57+00:00,0.105
21892918566477480200155854255443225580146195615682253469077750770879493669279,1775361652,2026-04-05T04:00:52+00:00,0.105
21892918566477480200155854255443225580146195615682253469077750770879493669279,1775365256,2026-04-05T05:00:56+00:00,0.105
21892918566477480200155854255443225580146195615682253469077750770879493669279,1775383250,2026-04-05T10:00:50+00:00,0.105
21892918566477480200155854255443225580146195615682253469077750770879493669279,1775386855,2026-04-05T11:00:55+00:00,0.105
21892918566477480200155854255443225580146195615682253469077750770879493669279,1775415658,2026-04-05T19:00:58+00:00,0.105
21892918566477480200155854255443225580146195615682253469077750770879493669279,1775430058,2026-04-05T23:00:58+00:00,0.105
21892918566477480200155854255443225580146195615682253469077750770879493669279,1775437256,2026-04-06T01:00:56+00:00,0.105
21892918566477480200155854255443225580146195615682253469077750770879493669279,1775440859,2026-04-06T02:00:59+00:00,0.105
21892918566477480200155854255443225580146195615682253469077750770879493669279,1775448051,2026-04-06T04:00:51+00:00,0.105
21892918566477480200155854255443225580146195615682253469077750770879493669279,1775451654,2026-04-06T05:00:54+00:00,0.105
21892918566477480200155854255443225580146195615682253469077750770879493669279,1775458852,2026-04-06T07:00:52+00:00,0.105
21892918566477480200155854255443225580146195615682253469077750770879493669279,1775462451,2026-04-06T08:00:51+00:00,0.105
21892918566477480200155854255443225580146195615682253469077750770879493669279,1775469649,2026-04-06T10:00:49+00:00,0.105
21892918566477480200155854255443225580146195615682253469077750770879493669279,1775473251,2026-04-06T11:00:51+00:00,0.105
21892918566477480200155854255443225580146195615682253469077750770879493669279,1775480451,2026-04-06T13:00:51+00:00,0.105
21892918566477480200155854255443225580146195615682253469077750770879493669279,1775484052,2026-04-06T14:00:52+00:00,0.105
21892918566477480200155854255443225580146195615682253469077750770879493669279,1775498428,2026-04-06T18:00:28+00:00,0.105
21892918566477480200155854255443225580146195615682253469077750770879493669279,1775505653,2026-04-06T20:00:53+00:00,0.105
21892918566477480200155854255443225580146195615682253469077750770879493669279,1775509259,2026-04-06T21:00:59+00:00,0.105
21892918566477480200155854255443225580146195615682253469077750770879493669279,1775512854,2026-04-06T22:00:54+00:00,0.105
21892918566477480200155854255443225580146195615682253469077750770879493669279,1775516457,2026-04-06T23:00:57+00:00,0.105
21892918566477480200155854255443225580146195615682253469077750770879493669279,1775523656,2026-04-07T01:00:56+00:00,0.105
21892918566477480200155854255443225580146195615682253469077750770879493669279,1775527252,2026-04-07T02:00:52+00:00,0.105
21892918566477480200155854255443225580146195615682253469077750770879493669279,1775530856,2026-04-07T03:00:56+00:00,0.105
21892918566477480200155854255443225580146195615682253469077750770879493669279,1775534450,2026-04-07T04:00:50+00:00,0.105
21892918566477480200155854255443225580146195615682253469077750770879493669279,1775545254,2026-04-07T07:00:54+00:00,0.145
21892918566477480200155854255443225580146195615682253469077750770879493669279,1775559654,2026-04-07T11:00:54+00:00,0.16
21892918566477480200155854255443225580146195615682253469077750770879493669279,1775566857,2026-04-07T13:00:57+00:00,0.16
21892918566477480200155854255443225580146195615682253469077750770879493669279,1775570434,2026-04-07T14:00:34+00:00,0.16
21892918566477480200155854255443225580146195615682253469077750770879493669279,1775581221,2026-04-07T17:00:21+00:00,0.16
21892918566477480200155854255443225580146195615682253469077750770879493669279,1775584837,2026-04-07T18:00:37+00:00,0.16
21892918566477480200155854255443225580146195615682253469077750770879493669279,1775588446,2026-04-07T19:00:46+00:00,0.16
21892918566477480200155854255443225580146195615682253469077750770879493669279,1775613628,2026-04-08T02:00:28+00:00,0.16
21892918566477480200155854255443225580146195615682253469077750770879493669279,1775635250,2026-04-08T08:00:50+00:00,0.16
21892918566477480200155854255443225580146195615682253469077750770879493669279,1775646058,2026-04-08T11:00:58+00:00,0.16
21892918566477480200155854255443225580146195615682253469077750770879493669279,1775649631,2026-04-08T12:00:31+00:00,0.16
21892918566477480200155854255443225580146195615682253469077750770879493669279,1775653236,2026-04-08T13:00:36+00:00,0.16
21892918566477480200155854255443225580146195615682253469077750770879493669279,1775660416,2026-04-08T15:00:16+00:00,0.16
21892918566477480200155854255443225580146195615682253469077750770879493669279,1775674859,2026-04-08T19:00:59+00:00,0.16
21892918566477480200155854255443225580146195615682253469077750770879493669279,1775678456,2026-04-08T20:00:56+00:00,0.16
21892918566477480200155854255443225580146195615682253469077750770879493669279,1775689230,2026-04-08T23:00:30+00:00,0.16
21892918566477480200155854255443225580146195615682253469077750770879493669279,1775692827,2026-04-09T00:00:27+00:00,0.16
21892918566477480200155854255443225580146195615682253469077750770879493669279,1775696448,2026-04-09T01:00:48+00:00,0.16
21892918566477480200155854255443225580146195615682253469077750770879493669279,1775700050,2026-04-09T02:00:50+00:00,0.16
21892918566477480200155854255443225580146195615682253469077750770879493669279,1775703657,2026-04-09T03:00:57+00:00,0.16
21892918566477480200155854255443225580146195615682253469077750770879493669279,1775707248,2026-04-09T04:00:48+00:00,0.16
21892918566477480200155854255443225580146195615682253469077750770879493669279,1775710848,2026-04-09T05:00:48+00:00,0.16
21892918566477480200155854255443225580146195615682253469077750770879493669279,1775714457,2026-04-09T06:00:57+00:00,0.16
21892918566477480200155854255443225580146195615682253469077750770879493669279,1775718046,2026-04-09T07:00:46+00:00,0.16
21892918566477480200155854255443225580146195615682253469077750770879493669279,1775721646,2026-04-09T08:00:46+00:00,0.16
21892918566477480200155854255443225580146195615682253469077750770879493669279,1775725258,2026-04-09T09:00:58+00:00,0.16
21892918566477480200155854255443225580146195615682253469077750770879493669279,1775728848,2026-04-09T10:00:48+00:00,0.16
21892918566477480200155854255443225580146195615682253469077750770879493669279,1775732448,2026-04-09T11:00:48+00:00,0.16
21892918566477480200155854255443225580146195615682253469077750770879493669279,1775739653,2026-04-09T13:00:53+00:00,0.16
21892918566477480200155854255443225580146195615682253469077750770879493669279,1775743258,2026-04-09T14:00:58+00:00,0.16
21892918566477480200155854255443225580146195615682253469077750770879493669279,1775750454,2026-04-09T16:00:54+00:00,0.16
21892918566477480200155854255443225580146195615682253469077750770879493669279,1775764857,2026-04-09T20:00:57+00:00,0.16
21892918566477480200155854255443225580146195615682253469077750770879493669279,1775772058,2026-04-09T22:00:58+00:00,0.16
21892918566477480200155854255443225580146195615682253469077750770879493669279,1775775658,2026-04-09T23:00:58+00:00,0.16
21892918566477480200155854255443225580146195615682253469077750770879493669279,1775782856,2026-04-10T01:00:56+00:00,0.16
21892918566477480200155854255443225580146195615682253469077750770879493669279,1775786453,2026-04-10T02:00:53+00:00,0.16
21892918566477480200155854255443225580146195615682253469077750770879493669279,1775793658,2026-04-10T04:00:58+00:00,0.16
21892918566477480200155854255443225580146195615682253469077750770879493669279,1775797258,2026-04-10T05:00:58+00:00,0.16
21892918566477480200155854255443225580146195615682253469077750770879493669279,1775800821,2026-04-10T06:00:21+00:00,0.16
21892918566477480200155854255443225580146195615682253469077750770879493669279,1775804452,2026-04-10T07:00:52+00:00,0.16
21892918566477480200155854255443225580146195615682253469077750770879493669279,1775818851,2026-04-10T11:00:51+00:00,0.165
21892918566477480200155854255443225580146195615682253469077750770879493669279,1775826000,2026-04-10T13:00:00+00:00,0.16
21892918566477480200155854255443225580146195615682253469077750770879493669279,1775833202,2026-04-10T15:00:02+00:00,0.16
21892918566477480200155854255443225580146195615682253469077750770879493669279,1775840416,2026-04-10T17:00:16+00:00,0.16
21892918566477480200155854255443225580146195615682253469077750770879493669279,1775869255,2026-04-11T01:00:55+00:00,0.23
21892918566477480200155854255443225580146195615682253469077750770879493669279,1775890852,2026-04-11T07:00:52+00:00,0.225
21892918566477480200155854255443225580146195615682253469077750770879493669279,1775894450,2026-04-11T08:00:50+00:00,0.225
21892918566477480200155854255443225580146195615682253469077750770879493669279,1775901618,2026-04-11T10:00:18+00:00,0.23
21892918566477480200155854255443225580146195615682253469077750770879493669279,1775905253,2026-04-11T11:00:53+00:00,0.185
21892918566477480200155854255443225580146195615682253469077750770879493669279,1775912459,2026-04-11T13:00:59+00:00,0.18
21892918566477480200155854255443225580146195615682253469077750770879493669279,1775923257,2026-04-11T16:00:57+00:00,0.18
21892918566477480200155854255443225580146195615682253469077750770879493669279,1775955652,2026-04-12T01:00:52+00:00,0.225
21892918566477480200155854255443225580146195615682253469077750770879493669279,1775959257,2026-04-12T02:00:57+00:00,0.23
21892918566477480200155854255443225580146195615682253469077750770879493669279,1775962858,2026-04-12T03:00:58+00:00,0.235
21892918566477480200155854255443225580146195615682253469077750770879493669279,1775966456,2026-04-12T04:00:56+00:00,0.235
21892918566477480200155854255443225580146195615682253469077750770879493669279,1775970058,2026-04-12T05:00:58+00:00,0.235
21892918566477480200155854255443225580146195615682253469077750770879493669279,1775977252,2026-04-12T07:00:52+00:00,0.235
21892918566477480200155854255443225580146195615682253469077750770879493669279,1775980857,2026-04-12T08:00:57+00:00,0.235
21892918566477480200155854255443225580146195615682253469077750770879493669279,1775988059,2026-04-12T10:00:59+00:00,0.235
21892918566477480200155854255443225580146195615682253469077750770879493669279,1775991652,2026-04-12T11:00:52+00:00,0.235
21892918566477480200155854255443225580146195615682253469077750770879493669279,1776042052,2026-04-13T01:00:52+00:00,0.235
21892918566477480200155854255443225580146195615682253469077750770879493669279,1776049256,2026-04-13T03:00:56+00:00,0.205
21892918566477480200155854255443225580146195615682253469077750770879493669279,1776052845,2026-04-13T04:00:45+00:00,0.225
21892918566477480200155854255443225580146195615682253469077750770879493669279,1776056459,2026-04-13T05:00:59+00:00,0.205
21892918566477480200155854255443225580146195615682253469077750770879493669279,1776063654,2026-04-13T07:00:54+00:00,0.21
21892918566477480200155854255443225580146195615682253469077750770879493669279,1776067253,2026-04-13T08:00:53+00:00,0.215
21892918566477480200155854255443225580146195615682253469077750770879493669279,1776074459,2026-04-13T10:00:59+00:00,0.21
21892918566477480200155854255443225580146195615682253469077750770879493669279,1776078059,2026-04-13T11:00:59+00:00,0.2
21892918566477480200155854255443225580146195615682253469077750770879493669279,1776085259,2026-04-13T13:00:59+00:00,0.205
21892918566477480200155854255443225580146195615682253469077750770879493669279,1776128451,2026-04-14T01:00:51+00:00,0.22
21892918566477480200155854255443225580146195615682253469077750770879493669279,1776153651,2026-04-14T08:00:51+00:00,0.175
21892918566477480200155854255443225580146195615682253469077750770879493669279,1776160849,2026-04-14T10:00:49+00:00,0.175
21892918566477480200155854255443225580146195615682253469077750770879493669279,1776214850,2026-04-15T01:00:50+00:00,0.175
21892918566477480200155854255443225580146195615682253469077750770879493669279,1776225655,2026-04-15T04:00:55+00:00,0.23
21892918566477480200155854255443225580146195615682253469077750770879493669279,1776250856,2026-04-15T11:00:56+00:00,0.21
21892918566477480200155854255443225580146195615682253469077750770879493669279,1776261656,2026-04-15T14:00:56+00:00,0.21
21892918566477480200155854255443225580146195615682253469077750770879493669279,1776286827,2026-04-15T21:00:27+00:00,0.175
21892918566477480200155854255443225580146195615682253469077750770879493669279,1776290456,2026-04-15T22:00:56+00:00,0.175
21892918566477480200155854255443225580146195615682253469077750770879493669279,1776294057,2026-04-15T23:00:57+00:00,0.175
21892918566477480200155854255443225580146195615682253469077750770879493669279,1776301250,2026-04-16T01:00:50+00:00,0.175
21892918566477480200155854255443225580146195615682253469077750770879493669279,1776312058,2026-04-16T04:00:58+00:00,0.175
21892918566477480200155854255443225580146195615682253469077750770879493669279,1776315657,2026-04-16T05:00:57+00:00,0.175
21892918566477480200155854255443225580146195615682253469077750770879493669279,1776322857,2026-04-16T07:00:57+00:00,0.175
21892918566477480200155854255443225580146195615682253469077750770879493669279,1776337251,2026-04-16T11:00:51+00:00,0.175
21892918566477480200155854255443225580146195615682253469077750770879493669279,1776355257,2026-04-16T16:00:57+00:00,0.175
21892918566477480200155854255443225580146195615682253469077750770879493669279,1776358856,2026-04-16T17:00:56+00:00,0.175
21892918566477480200155854255443225580146195615682253469077750770879493669279,1776362403,2026-04-16T18:00:03+00:00,0.175
21892918566477480200155854255443225580146195615682253469077750770879493669279,1776366059,2026-04-16T19:00:59+00:00,0.19
21892918566477480200155854255443225580146195615682253469077750770879493669279,1776369647,2026-04-16T20:00:47+00:00,0.185
21892918566477480200155854255443225580146195615682253469077750770879493669279,1776373242,2026-04-16T21:00:42+00:00,0.19
21892918566477480200155854255443225580146195615682253469077750770879493669279,1776376855,2026-04-16T22:00:55+00:00,0.185
21892918566477480200155854255443225580146195615682253469077750770879493669279,1776380454,2026-04-16T23:00:54+00:00,0.19
21892918566477480200155854255443225580146195615682253469077750770879493669279,1776387646,2026-04-17T01:00:46+00:00,0.175
21892918566477480200155854255443225580146195615682253469077750770879493669279,1776391250,2026-04-17T02:00:50+00:00,0.185
21892918566477480200155854255443225580146195615682253469077750770879493669279,1776394853,2026-04-17T03:00:53+00:00,0.19
21892918566477480200155854255443225580146195615682253469077750770879493669279,1776398442,2026-04-17T04:00:42+00:00,0.185
21892918566477480200155854255443225580146195615682253469077750770879493669279,1776402044,2026-04-17T05:00:44+00:00,0.185
21892918566477480200155854255443225580146195615682253469077750770879493669279,1776405656,2026-04-17T06:00:56+00:00,0.175
21892918566477480200155854255443225580146195615682253469077750770879493669279,1776409246,2026-04-17T07:00:46+00:00,0.175
21892918566477480200155854255443225580146195615682253469077750770879493669279,1776412859,2026-04-17T08:00:59+00:00,0.175
21892918566477480200155854255443225580146195615682253469077750770879493669279,1776420050,2026-04-17T10:00:50+00:00,0.18
21892918566477480200155854255443225580146195615682253469077750770879493669279,1776423645,2026-04-17T11:00:45+00:00,0.18
21892918566477480200155854255443225580146195615682253469077750770879493669279,1776430850,2026-04-17T13:00:50+00:00,0.185
21892918566477480200155854255443225580146195615682253469077750770879493669279,1776438012,2026-04-17T15:00:12+00:00,0.18
21892918566477480200155854255443225580146195615682253469077750770879493669279,1776441654,2026-04-17T16:00:54+00:00,0.18
21892918566477480200155854255443225580146195615682253469077750770879493669279,1776445204,2026-04-17T17:00:04+00:00,0.19
21892918566477480200155854255443225580146195615682253469077750770879493669279,1776448821,2026-04-17T18:00:21+00:00,0.18
21892918566477480200155854255443225580146195615682253469077750770879493669279,1776452459,2026-04-17T19:00:59+00:00,0.185
21892918566477480200155854255443225580146195615682253469077750770879493669279,1776456003,2026-04-17T20:00:03+00:00,0.175
21892918566477480200155854255443225580146195615682253469077750770879493669279,1776463255,2026-04-17T22:00:55+00:00,0.19
21892918566477480200155854255443225580146195615682253469077750770879493669279,1776466849,2026-04-17T23:00:49+00:00,0.185
21892918566477480200155854255443225580146195615682253469077750770879493669279,1776474056,2026-04-18T01:00:56+00:00,0.185
21892918566477480200155854255443225580146195615682253469077750770879493669279,1776484851,2026-04-18T04:00:51+00:00,0.175
21892918566477480200155854255443225580146195615682253469077750770879493669279,1776488455,2026-04-18T05:00:55+00:00,0.175
21892918566477480200155854255443225580146195615682253469077750770879493669279,1776492056,2026-04-18T06:00:56+00:00,0.175
21892918566477480200155854255443225580146195615682253469077750770879493669279,1776495645,2026-04-18T07:00:45+00:00,0.175
21892918566477480200155854255443225580146195615682253469077750770879493669279,1776499247,2026-04-18T08:00:47+00:00,0.175
21892918566477480200155854255443225580146195615682253469077750770879493669279,1776502844,2026-04-18T09:00:44+00:00,0.175
21892918566477480200155854255443225580146195615682253469077750770879493669279,1776506446,2026-04-18T10:00:46+00:00,0.175
21892918566477480200155854255443225580146195615682253469077750770879493669279,1776517256,2026-04-18T13:00:56+00:00,0.175
21892918566477480200155854255443225580146195615682253469077750770879493669279,1776520854,2026-04-18T14:00:54+00:00,0.175
21892918566477480200155854255443225580146195615682253469077750770879493669279,1776528055,2026-04-18T16:00:55+00:00,0.175
21892918566477480200155854255443225580146195615682253469077750770879493669279,1776531647,2026-04-18T17:00:47+00:00,0.175
21892918566477480200155854255443225580146195615682253469077750770879493669279,1776538853,2026-04-18T19:00:53+00:00,0.175
21892918566477480200155854255443225580146195615682253469077750770879493669279,1776546058,2026-04-18T21:00:58+00:00,0.175
21892918566477480200155854255443225580146195615682253469077750770879493669279,1776549651,2026-04-18T22:00:51+00:00,0.175
21892918566477480200155854255443225580146195615682253469077750770879493669279,1776553251,2026-04-18T23:00:51+00:00,0.175
21892918566477480200155854255443225580146195615682253469077750770879493669279,1776560448,2026-04-19T01:00:48+00:00,0.175
21892918566477480200155854255443225580146195615682253469077750770879493669279,1776564049,2026-04-19T02:00:49+00:00,0.175
21892918566477480200155854255443225580146195615682253469077750770879493669279,1776567653,2026-04-19T03:00:53+00:00,0.175
21892918566477480200155854255443225580146195615682253469077750770879493669279,1776571255,2026-04-19T04:00:55+00:00,0.175
21892918566477480200155854255443225580146195615682253469077750770879493669279,1776574844,2026-04-19T05:00:44+00:00,0.175
21892918566477480200155854255443225580146195615682253469077750770879493669279,1776578456,2026-04-19T06:00:56+00:00,0.175
21892918566477480200155854255443225580146195615682253469077750770879493669279,1776582040,2026-04-19T07:00:40+00:00,0.175
21892918566477480200155854255443225580146195615682253469077750770879493669279,1776592852,2026-04-19T10:00:52+00:00,0.175
21892918566477480200155854255443225580146195615682253469077750770879493669279,1776596454,2026-04-19T11:00:54+00:00,0.175
21892918566477480200155854255443225580146195615682253469077750770879493669279,1776603653,2026-04-19T13:00:53+00:00,0.175
21892918566477480200155854255443225580146195615682253469077750770879493669279,1776607257,2026-04-19T14:00:57+00:00,0.175
21892918566477480200155854255443225580146195615682253469077750770879493669279,1776614403,2026-04-19T16:00:03+00:00,0.175
21892918566477480200155854255443225580146195615682253469077750770879493669279,1776618057,2026-04-19T17:00:57+00:00,0.175
21892918566477480200155854255443225580146195615682253469077750770879493669279,1776625258,2026-04-19T19:00:58+00:00,0.175
21892918566477480200155854255443225580146195615682253469077750770879493669279,1776632459,2026-04-19T21:00:59+00:00,0.175
21892918566477480200155854255443225580146195615682253469077750770879493669279,1776636056,2026-04-19T22:00:56+00:00,0.255
21892918566477480200155854255443225580146195615682253469077750770879493669279,1776639650,2026-04-19T23:00:50+00:00,0.265
21892918566477480200155854255443225580146195615682253469077750770879493669279,1776646847,2026-04-20T01:00:47+00:00,0.425
21892918566477480200155854255443225580146195615682253469077750770879493669279,1776650450,2026-04-20T02:00:50+00:00,0.425
21892918566477480200155854255443225580146195615682253469077750770879493669279,1776654057,2026-04-20T03:00:57+00:00,0.425
21892918566477480200155854255443225580146195615682253469077750770879493669279,1776657646,2026-04-20T04:00:46+00:00,0.395
21892918566477480200155854255443225580146195615682253469077750770879493669279,1776659743,2026-04-20T04:35:43+00:00,0.4
59261866601270864198456845856841875150453626184437295894384368539724334278520,1773982830,2026-03-20T05:00:30+00:00,0.015
59261866601270864198456845856841875150453626184437295894384368539724334278520,1773986441,2026-03-20T06:00:41+00:00,0.015
59261866601270864198456845856841875150453626184437295894384368539724334278520,1773990030,2026-03-20T07:00:30+00:00,0.0145
59261866601270864198456845856841875150453626184437295894384368539724334278520,1773993630,2026-03-20T08:00:30+00:00,0.0145
59261866601270864198456845856841875150453626184437295894384368539724334278520,1773997230,2026-03-20T09:00:30+00:00,0.015
59261866601270864198456845856841875150453626184437295894384368539724334278520,1774000839,2026-03-20T10:00:39+00:00,0.015
59261866601270864198456845856841875150453626184437295894384368539724334278520,1774004426,2026-03-20T11:00:26+00:00,0.015
59261866601270864198456845856841875150453626184437295894384368539724334278520,1774008031,2026-03-20T12:00:31+00:00,0.015
59261866601270864198456845856841875150453626184437295894384368539724334278520,1774011625,2026-03-20T13:00:25+00:00,0.015
59261866601270864198456845856841875150453626184437295894384368539724334278520,1774015233,2026-03-20T14:00:33+00:00,0.015
59261866601270864198456845856841875150453626184437295894384368539724334278520,1774018833,2026-03-20T15:00:33+00:00,0.0145
59261866601270864198456845856841875150453626184437295894384368539724334278520,1774022428,2026-03-20T16:00:28+00:00,0.015
59261866601270864198456845856841875150453626184437295894384368539724334278520,1774026028,2026-03-20T17:00:28+00:00,0.015
59261866601270864198456845856841875150453626184437295894384368539724334278520,1774029636,2026-03-20T18:00:36+00:00,0.015
59261866601270864198456845856841875150453626184437295894384368539724334278520,1774033230,2026-03-20T19:00:30+00:00,0.015
59261866601270864198456845856841875150453626184437295894384368539724334278520,1774036830,2026-03-20T20:00:30+00:00,0.015
59261866601270864198456845856841875150453626184437295894384368539724334278520,1774040437,2026-03-20T21:00:37+00:00,0.015
59261866601270864198456845856841875150453626184437295894384368539724334278520,1774044036,2026-03-20T22:00:36+00:00,0.015
59261866601270864198456845856841875150453626184437295894384368539724334278520,1774047630,2026-03-20T23:00:30+00:00,0.015
59261866601270864198456845856841875150453626184437295894384368539724334278520,1774051234,2026-03-21T00:00:34+00:00,0.0155
59261866601270864198456845856841875150453626184437295894384368539724334278520,1774054833,2026-03-21T01:00:33+00:00,0.015
59261866601270864198456845856841875150453626184437295894384368539724334278520,1774058444,2026-03-21T02:00:44+00:00,0.015
59261866601270864198456845856841875150453626184437295894384368539724334278520,1774062027,2026-03-21T03:00:27+00:00,0.015
59261866601270864198456845856841875150453626184437295894384368539724334278520,1774065630,2026-03-21T04:00:30+00:00,0.0145
59261866601270864198456845856841875150453626184437295894384368539724334278520,1774069229,2026-03-21T05:00:29+00:00,0.0145
59261866601270864198456845856841875150453626184437295894384368539724334278520,1774072830,2026-03-21T06:00:30+00:00,0.0145
59261866601270864198456845856841875150453626184437295894384368539724334278520,1774076428,2026-03-21T07:00:28+00:00,0.0145
59261866601270864198456845856841875150453626184437295894384368539724334278520,1774080028,2026-03-21T08:00:28+00:00,0.0145
59261866601270864198456845856841875150453626184437295894384368539724334278520,1774083626,2026-03-21T09:00:26+00:00,0.0145
59261866601270864198456845856841875150453626184437295894384368539724334278520,1774087225,2026-03-21T10:00:25+00:00,0.0145
59261866601270864198456845856841875150453626184437295894384368539724334278520,1774090829,2026-03-21T11:00:29+00:00,0.014
59261866601270864198456845856841875150453626184437295894384368539724334278520,1774094428,2026-03-21T12:00:28+00:00,0.013
59261866601270864198456845856841875150453626184437295894384368539724334278520,1774098032,2026-03-21T13:00:32+00:00,0.0115
59261866601270864198456845856841875150453626184437295894384368539724334278520,1774101632,2026-03-21T14:00:32+00:00,0.0115
59261866601270864198456845856841875150453626184437295894384368539724334278520,1774105234,2026-03-21T15:00:34+00:00,0.0105
59261866601270864198456845856841875150453626184437295894384368539724334278520,1774108843,2026-03-21T16:00:43+00:00,0.01
59261866601270864198456845856841875150453626184437295894384368539724334278520,1774112435,2026-03-21T17:00:35+00:00,0.0095
59261866601270864198456845856841875150453626184437295894384368539724334278520,1774116032,2026-03-21T18:00:32+00:00,0.013
59261866601270864198456845856841875150453626184437295894384368539724334278520,1774119630,2026-03-21T19:00:30+00:00,0.013
59261866601270864198456845856841875150453626184437295894384368539724334278520,1774123227,2026-03-21T20:00:27+00:00,0.0095
59261866601270864198456845856841875150453626184437295894384368539724334278520,1774126830,2026-03-21T21:00:30+00:00,0.0095
59261866601270864198456845856841875150453626184437295894384368539724334278520,1774130429,2026-03-21T22:00:29+00:00,0.0095
59261866601270864198456845856841875150453626184437295894384368539724334278520,1774134027,2026-03-21T23:00:27+00:00,0.0095
59261866601270864198456845856841875150453626184437295894384368539724334278520,1774137632,2026-03-22T00:00:32+00:00,0.0095
59261866601270864198456845856841875150453626184437295894384368539724334278520,1774141228,2026-03-22T01:00:28+00:00,0.023
59261866601270864198456845856841875150453626184437295894384368539724334278520,1774144823,2026-03-22T02:00:23+00:00,0.023
59261866601270864198456845856841875150453626184437295894384368539724334278520,1774148423,2026-03-22T03:00:23+00:00,0.023
59261866601270864198456845856841875150453626184437295894384368539724334278520,1774152024,2026-03-22T04:00:24+00:00,0.023
59261866601270864198456845856841875150453626184437295894384368539724334278520,1774155625,2026-03-22T05:00:25+00:00,0.023
59261866601270864198456845856841875150453626184437295894384368539724334278520,1774159225,2026-03-22T06:00:25+00:00,0.023
59261866601270864198456845856841875150453626184437295894384368539724334278520,1774162822,2026-03-22T07:00:22+00:00,0.0225
59261866601270864198456845856841875150453626184437295894384368539724334278520,1774166424,2026-03-22T08:00:24+00:00,0.0225
59261866601270864198456845856841875150453626184437295894384368539724334278520,1774170023,2026-03-22T09:00:23+00:00,0.0225
59261866601270864198456845856841875150453626184437295894384368539724334278520,1774173623,2026-03-22T10:00:23+00:00,0.0225
59261866601270864198456845856841875150453626184437295894384368539724334278520,1774177222,2026-03-22T11:00:22+00:00,0.0225
59261866601270864198456845856841875150453626184437295894384368539724334278520,1774180839,2026-03-22T12:00:39+00:00,0.0225
59261866601270864198456845856841875150453626184437295894384368539724334278520,1774184428,2026-03-22T13:00:28+00:00,0.0225
59261866601270864198456845856841875150453626184437295894384368539724334278520,1774188023,2026-03-22T14:00:23+00:00,0.0225
59261866601270864198456845856841875150453626184437295894384368539724334278520,1774191623,2026-03-22T15:00:23+00:00,0.0225
59261866601270864198456845856841875150453626184437295894384368539724334278520,1774195226,2026-03-22T16:00:26+00:00,0.0225
59261866601270864198456845856841875150453626184437295894384368539724334278520,1774198836,2026-03-22T17:00:36+00:00,0.0225
59261866601270864198456845856841875150453626184437295894384368539724334278520,1774202426,2026-03-22T18:00:26+00:00,0.0225
59261866601270864198456845856841875150453626184437295894384368539724334278520,1774206026,2026-03-22T19:00:26+00:00,0.0225
59261866601270864198456845856841875150453626184437295894384368539724334278520,1774209624,2026-03-22T20:00:24+00:00,0.0225
59261866601270864198456845856841875150453626184437295894384368539724334278520,1774213225,2026-03-22T21:00:25+00:00,0.0225
59261866601270864198456845856841875150453626184437295894384368539724334278520,1774216824,2026-03-22T22:00:24+00:00,0.0225
59261866601270864198456845856841875150453626184437295894384368539724334278520,1774220428,2026-03-22T23:00:28+00:00,0.0225
59261866601270864198456845856841875150453626184437295894384368539724334278520,1774224026,2026-03-23T00:00:26+00:00,0.0225
59261866601270864198456845856841875150453626184437295894384368539724334278520,1774227625,2026-03-23T01:00:25+00:00,0.0225
59261866601270864198456845856841875150453626184437295894384368539724334278520,1774231226,2026-03-23T02:00:26+00:00,0.0225
59261866601270864198456845856841875150453626184437295894384368539724334278520,1774234828,2026-03-23T03:00:28+00:00,0.0225
59261866601270864198456845856841875150453626184437295894384368539724334278520,1774238422,2026-03-23T04:00:22+00:00,0.0225
59261866601270864198456845856841875150453626184437295894384368539724334278520,1774242029,2026-03-23T05:00:29+00:00,0.0225
59261866601270864198456845856841875150453626184437295894384368539724334278520,1774245628,2026-03-23T06:00:28+00:00,0.0225
59261866601270864198456845856841875150453626184437295894384368539724334278520,1774249227,2026-03-23T07:00:27+00:00,0.0225
59261866601270864198456845856841875150453626184437295894384368539724334278520,1774252828,2026-03-23T08:00:28+00:00,0.0225
59261866601270864198456845856841875150453626184437295894384368539724334278520,1774256438,2026-03-23T09:00:38+00:00,0.0225
59261866601270864198456845856841875150453626184437295894384368539724334278520,1774260023,2026-03-23T10:00:23+00:00,0.0225
59261866601270864198456845856841875150453626184437295894384368539724334278520,1774263622,2026-03-23T11:00:22+00:00,0.0225
59261866601270864198456845856841875150453626184437295894384368539724334278520,1774267225,2026-03-23T12:00:25+00:00,0.0225
59261866601270864198456845856841875150453626184437295894384368539724334278520,1774270827,2026-03-23T13:00:27+00:00,0.0225
59261866601270864198456845856841875150453626184437295894384368539724334278520,1774274424,2026-03-23T14:00:24+00:00,0.0225
59261866601270864198456845856841875150453626184437295894384368539724334278520,1774278021,2026-03-23T15:00:21+00:00,0.0225
59261866601270864198456845856841875150453626184437295894384368539724334278520,1774281622,2026-03-23T16:00:22+00:00,0.0225
59261866601270864198456845856841875150453626184437295894384368539724334278520,1774285228,2026-03-23T17:00:28+00:00,0.0215
59261866601270864198456845856841875150453626184437295894384368539724334278520,1774288822,2026-03-23T18:00:22+00:00,0.0215
59261866601270864198456845856841875150453626184437295894384368539724334278520,1774292439,2026-03-23T19:00:39+00:00,0.0215
59261866601270864198456845856841875150453626184437295894384368539724334278520,1774296023,2026-03-23T20:00:23+00:00,0.0215
59261866601270864198456845856841875150453626184437295894384368539724334278520,1774299624,2026-03-23T21:00:24+00:00,0.0215
59261866601270864198456845856841875150453626184437295894384368539724334278520,1774303225,2026-03-23T22:00:25+00:00,0.0215
59261866601270864198456845856841875150453626184437295894384368539724334278520,1774306823,2026-03-23T23:00:23+00:00,0.0215
59261866601270864198456845856841875150453626184437295894384368539724334278520,1774310424,2026-03-24T00:00:24+00:00,0.0215
59261866601270864198456845856841875150453626184437295894384368539724334278520,1774314022,2026-03-24T01:00:22+00:00,0.0215
59261866601270864198456845856841875150453626184437295894384368539724334278520,1774317625,2026-03-24T02:00:25+00:00,0.0215
59261866601270864198456845856841875150453626184437295894384368539724334278520,1774321223,2026-03-24T03:00:23+00:00,0.0215
59261866601270864198456845856841875150453626184437295894384368539724334278520,1774324826,2026-03-24T04:00:26+00:00,0.0215
59261866601270864198456845856841875150453626184437295894384368539724334278520,1774328426,2026-03-24T05:00:26+00:00,0.0215
59261866601270864198456845856841875150453626184437295894384368539724334278520,1774332024,2026-03-24T06:00:24+00:00,0.0215
59261866601270864198456845856841875150453626184437295894384368539724334278520,1774335622,2026-03-24T07:00:22+00:00,0.0215
59261866601270864198456845856841875150453626184437295894384368539724334278520,1774339222,2026-03-24T08:00:22+00:00,0.0215
59261866601270864198456845856841875150453626184437295894384368539724334278520,1774342824,2026-03-24T09:00:24+00:00,0.0215
59261866601270864198456845856841875150453626184437295894384368539724334278520,1774346422,2026-03-24T10:00:22+00:00,0.021
59261866601270864198456845856841875150453626184437295894384368539724334278520,1774350042,2026-03-24T11:00:42+00:00,0.021
59261866601270864198456845856841875150453626184437295894384368539724334278520,1774353629,2026-03-24T12:00:29+00:00,0.021
59261866601270864198456845856841875150453626184437295894384368539724334278520,1774357235,2026-03-24T13:00:35+00:00,0.0215
59261866601270864198456845856841875150453626184437295894384368539724334278520,1774360824,2026-03-24T14:00:24+00:00,0.021
59261866601270864198456845856841875150453626184437295894384368539724334278520,1774364424,2026-03-24T15:00:24+00:00,0.0215
59261866601270864198456845856841875150453626184437295894384368539724334278520,1774368023,2026-03-24T16:00:23+00:00,0.0215
59261866601270864198456845856841875150453626184437295894384368539724334278520,1774371624,2026-03-24T17:00:24+00:00,0.0215
59261866601270864198456845856841875150453626184437295894384368539724334278520,1774375227,2026-03-24T18:00:27+00:00,0.0215
59261866601270864198456845856841875150453626184437295894384368539724334278520,1774378823,2026-03-24T19:00:23+00:00,0.0215
59261866601270864198456845856841875150453626184437295894384368539724334278520,1774382426,2026-03-24T20:00:26+00:00,0.0215
59261866601270864198456845856841875150453626184437295894384368539724334278520,1774386025,2026-03-24T21:00:25+00:00,0.0215
59261866601270864198456845856841875150453626184437295894384368539724334278520,1774389621,2026-03-24T22:00:21+00:00,0.0215
59261866601270864198456845856841875150453626184437295894384368539724334278520,1774393225,2026-03-24T23:00:25+00:00,0.0215
59261866601270864198456845856841875150453626184437295894384368539724334278520,1774396827,2026-03-25T00:00:27+00:00,0.0215
59261866601270864198456845856841875150453626184437295894384368539724334278520,1774400423,2026-03-25T01:00:23+00:00,0.0215
59261866601270864198456845856841875150453626184437295894384368539724334278520,1774404025,2026-03-25T02:00:25+00:00,0.0215
59261866601270864198456845856841875150453626184437295894384368539724334278520,1774407622,2026-03-25T03:00:22+00:00,0.0215
59261866601270864198456845856841875150453626184437295894384368539724334278520,1774411227,2026-03-25T04:00:27+00:00,0.0215
59261866601270864198456845856841875150453626184437295894384368539724334278520,1774414826,2026-03-25T05:00:26+00:00,0.0215
59261866601270864198456845856841875150453626184437295894384368539724334278520,1774418425,2026-03-25T06:00:25+00:00,0.0215
59261866601270864198456845856841875150453626184437295894384368539724334278520,1774422023,2026-03-25T07:00:23+00:00,0.0215
59261866601270864198456845856841875150453626184437295894384368539724334278520,1774425622,2026-03-25T08:00:22+00:00,0.0215
59261866601270864198456845856841875150453626184437295894384368539724334278520,1774429225,2026-03-25T09:00:25+00:00,0.0215
59261866601270864198456845856841875150453626184437295894384368539724334278520,1774432826,2026-03-25T10:00:26+00:00,0.0215
59261866601270864198456845856841875150453626184437295894384368539724334278520,1774436427,2026-03-25T11:00:27+00:00,0.0215
59261866601270864198456845856841875150453626184437295894384368539724334278520,1774440028,2026-03-25T12:00:28+00:00,0.0215
59261866601270864198456845856841875150453626184437295894384368539724334278520,1774443627,2026-03-25T13:00:27+00:00,0.0215
59261866601270864198456845856841875150453626184437295894384368539724334278520,1774447237,2026-03-25T14:00:37+00:00,0.0215
59261866601270864198456845856841875150453626184437295894384368539724334278520,1774450827,2026-03-25T15:00:27+00:00,0.0215
59261866601270864198456845856841875150453626184437295894384368539724334278520,1774454427,2026-03-25T16:00:27+00:00,0.0215
59261866601270864198456845856841875150453626184437295894384368539724334278520,1774458024,2026-03-25T17:00:24+00:00,0.0215
59261866601270864198456845856841875150453626184437295894384368539724334278520,1774461626,2026-03-25T18:00:26+00:00,0.0215
59261866601270864198456845856841875150453626184437295894384368539724334278520,1774465227,2026-03-25T19:00:27+00:00,0.0215
59261866601270864198456845856841875150453626184437295894384368539724334278520,1774468827,2026-03-25T20:00:27+00:00,0.0215
59261866601270864198456845856841875150453626184437295894384368539724334278520,1774472423,2026-03-25T21:00:23+00:00,0.0215
59261866601270864198456845856841875150453626184437295894384368539724334278520,1774476024,2026-03-25T22:00:24+00:00,0.0215
59261866601270864198456845856841875150453626184437295894384368539724334278520,1774479622,2026-03-25T23:00:22+00:00,0.022
59261866601270864198456845856841875150453626184437295894384368539724334278520,1774483230,2026-03-26T00:00:30+00:00,0.022
59261866601270864198456845856841875150453626184437295894384368539724334278520,1774486826,2026-03-26T01:00:26+00:00,0.022
59261866601270864198456845856841875150453626184437295894384368539724334278520,1774490426,2026-03-26T02:00:26+00:00,0.022
59261866601270864198456845856841875150453626184437295894384368539724334278520,1774494027,2026-03-26T03:00:27+00:00,0.022
59261866601270864198456845856841875150453626184437295894384368539724334278520,1774497627,2026-03-26T04:00:27+00:00,0.022
59261866601270864198456845856841875150453626184437295894384368539724334278520,1774501222,2026-03-26T05:00:22+00:00,0.022
59261866601270864198456845856841875150453626184437295894384368539724334278520,1774504827,2026-03-26T06:00:27+00:00,0.022
59261866601270864198456845856841875150453626184437295894384368539724334278520,1774508437,2026-03-26T07:00:37+00:00,0.0215
59261866601270864198456845856841875150453626184437295894384368539724334278520,1774512022,2026-03-26T08:00:22+00:00,0.022
59261866601270864198456845856841875150453626184437295894384368539724334278520,1774515623,2026-03-26T09:00:23+00:00,0.022
59261866601270864198456845856841875150453626184437295894384368539724334278520,1774519227,2026-03-26T10:00:27+00:00,0.022
59261866601270864198456845856841875150453626184437295894384368539724334278520,1774522822,2026-03-26T11:00:22+00:00,0.022
59261866601270864198456845856841875150453626184437295894384368539724334278520,1774526440,2026-03-26T12:00:40+00:00,0.022
59261866601270864198456845856841875150453626184437295894384368539724334278520,1774530026,2026-03-26T13:00:26+00:00,0.022
59261866601270864198456845856841875150453626184437295894384368539724334278520,1774533627,2026-03-26T14:00:27+00:00,0.022
59261866601270864198456845856841875150453626184437295894384368539724334278520,1774537224,2026-03-26T15:00:24+00:00,0.022
59261866601270864198456845856841875150453626184437295894384368539724334278520,1774540823,2026-03-26T16:00:23+00:00,0.022
59261866601270864198456845856841875150453626184437295894384368539724334278520,1774544431,2026-03-26T17:00:31+00:00,0.0255
59261866601270864198456845856841875150453626184437295894384368539724334278520,1774548024,2026-03-26T18:00:24+00:00,0.026
59261866601270864198456845856841875150453626184437295894384368539724334278520,1774551638,2026-03-26T19:00:38+00:00,0.0255
59261866601270864198456845856841875150453626184437295894384368539724334278520,1774555235,2026-03-26T20:00:35+00:00,0.026
59261866601270864198456845856841875150453626184437295894384368539724334278520,1774558839,2026-03-26T21:00:39+00:00,0.0265
59261866601270864198456845856841875150453626184437295894384368539724334278520,1774562435,2026-03-26T22:00:35+00:00,0.026
59261866601270864198456845856841875150453626184437295894384368539724334278520,1774566032,2026-03-26T23:00:32+00:00,0.026
59261866601270864198456845856841875150453626184437295894384368539724334278520,1774569646,2026-03-27T00:00:46+00:00,0.027
59261866601270864198456845856841875150453626184437295894384368539724334278520,1774573238,2026-03-27T01:00:38+00:00,0.026
59261866601270864198456845856841875150453626184437295894384368539724334278520,1774576840,2026-03-27T02:00:40+00:00,0.025
59261866601270864198456845856841875150453626184437295894384368539724334278520,1774580443,2026-03-27T03:00:43+00:00,0.0255
59261866601270864198456845856841875150453626184437295894384368539724334278520,1774584035,2026-03-27T04:00:35+00:00,0.0255
59261866601270864198456845856841875150453626184437295894384368539724334278520,1774587637,2026-03-27T05:00:37+00:00,0.027
59261866601270864198456845856841875150453626184437295894384368539724334278520,1774591242,2026-03-27T06:00:42+00:00,0.0255
59261866601270864198456845856841875150453626184437295894384368539724334278520,1774594835,2026-03-27T07:00:35+00:00,0.0265
59261866601270864198456845856841875150453626184437295894384368539724334278520,1774598432,2026-03-27T08:00:32+00:00,0.026
59261866601270864198456845856841875150453626184437295894384368539724334278520,1774602039,2026-03-27T09:00:39+00:00,0.023
59261866601270864198456845856841875150453626184437295894384368539724334278520,1774605632,2026-03-27T10:00:32+00:00,0.026
59261866601270864198456845856841875150453626184437295894384368539724334278520,1774609236,2026-03-27T11:00:36+00:00,0.0255
59261866601270864198456845856841875150453626184437295894384368539724334278520,1774612844,2026-03-27T12:00:44+00:00,0.027
59261866601270864198456845856841875150453626184437295894384368539724334278520,1774616442,2026-03-27T13:00:42+00:00,0.0265
59261866601270864198456845856841875150453626184437295894384368539724334278520,1774620038,2026-03-27T14:00:38+00:00,0.026
59261866601270864198456845856841875150453626184437295894384368539724334278520,1774623640,2026-03-27T15:00:40+00:00,0.025
59261866601270864198456845856841875150453626184437295894384368539724334278520,1774627237,2026-03-27T16:00:37+00:00,0.0255
59261866601270864198456845856841875150453626184437295894384368539724334278520,1774630849,2026-03-27T17:00:49+00:00,0.0245
59261866601270864198456845856841875150453626184437295894384368539724334278520,1774634447,2026-03-27T18:00:47+00:00,0.0245
59261866601270864198456845856841875150453626184437295894384368539724334278520,1774638038,2026-03-27T19:00:38+00:00,0.021
59261866601270864198456845856841875150453626184437295894384368539724334278520,1774641646,2026-03-27T20:00:46+00:00,0.0215
59261866601270864198456845856841875150453626184437295894384368539724334278520,1774645246,2026-03-27T21:00:46+00:00,0.02
59261866601270864198456845856841875150453626184437295894384368539724334278520,1774648837,2026-03-27T22:00:37+00:00,0.023
59261866601270864198456845856841875150453626184437295894384368539724334278520,1774652451,2026-03-27T23:00:51+00:00,0.021
59261866601270864198456845856841875150453626184437295894384368539724334278520,1774656049,2026-03-28T00:00:49+00:00,0.0205
59261866601270864198456845856841875150453626184437295894384368539724334278520,1774659639,2026-03-28T01:00:39+00:00,0.019
59261866601270864198456845856841875150453626184437295894384368539724334278520,1774663238,2026-03-28T02:00:38+00:00,0.0165
59261866601270864198456845856841875150453626184437295894384368539724334278520,1774666843,2026-03-28T03:00:43+00:00,0.0155
59261866601270864198456845856841875150453626184437295894384368539724334278520,1774670438,2026-03-28T04:00:38+00:00,0.023
59261866601270864198456845856841875150453626184437295894384368539724334278520,1774674035,2026-03-28T05:00:35+00:00,0.026
59261866601270864198456845856841875150453626184437295894384368539724334278520,1774677647,2026-03-28T06:00:47+00:00,0.026
59261866601270864198456845856841875150453626184437295894384368539724334278520,1774681237,2026-03-28T07:00:37+00:00,0.0215
59261866601270864198456845856841875150453626184437295894384368539724334278520,1774684841,2026-03-28T08:00:41+00:00,0.0205
59261866601270864198456845856841875150453626184437295894384368539724334278520,1774688446,2026-03-28T09:00:46+00:00,0.0195
59261866601270864198456845856841875150453626184437295894384368539724334278520,1774692045,2026-03-28T10:00:45+00:00,0.018
59261866601270864198456845856841875150453626184437295894384368539724334278520,1774695649,2026-03-28T11:00:49+00:00,0.0165
59261866601270864198456845856841875150453626184437295894384368539724334278520,1774699248,2026-03-28T12:00:48+00:00,0.0155
59261866601270864198456845856841875150453626184437295894384368539724334278520,1774702850,2026-03-28T13:00:50+00:00,0.0225
59261866601270864198456845856841875150453626184437295894384368539724334278520,1774706450,2026-03-28T14:00:50+00:00,0.0225
59261866601270864198456845856841875150453626184437295894384368539724334278520,1774710054,2026-03-28T15:00:54+00:00,0.0225
59261866601270864198456845856841875150453626184437295894384368539724334278520,1774713641,2026-03-28T16:00:41+00:00,0.0225
59261866601270864198456845856841875150453626184437295894384368539724334278520,1774717257,2026-03-28T17:00:57+00:00,0.0205
59261866601270864198456845856841875150453626184437295894384368539724334278520,1774720857,2026-03-28T18:00:57+00:00,0.0205
59261866601270864198456845856841875150453626184437295894384368539724334278520,1774724442,2026-03-28T19:00:42+00:00,0.0205
59261866601270864198456845856841875150453626184437295894384368539724334278520,1774728040,2026-03-28T20:00:40+00:00,0.0205
59261866601270864198456845856841875150453626184437295894384368539724334278520,1774731648,2026-03-28T21:00:48+00:00,0.0205
59261866601270864198456845856841875150453626184437295894384368539724334278520,1774735243,2026-03-28T22:00:43+00:00,0.0205
59261866601270864198456845856841875150453626184437295894384368539724334278520,1774738844,2026-03-28T23:00:44+00:00,0.0205
59261866601270864198456845856841875150453626184437295894384368539724334278520,1774742453,2026-03-29T00:00:53+00:00,0.0205
59261866601270864198456845856841875150453626184437295894384368539724334278520,1774746050,2026-03-29T01:00:50+00:00,0.0205
59261866601270864198456845856841875150453626184437295894384368539724334278520,1774749649,2026-03-29T02:00:49+00:00,0.0205
59261866601270864198456845856841875150453626184437295894384368539724334278520,1774753247,2026-03-29T03:00:47+00:00,0.0205
59261866601270864198456845856841875150453626184437295894384368539724334278520,1774756842,2026-03-29T04:00:42+00:00,0.0205
59261866601270864198456845856841875150453626184437295894384368539724334278520,1774760448,2026-03-29T05:00:48+00:00,0.0205
59261866601270864198456845856841875150453626184437295894384368539724334278520,1774764059,2026-03-29T06:00:59+00:00,0.0205
59261866601270864198456845856841875150453626184437295894384368539724334278520,1774767646,2026-03-29T07:00:46+00:00,0.0205
59261866601270864198456845856841875150453626184437295894384368539724334278520,1774771247,2026-03-29T08:00:47+00:00,0.0205
59261866601270864198456845856841875150453626184437295894384368539724334278520,1774774854,2026-03-29T09:00:54+00:00,0.0205
59261866601270864198456845856841875150453626184437295894384368539724334278520,1774778450,2026-03-29T10:00:50+00:00,0.0205
59261866601270864198456845856841875150453626184437295894384368539724334278520,1774782048,2026-03-29T11:00:48+00:00,0.0205
59261866601270864198456845856841875150453626184437295894384368539724334278520,1774789251,2026-03-29T13:00:51+00:00,0.0205
59261866601270864198456845856841875150453626184437295894384368539724334278520,1774792848,2026-03-29T14:00:48+00:00,0.0205
59261866601270864198456845856841875150453626184437295894384368539724334278520,1774796454,2026-03-29T15:00:54+00:00,0.0205
59261866601270864198456845856841875150453626184437295894384368539724334278520,1774800046,2026-03-29T16:00:46+00:00,0.0205
59261866601270864198456845856841875150453626184437295894384368539724334278520,1774803655,2026-03-29T17:00:55+00:00,0.0205
59261866601270864198456845856841875150453626184437295894384368539724334278520,1774810845,2026-03-29T19:00:45+00:00,0.0225
59261866601270864198456845856841875150453626184437295894384368539724334278520,1774814446,2026-03-29T20:00:46+00:00,0.022
59261866601270864198456845856841875150453626184437295894384368539724334278520,1774818056,2026-03-29T21:00:56+00:00,0.0215
59261866601270864198456845856841875150453626184437295894384368539724334278520,1774832447,2026-03-30T01:00:47+00:00,0.0215
59261866601270864198456845856841875150453626184437295894384368539724334278520,1774836049,2026-03-30T02:00:49+00:00,0.0215
59261866601270864198456845856841875150453626184437295894384368539724334278520,1774839659,2026-03-30T03:00:59+00:00,0.0215
59261866601270864198456845856841875150453626184437295894384368539724334278520,1774843259,2026-03-30T04:00:59+00:00,0.021
59261866601270864198456845856841875150453626184437295894384368539724334278520,1774850454,2026-03-30T06:00:54+00:00,0.02
59261866601270864198456845856841875150453626184437295894384368539724334278520,1774857648,2026-03-30T08:00:48+00:00,0.0185
59261866601270864198456845856841875150453626184437295894384368539724334278520,1774861257,2026-03-30T09:00:57+00:00,0.0185
59261866601270864198456845856841875150453626184437295894384368539724334278520,1774864846,2026-03-30T10:00:46+00:00,0.018
59261866601270864198456845856841875150453626184437295894384368539724334278520,1774868448,2026-03-30T11:00:48+00:00,0.018
59261866601270864198456845856841875150453626184437295894384368539724334278520,1774886451,2026-03-30T16:00:51+00:00,0.015
59261866601270864198456845856841875150453626184437295894384368539724334278520,1774904457,2026-03-30T21:00:57+00:00,0.0145
59261866601270864198456845856841875150453626184437295894384368539724334278520,1774908048,2026-03-30T22:00:48+00:00,0.0145
59261866601270864198456845856841875150453626184437295894384368539724334278520,1774911650,2026-03-30T23:00:50+00:00,0.0145
59261866601270864198456845856841875150453626184437295894384368539724334278520,1774918852,2026-03-31T01:00:52+00:00,0.0145
59261866601270864198456845856841875150453626184437295894384368539724334278520,1774929647,2026-03-31T04:00:47+00:00,0.0145
59261866601270864198456845856841875150453626184437295894384368539724334278520,1774933249,2026-03-31T05:00:49+00:00,0.0145
59261866601270864198456845856841875150453626184437295894384368539724334278520,1774944049,2026-03-31T08:00:49+00:00,0.0145
59261866601270864198456845856841875150453626184437295894384368539724334278520,1774951253,2026-03-31T10:00:53+00:00,0.0145
59261866601270864198456845856841875150453626184437295894384368539724334278520,1774954858,2026-03-31T11:00:58+00:00,0.0145
59261866601270864198456845856841875150453626184437295894384368539724334278520,1774962055,2026-03-31T13:00:55+00:00,0.0145
59261866601270864198456845856841875150453626184437295894384368539724334278520,1774965659,2026-03-31T14:00:59+00:00,0.0145
59261866601270864198456845856841875150453626184437295894384368539724334278520,1774969240,2026-03-31T15:00:40+00:00,0.0145
59261866601270864198456845856841875150453626184437295894384368539724334278520,1774976420,2026-03-31T17:00:20+00:00,0.0145
59261866601270864198456845856841875150453626184437295894384368539724334278520,1774980053,2026-03-31T18:00:53+00:00,0.0145
59261866601270864198456845856841875150453626184437295894384368539724334278520,1774998054,2026-03-31T23:00:54+00:00,0.0145
59261866601270864198456845856841875150453626184437295894384368539724334278520,1775005245,2026-04-01T01:00:45+00:00,0.0145
59261866601270864198456845856841875150453626184437295894384368539724334278520,1775008848,2026-04-01T02:00:48+00:00,0.0145
59261866601270864198456845856841875150453626184437295894384368539724334278520,1775012453,2026-04-01T03:00:53+00:00,0.0145
59261866601270864198456845856841875150453626184437295894384368539724334278520,1775019645,2026-04-01T05:00:45+00:00,0.0145
59261866601270864198456845856841875150453626184437295894384368539724334278520,1775023248,2026-04-01T06:00:48+00:00,0.0145
59261866601270864198456845856841875150453626184437295894384368539724334278520,1775026850,2026-04-01T07:00:50+00:00,0.0145
59261866601270864198456845856841875150453626184437295894384368539724334278520,1775030452,2026-04-01T08:00:52+00:00,0.0145
59261866601270864198456845856841875150453626184437295894384368539724334278520,1775034052,2026-04-01T09:00:52+00:00,0.0145
59261866601270864198456845856841875150453626184437295894384368539724334278520,1775037644,2026-04-01T10:00:44+00:00,0.0145
59261866601270864198456845856841875150453626184437295894384368539724334278520,1775041244,2026-04-01T11:00:44+00:00,0.0145
59261866601270864198456845856841875150453626184437295894384368539724334278520,1775048445,2026-04-01T13:00:45+00:00,0.0145
59261866601270864198456845856841875150453626184437295894384368539724334278520,1775052050,2026-04-01T14:00:50+00:00,0.0145
59261866601270864198456845856841875150453626184437295894384368539724334278520,1775055654,2026-04-01T15:00:54+00:00,0.0145
59261866601270864198456845856841875150453626184437295894384368539724334278520,1775059254,2026-04-01T16:00:54+00:00,0.0145
59261866601270864198456845856841875150453626184437295894384368539724334278520,1775066453,2026-04-01T18:00:53+00:00,0.0145
59261866601270864198456845856841875150453626184437295894384368539724334278520,1775073659,2026-04-01T20:00:59+00:00,0.0145
59261866601270864198456845856841875150453626184437295894384368539724334278520,1775077211,2026-04-01T21:00:11+00:00,0.0145
59261866601270864198456845856841875150453626184437295894384368539724334278520,1775080848,2026-04-01T22:00:48+00:00,0.0145
59261866601270864198456845856841875150453626184437295894384368539724334278520,1775084459,2026-04-01T23:00:59+00:00,0.0145
59261866601270864198456845856841875150453626184437295894384368539724334278520,1775091658,2026-04-02T01:00:58+00:00,0.0145
59261866601270864198456845856841875150453626184437295894384368539724334278520,1775095249,2026-04-02T02:00:49+00:00,0.0145
59261866601270864198456845856841875150453626184437295894384368539724334278520,1775102450,2026-04-02T04:00:50+00:00,0.0145
59261866601270864198456845856841875150453626184437295894384368539724334278520,1775106049,2026-04-02T05:00:49+00:00,0.022
59261866601270864198456845856841875150453626184437295894384368539724334278520,1775113246,2026-04-02T07:00:46+00:00,0.022
59261866601270864198456845856841875150453626184437295894384368539724334278520,1775116846,2026-04-02T08:00:46+00:00,0.022
59261866601270864198456845856841875150453626184437295894384368539724334278520,1775120448,2026-04-02T09:00:48+00:00,0.022
59261866601270864198456845856841875150453626184437295894384368539724334278520,1775124046,2026-04-02T10:00:46+00:00,0.022
59261866601270864198456845856841875150453626184437295894384368539724334278520,1775127650,2026-04-02T11:00:50+00:00,0.022
59261866601270864198456845856841875150453626184437295894384368539724334278520,1775131258,2026-04-02T12:00:58+00:00,0.022
59261866601270864198456845856841875150453626184437295894384368539724334278520,1775145600,2026-04-02T16:00:00+00:00,0.022
59261866601270864198456845856841875150453626184437295894384368539724334278520,1775149217,2026-04-02T17:00:17+00:00,0.0225
59261866601270864198456845856841875150453626184437295894384368539724334278520,1775152851,2026-04-02T18:00:51+00:00,0.0195
59261866601270864198456845856841875150453626184437295894384368539724334278520,1775156446,2026-04-02T19:00:46+00:00,0.022
59261866601270864198456845856841875150453626184437295894384368539724334278520,1775160049,2026-04-02T20:00:49+00:00,0.0205
59261866601270864198456845856841875150453626184437295894384368539724334278520,1775167251,2026-04-02T22:00:51+00:00,0.0205
59261866601270864198456845856841875150453626184437295894384368539724334278520,1775170847,2026-04-02T23:00:47+00:00,0.0205
59261866601270864198456845856841875150453626184437295894384368539724334278520,1775178047,2026-04-03T01:00:47+00:00,0.0205
59261866601270864198456845856841875150453626184437295894384368539724334278520,1775181651,2026-04-03T02:00:51+00:00,0.0205
59261866601270864198456845856841875150453626184437295894384368539724334278520,1775188847,2026-04-03T04:00:47+00:00,0.0205
59261866601270864198456845856841875150453626184437295894384368539724334278520,1775199648,2026-04-03T07:00:48+00:00,0.0185
59261866601270864198456845856841875150453626184437295894384368539724334278520,1775203249,2026-04-03T08:00:49+00:00,0.018
59261866601270864198456845856841875150453626184437295894384368539724334278520,1775206855,2026-04-03T09:00:55+00:00,0.0205
59261866601270864198456845856841875150453626184437295894384368539724334278520,1775210449,2026-04-03T10:00:49+00:00,0.0205
59261866601270864198456845856841875150453626184437295894384368539724334278520,1775214048,2026-04-03T11:00:48+00:00,0.0205
59261866601270864198456845856841875150453626184437295894384368539724334278520,1775224854,2026-04-03T14:00:54+00:00,0.0145
59261866601270864198456845856841875150453626184437295894384368539724334278520,1775232049,2026-04-03T16:00:49+00:00,0.0145
59261866601270864198456845856841875150453626184437295894384368539724334278520,1775239210,2026-04-03T18:00:10+00:00,0.018
59261866601270864198456845856841875150453626184437295894384368539724334278520,1775242810,2026-04-03T19:00:10+00:00,0.018
59261866601270864198456845856841875150453626184437295894384368539724334278520,1775246459,2026-04-03T20:00:59+00:00,0.017
59261866601270864198456845856841875150453626184437295894384368539724334278520,1775253657,2026-04-03T22:00:57+00:00,0.014
59261866601270864198456845856841875150453626184437295894384368539724334278520,1775268054,2026-04-04T02:00:54+00:00,0.014
59261866601270864198456845856841875150453626184437295894384368539724334278520,1775271657,2026-04-04T03:00:57+00:00,0.014
59261866601270864198456845856841875150453626184437295894384368539724334278520,1775286051,2026-04-04T07:00:51+00:00,0.01
59261866601270864198456845856841875150453626184437295894384368539724334278520,1775289653,2026-04-04T08:00:53+00:00,0.01
59261866601270864198456845856841875150453626184437295894384368539724334278520,1775361653,2026-04-05T04:00:53+00:00,0.0055
59261866601270864198456845856841875150453626184437295894384368539724334278520,1775365258,2026-04-05T05:00:58+00:00,0.0055
59261866601270864198456845856841875150453626184437295894384368539724334278520,1775383253,2026-04-05T10:00:53+00:00,0.0055
59261866601270864198456845856841875150453626184437295894384368539724334278520,1775386858,2026-04-05T11:00:58+00:00,0.0055
59261866601270864198456845856841875150453626184437295894384368539724334278520,1775437258,2026-04-06T01:00:58+00:00,0.0155
59261866601270864198456845856841875150453626184437295894384368539724334278520,1775448052,2026-04-06T04:00:52+00:00,0.0155
59261866601270864198456845856841875150453626184437295894384368539724334278520,1775451656,2026-04-06T05:00:56+00:00,0.0155
59261866601270864198456845856841875150453626184437295894384368539724334278520,1775458854,2026-04-06T07:00:54+00:00,0.016
59261866601270864198456845856841875150453626184437295894384368539724334278520,1775462453,2026-04-06T08:00:53+00:00,0.0155
59261866601270864198456845856841875150453626184437295894384368539724334278520,1775469651,2026-04-06T10:00:51+00:00,0.0155
59261866601270864198456845856841875150453626184437295894384368539724334278520,1775473253,2026-04-06T11:00:53+00:00,0.016
59261866601270864198456845856841875150453626184437295894384368539724334278520,1775480454,2026-04-06T13:00:54+00:00,0.0155
59261866601270864198456845856841875150453626184437295894384368539724334278520,1775484055,2026-04-06T14:00:55+00:00,0.016
59261866601270864198456845856841875150453626184437295894384368539724334278520,1775498431,2026-04-06T18:00:31+00:00,0.0155
59261866601270864198456845856841875150453626184437295894384368539724334278520,1775505655,2026-04-06T20:00:55+00:00,0.0155
59261866601270864198456845856841875150453626184437295894384368539724334278520,1775512856,2026-04-06T22:00:56+00:00,0.0155
59261866601270864198456845856841875150453626184437295894384368539724334278520,1775523658,2026-04-07T01:00:58+00:00,0.0155
59261866601270864198456845856841875150453626184437295894384368539724334278520,1775527254,2026-04-07T02:00:54+00:00,0.0155
59261866601270864198456845856841875150453626184437295894384368539724334278520,1775530858,2026-04-07T03:00:58+00:00,0.0155
59261866601270864198456845856841875150453626184437295894384368539724334278520,1775534452,2026-04-07T04:00:52+00:00,0.0155
59261866601270864198456845856841875150453626184437295894384368539724334278520,1775545257,2026-04-07T07:00:57+00:00,0.0155
59261866601270864198456845856841875150453626184437295894384368539724334278520,1775559658,2026-04-07T11:00:58+00:00,0.015
59261866601270864198456845856841875150453626184437295894384368539724334278520,1775566858,2026-04-07T13:00:58+00:00,0.015
59261866601270864198456845856841875150453626184437295894384368539724334278520,1775570436,2026-04-07T14:00:36+00:00,0.015
59261866601270864198456845856841875150453626184437295894384368539724334278520,1775581224,2026-04-07T17:00:24+00:00,0.0155
59261866601270864198456845856841875150453626184437295894384368539724334278520,1775584839,2026-04-07T18:00:39+00:00,0.0155
59261866601270864198456845856841875150453626184437295894384368539724334278520,1775588447,2026-04-07T19:00:47+00:00,0.0155
59261866601270864198456845856841875150453626184437295894384368539724334278520,1775613629,2026-04-08T02:00:29+00:00,0.0155
59261866601270864198456845856841875150453626184437295894384368539724334278520,1775635252,2026-04-08T08:00:52+00:00,0.0155
59261866601270864198456845856841875150453626184437295894384368539724334278520,1775649636,2026-04-08T12:00:36+00:00,0.0155
59261866601270864198456845856841875150453626184437295894384368539724334278520,1775653238,2026-04-08T13:00:38+00:00,0.0155
59261866601270864198456845856841875150453626184437295894384368539724334278520,1775660419,2026-04-08T15:00:19+00:00,0.0155
59261866601270864198456845856841875150453626184437295894384368539724334278520,1775678459,2026-04-08T20:00:59+00:00,0.0155
59261866601270864198456845856841875150453626184437295894384368539724334278520,1775689233,2026-04-08T23:00:33+00:00,0.0155
59261866601270864198456845856841875150453626184437295894384368539724334278520,1775692829,2026-04-09T00:00:29+00:00,0.0155
59261866601270864198456845856841875150453626184437295894384368539724334278520,1775696449,2026-04-09T01:00:49+00:00,0.0155
59261866601270864198456845856841875150453626184437295894384368539724334278520,1775700051,2026-04-09T02:00:51+00:00,0.0155
59261866601270864198456845856841875150453626184437295894384368539724334278520,1775703658,2026-04-09T03:00:58+00:00,0.0155
59261866601270864198456845856841875150453626184437295894384368539724334278520,1775707248,2026-04-09T04:00:48+00:00,0.0155
59261866601270864198456845856841875150453626184437295894384368539724334278520,1775710849,2026-04-09T05:00:49+00:00,0.0155
59261866601270864198456845856841875150453626184437295894384368539724334278520,1775714458,2026-04-09T06:00:58+00:00,0.0155
59261866601270864198456845856841875150453626184437295894384368539724334278520,1775718047,2026-04-09T07:00:47+00:00,0.0155
59261866601270864198456845856841875150453626184437295894384368539724334278520,1775721647,2026-04-09T08:00:47+00:00,0.0155
59261866601270864198456845856841875150453626184437295894384368539724334278520,1775725259,2026-04-09T09:00:59+00:00,0.016
59261866601270864198456845856841875150453626184437295894384368539724334278520,1775728849,2026-04-09T10:00:49+00:00,0.016
59261866601270864198456845856841875150453626184437295894384368539724334278520,1775732449,2026-04-09T11:00:49+00:00,0.015
59261866601270864198456845856841875150453626184437295894384368539724334278520,1775739654,2026-04-09T13:00:54+00:00,0.0155
59261866601270864198456845856841875150453626184437295894384368539724334278520,1775743259,2026-04-09T14:00:59+00:00,0.0155
59261866601270864198456845856841875150453626184437295894384368539724334278520,1775750455,2026-04-09T16:00:55+00:00,0.015
59261866601270864198456845856841875150453626184437295894384368539724334278520,1775764858,2026-04-09T20:00:58+00:00,0.016
59261866601270864198456845856841875150453626184437295894384368539724334278520,1775775659,2026-04-09T23:00:59+00:00,0.016
59261866601270864198456845856841875150453626184437295894384368539724334278520,1775782857,2026-04-10T01:00:57+00:00,0.016
59261866601270864198456845856841875150453626184437295894384368539724334278520,1775786454,2026-04-10T02:00:54+00:00,0.0155
59261866601270864198456845856841875150453626184437295894384368539724334278520,1775793659,2026-04-10T04:00:59+00:00,0.0155
59261866601270864198456845856841875150453626184437295894384368539724334278520,1775797259,2026-04-10T05:00:59+00:00,0.0185
59261866601270864198456845856841875150453626184437295894384368539724334278520,1775800825,2026-04-10T06:00:25+00:00,0.0185
59261866601270864198456845856841875150453626184437295894384368539724334278520,1775804453,2026-04-10T07:00:53+00:00,0.0185
59261866601270864198456845856841875150453626184437295894384368539724334278520,1775818852,2026-04-10T11:00:52+00:00,0.019
59261866601270864198456845856841875150453626184437295894384368539724334278520,1775826003,2026-04-10T13:00:03+00:00,0.0185
59261866601270864198456845856841875150453626184437295894384368539724334278520,1775833208,2026-04-10T15:00:08+00:00,0.0185
59261866601270864198456845856841875150453626184437295894384368539724334278520,1775840419,2026-04-10T17:00:19+00:00,0.0185
59261866601270864198456845856841875150453626184437295894384368539724334278520,1775862001,2026-04-10T23:00:01+00:00,0.021
59261866601270864198456845856841875150453626184437295894384368539724334278520,1775869257,2026-04-11T01:00:57+00:00,0.021
59261866601270864198456845856841875150453626184437295894384368539724334278520,1775890853,2026-04-11T07:00:53+00:00,0.023
59261866601270864198456845856841875150453626184437295894384368539724334278520,1775894451,2026-04-11T08:00:51+00:00,0.023
59261866601270864198456845856841875150453626184437295894384368539724334278520,1775901620,2026-04-11T10:00:20+00:00,0.023
59261866601270864198456845856841875150453626184437295894384368539724334278520,1775905254,2026-04-11T11:00:54+00:00,0.023
59261866601270864198456845856841875150453626184437295894384368539724334278520,1775955653,2026-04-12T01:00:53+00:00,0.023
59261866601270864198456845856841875150453626184437295894384368539724334278520,1775959258,2026-04-12T02:00:58+00:00,0.023
59261866601270864198456845856841875150453626184437295894384368539724334278520,1775966457,2026-04-12T04:00:57+00:00,0.023
59261866601270864198456845856841875150453626184437295894384368539724334278520,1775977253,2026-04-12T07:00:53+00:00,0.023
59261866601270864198456845856841875150453626184437295894384368539724334278520,1775980859,2026-04-12T08:00:59+00:00,0.023
59261866601270864198456845856841875150453626184437295894384368539724334278520,1775991653,2026-04-12T11:00:53+00:00,0.023
59261866601270864198456845856841875150453626184437295894384368539724334278520,1776042054,2026-04-13T01:00:54+00:00,0.019
59261866601270864198456845856841875150453626184437295894384368539724334278520,1776049257,2026-04-13T03:00:57+00:00,0.019
59261866601270864198456845856841875150453626184437295894384368539724334278520,1776052846,2026-04-13T04:00:46+00:00,0.019
59261866601270864198456845856841875150453626184437295894384368539724334278520,1776063656,2026-04-13T07:00:56+00:00,0.019
59261866601270864198456845856841875150453626184437295894384368539724334278520,1776067254,2026-04-13T08:00:54+00:00,0.0185
59261866601270864198456845856841875150453626184437295894384368539724334278520,1776128453,2026-04-14T01:00:53+00:00,0.018
59261866601270864198456845856841875150453626184437295894384368539724334278520,1776153653,2026-04-14T08:00:53+00:00,0.0335
59261866601270864198456845856841875150453626184437295894384368539724334278520,1776160851,2026-04-14T10:00:51+00:00,0.034
59261866601270864198456845856841875150453626184437295894384368539724334278520,1776214852,2026-04-15T01:00:52+00:00,0.0515
59261866601270864198456845856841875150453626184437295894384368539724334278520,1776225657,2026-04-15T04:00:57+00:00,0.0515
59261866601270864198456845856841875150453626184437295894384368539724334278520,1776250858,2026-04-15T11:00:58+00:00,0.0525
59261866601270864198456845856841875150453626184437295894384368539724334278520,1776261658,2026-04-15T14:00:58+00:00,0.0505
59261866601270864198456845856841875150453626184437295894384368539724334278520,1776286830,2026-04-15T21:00:30+00:00,0.0465
59261866601270864198456845856841875150453626184437295894384368539724334278520,1776290459,2026-04-15T22:00:59+00:00,0.0465
59261866601270864198456845856841875150453626184437295894384368539724334278520,1776294059,2026-04-15T23:00:59+00:00,0.0465
59261866601270864198456845856841875150453626184437295894384368539724334278520,1776301252,2026-04-16T01:00:52+00:00,0.0465
59261866601270864198456845856841875150453626184437295894384368539724334278520,1776322859,2026-04-16T07:00:59+00:00,0.0415
59261866601270864198456845856841875150453626184437295894384368539724334278520,1776337254,2026-04-16T11:00:54+00:00,0.0415
59261866601270864198456845856841875150453626184437295894384368539724334278520,1776387655,2026-04-17T01:00:55+00:00,0.0415
59261866601270864198456845856841875150453626184437295894384368539724334278520,1776391259,2026-04-17T02:00:59+00:00,0.042
59261866601270864198456845856841875150453626184437295894384368539724334278520,1776398452,2026-04-17T04:00:52+00:00,0.042
59261866601270864198456845856841875150453626184437295894384368539724334278520,1776402054,2026-04-17T05:00:54+00:00,0.042
59261866601270864198456845856841875150453626184437295894384368539724334278520,1776409256,2026-04-17T07:00:56+00:00,0.0415
59261866601270864198456845856841875150453626184437295894384368539724334278520,1776412802,2026-04-17T08:00:02+00:00,0.0415
59261866601270864198456845856841875150453626184437295894384368539724334278520,1776423655,2026-04-17T11:00:55+00:00,0.0415
59261866601270864198456845856841875150453626184437295894384368539724334278520,1776438034,2026-04-17T15:00:34+00:00,0.041
59261866601270864198456845856841875150453626184437295894384368539724334278520,1776445218,2026-04-17T17:00:18+00:00,0.041
59261866601270864198456845856841875150453626184437295894384368539724334278520,1776448839,2026-04-17T18:00:39+00:00,0.041
59261866601270864198456845856841875150453626184437295894384368539724334278520,1776452407,2026-04-17T19:00:07+00:00,0.041
59261866601270864198456845856841875150453626184437295894384368539724334278520,1776456015,2026-04-17T20:00:15+00:00,0.041
59261866601270864198456845856841875150453626184437295894384368539724334278520,1776470423,2026-04-18T00:00:23+00:00,0.0405
59261866601270864198456845856841875150453626184437295894384368539724334278520,1776495656,2026-04-18T07:00:56+00:00,0.042
59261866601270864198456845856841875150453626184437295894384368539724334278520,1776499258,2026-04-18T08:00:58+00:00,0.042
59261866601270864198456845856841875150453626184437295894384368539724334278520,1776510015,2026-04-18T11:00:15+00:00,0.0425
59261866601270864198456845856841875150453626184437295894384368539724334278520,1776524436,2026-04-18T15:00:36+00:00,0.0425
59261866601270864198456845856841875150453626184437295894384368539724334278520,1776535213,2026-04-18T18:00:13+00:00,0.0425
59261866601270864198456845856841875150453626184437295894384368539724334278520,1776560459,2026-04-19T01:00:59+00:00,0.015
59261866601270864198456845856841875150453626184437295894384368539724334278520,1776574856,2026-04-19T05:00:56+00:00,0.015
59261866601270864198456845856841875150453626184437295894384368539724334278520,1776582051,2026-04-19T07:00:51+00:00,0.0115
59261866601270864198456845856841875150453626184437295894384368539724334278520,1776614422,2026-04-19T16:00:22+00:00,0.019
59261866601270864198456845856841875150453626184437295894384368539724334278520,1776659863,2026-04-20T04:37:43+00:00,0.0125
49662274238485451283220527378586398370959042852997899886824914466317758572224,1773982838,2026-03-20T05:00:38+00:00,0.0015
49662274238485451283220527378586398370959042852997899886824914466317758572224,1773986449,2026-03-20T06:00:49+00:00,0.0015
49662274238485451283220527378586398370959042852997899886824914466317758572224,1773990038,2026-03-20T07:00:38+00:00,0.0015
49662274238485451283220527378586398370959042852997899886824914466317758572224,1773993637,2026-03-20T08:00:37+00:00,0.0015
49662274238485451283220527378586398370959042852997899886824914466317758572224,1773997242,2026-03-20T09:00:42+00:00,0.0015
49662274238485451283220527378586398370959042852997899886824914466317758572224,1774004434,2026-03-20T11:00:34+00:00,0.0015
49662274238485451283220527378586398370959042852997899886824914466317758572224,1774008041,2026-03-20T12:00:41+00:00,0.0015
49662274238485451283220527378586398370959042852997899886824914466317758572224,1774011635,2026-03-20T13:00:35+00:00,0.0015
49662274238485451283220527378586398370959042852997899886824914466317758572224,1774015240,2026-03-20T14:00:40+00:00,0.0015
49662274238485451283220527378586398370959042852997899886824914466317758572224,1774018843,2026-03-20T15:00:43+00:00,0.0015
49662274238485451283220527378586398370959042852997899886824914466317758572224,1774022435,2026-03-20T16:00:35+00:00,0.0015
49662274238485451283220527378586398370959042852997899886824914466317758572224,1774026036,2026-03-20T17:00:36+00:00,0.0015
49662274238485451283220527378586398370959042852997899886824914466317758572224,1774029646,2026-03-20T18:00:46+00:00,0.0015
49662274238485451283220527378586398370959042852997899886824914466317758572224,1774033237,2026-03-20T19:00:37+00:00,0.0015
49662274238485451283220527378586398370959042852997899886824914466317758572224,1774036837,2026-03-20T20:00:37+00:00,0.0015
49662274238485451283220527378586398370959042852997899886824914466317758572224,1774040452,2026-03-20T21:00:52+00:00,0.0015
49662274238485451283220527378586398370959042852997899886824914466317758572224,1774044044,2026-03-20T22:00:44+00:00,0.0015
49662274238485451283220527378586398370959042852997899886824914466317758572224,1774047641,2026-03-20T23:00:41+00:00,0.0015
49662274238485451283220527378586398370959042852997899886824914466317758572224,1774051244,2026-03-21T00:00:44+00:00,0.0015
49662274238485451283220527378586398370959042852997899886824914466317758572224,1774054842,2026-03-21T01:00:42+00:00,0.0015
49662274238485451283220527378586398370959042852997899886824914466317758572224,1774058451,2026-03-21T02:00:51+00:00,0.0015
49662274238485451283220527378586398370959042852997899886824914466317758572224,1774062036,2026-03-21T03:00:36+00:00,0.0015
49662274238485451283220527378586398370959042852997899886824914466317758572224,1774065637,2026-03-21T04:00:37+00:00,0.0015
49662274238485451283220527378586398370959042852997899886824914466317758572224,1774069236,2026-03-21T05:00:36+00:00,0.0015
49662274238485451283220527378586398370959042852997899886824914466317758572224,1774072841,2026-03-21T06:00:41+00:00,0.0015
49662274238485451283220527378586398370959042852997899886824914466317758572224,1774076437,2026-03-21T07:00:37+00:00,0.0015
49662274238485451283220527378586398370959042852997899886824914466317758572224,1774080035,2026-03-21T08:00:35+00:00,0.0015
49662274238485451283220527378586398370959042852997899886824914466317758572224,1774083635,2026-03-21T09:00:35+00:00,0.0015
49662274238485451283220527378586398370959042852997899886824914466317758572224,1774087231,2026-03-21T10:00:31+00:00,0.0015
49662274238485451283220527378586398370959042852997899886824914466317758572224,1774090839,2026-03-21T11:00:39+00:00,0.0015
49662274238485451283220527378586398370959042852997899886824914466317758572224,1774094438,2026-03-21T12:00:38+00:00,0.0015
49662274238485451283220527378586398370959042852997899886824914466317758572224,1774098039,2026-03-21T13:00:39+00:00,0.0015
49662274238485451283220527378586398370959042852997899886824914466317758572224,1774101644,2026-03-21T14:00:44+00:00,0.0015
49662274238485451283220527378586398370959042852997899886824914466317758572224,1774105248,2026-03-21T15:00:48+00:00,0.0015
49662274238485451283220527378586398370959042852997899886824914466317758572224,1774108854,2026-03-21T16:00:54+00:00,0.0015
49662274238485451283220527378586398370959042852997899886824914466317758572224,1774112455,2026-03-21T17:00:55+00:00,0.0015
49662274238485451283220527378586398370959042852997899886824914466317758572224,1774116042,2026-03-21T18:00:42+00:00,0.0015
49662274238485451283220527378586398370959042852997899886824914466317758572224,1774119637,2026-03-21T19:00:37+00:00,0.0015
49662274238485451283220527378586398370959042852997899886824914466317758572224,1774123236,2026-03-21T20:00:36+00:00,0.0015
49662274238485451283220527378586398370959042852997899886824914466317758572224,1774126839,2026-03-21T21:00:39+00:00,0.0015
49662274238485451283220527378586398370959042852997899886824914466317758572224,1774130438,2026-03-21T22:00:38+00:00,0.0015
49662274238485451283220527378586398370959042852997899886824914466317758572224,1774134036,2026-03-21T23:00:36+00:00,0.0015
49662274238485451283220527378586398370959042852997899886824914466317758572224,1774137642,2026-03-22T00:00:42+00:00,0.0015
49662274238485451283220527378586398370959042852997899886824914466317758572224,1774141235,2026-03-22T01:00:35+00:00,0.0015
49662274238485451283220527378586398370959042852997899886824914466317758572224,1774144830,2026-03-22T02:00:30+00:00,0.0015
49662274238485451283220527378586398370959042852997899886824914466317758572224,1774148432,2026-03-22T03:00:32+00:00,0.0015
49662274238485451283220527378586398370959042852997899886824914466317758572224,1774152030,2026-03-22T04:00:30+00:00,0.0015
49662274238485451283220527378586398370959042852997899886824914466317758572224,1774155635,2026-03-22T05:00:35+00:00,0.0015
49662274238485451283220527378586398370959042852997899886824914466317758572224,1774159234,2026-03-22T06:00:34+00:00,0.0015
49662274238485451283220527378586398370959042852997899886824914466317758572224,1774162828,2026-03-22T07:00:28+00:00,0.0015
49662274238485451283220527378586398370959042852997899886824914466317758572224,1774166431,2026-03-22T08:00:31+00:00,0.0015
49662274238485451283220527378586398370959042852997899886824914466317758572224,1774170031,2026-03-22T09:00:31+00:00,0.0015
49662274238485451283220527378586398370959042852997899886824914466317758572224,1774173630,2026-03-22T10:00:30+00:00,0.0015
49662274238485451283220527378586398370959042852997899886824914466317758572224,1774177228,2026-03-22T11:00:28+00:00,0.0015
49662274238485451283220527378586398370959042852997899886824914466317758572224,1774180849,2026-03-22T12:00:49+00:00,0.0015
49662274238485451283220527378586398370959042852997899886824914466317758572224,1774184443,2026-03-22T13:00:43+00:00,0.0015
49662274238485451283220527378586398370959042852997899886824914466317758572224,1774188030,2026-03-22T14:00:30+00:00,0.0015
49662274238485451283220527378586398370959042852997899886824914466317758572224,1774191631,2026-03-22T15:00:31+00:00,0.0015
49662274238485451283220527378586398370959042852997899886824914466317758572224,1774195233,2026-03-22T16:00:33+00:00,0.0015
49662274238485451283220527378586398370959042852997899886824914466317758572224,1774202435,2026-03-22T18:00:35+00:00,0.0015
49662274238485451283220527378586398370959042852997899886824914466317758572224,1774206032,2026-03-22T19:00:32+00:00,0.0015
49662274238485451283220527378586398370959042852997899886824914466317758572224,1774209631,2026-03-22T20:00:31+00:00,0.0015
49662274238485451283220527378586398370959042852997899886824914466317758572224,1774213234,2026-03-22T21:00:34+00:00,0.0015
49662274238485451283220527378586398370959042852997899886824914466317758572224,1774216832,2026-03-22T22:00:32+00:00,0.0015
49662274238485451283220527378586398370959042852997899886824914466317758572224,1774220434,2026-03-22T23:00:34+00:00,0.0015
49662274238485451283220527378586398370959042852997899886824914466317758572224,1774224036,2026-03-23T00:00:36+00:00,0.0015
49662274238485451283220527378586398370959042852997899886824914466317758572224,1774227630,2026-03-23T01:00:30+00:00,0.0015
49662274238485451283220527378586398370959042852997899886824914466317758572224,1774231232,2026-03-23T02:00:32+00:00,0.0015
49662274238485451283220527378586398370959042852997899886824914466317758572224,1774234837,2026-03-23T03:00:37+00:00,0.0015
49662274238485451283220527378586398370959042852997899886824914466317758572224,1774238428,2026-03-23T04:00:28+00:00,0.0015
49662274238485451283220527378586398370959042852997899886824914466317758572224,1774242036,2026-03-23T05:00:36+00:00,0.0015
49662274238485451283220527378586398370959042852997899886824914466317758572224,1774245637,2026-03-23T06:00:37+00:00,0.0015
49662274238485451283220527378586398370959042852997899886824914466317758572224,1774249233,2026-03-23T07:00:33+00:00,0.0015
49662274238485451283220527378586398370959042852997899886824914466317758572224,1774252836,2026-03-23T08:00:36+00:00,0.0015
49662274238485451283220527378586398370959042852997899886824914466317758572224,1774256446,2026-03-23T09:00:46+00:00,0.0015
49662274238485451283220527378586398370959042852997899886824914466317758572224,1774260031,2026-03-23T10:00:31+00:00,0.0015
49662274238485451283220527378586398370959042852997899886824914466317758572224,1774263628,2026-03-23T11:00:28+00:00,0.0015
49662274238485451283220527378586398370959042852997899886824914466317758572224,1774267234,2026-03-23T12:00:34+00:00,0.0015
49662274238485451283220527378586398370959042852997899886824914466317758572224,1774270836,2026-03-23T13:00:36+00:00,0.0015
49662274238485451283220527378586398370959042852997899886824914466317758572224,1774274431,2026-03-23T14:00:31+00:00,0.0015
49662274238485451283220527378586398370959042852997899886824914466317758572224,1774278029,2026-03-23T15:00:29+00:00,0.0015
49662274238485451283220527378586398370959042852997899886824914466317758572224,1774281630,2026-03-23T16:00:30+00:00,0.0015
49662274238485451283220527378586398370959042852997899886824914466317758572224,1774285246,2026-03-23T17:00:46+00:00,0.0015
49662274238485451283220527378586398370959042852997899886824914466317758572224,1774288830,2026-03-23T18:00:30+00:00,0.0015
49662274238485451283220527378586398370959042852997899886824914466317758572224,1774292447,2026-03-23T19:00:47+00:00,0.0015
49662274238485451283220527378586398370959042852997899886824914466317758572224,1774296031,2026-03-23T20:00:31+00:00,0.0015
49662274238485451283220527378586398370959042852997899886824914466317758572224,1774299635,2026-03-23T21:00:35+00:00,0.0015
49662274238485451283220527378586398370959042852997899886824914466317758572224,1774303231,2026-03-23T22:00:31+00:00,0.0015
49662274238485451283220527378586398370959042852997899886824914466317758572224,1774306830,2026-03-23T23:00:30+00:00,0.0015
49662274238485451283220527378586398370959042852997899886824914466317758572224,1774310432,2026-03-24T00:00:32+00:00,0.0015
49662274238485451283220527378586398370959042852997899886824914466317758572224,1774314027,2026-03-24T01:00:27+00:00,0.0015
49662274238485451283220527378586398370959042852997899886824914466317758572224,1774317629,2026-03-24T02:00:29+00:00,0.0015
49662274238485451283220527378586398370959042852997899886824914466317758572224,1774321230,2026-03-24T03:00:30+00:00,0.0015
49662274238485451283220527378586398370959042852997899886824914466317758572224,1774324832,2026-03-24T04:00:32+00:00,0.0015
49662274238485451283220527378586398370959042852997899886824914466317758572224,1774328431,2026-03-24T05:00:31+00:00,0.0015
49662274238485451283220527378586398370959042852997899886824914466317758572224,1774332037,2026-03-24T06:00:37+00:00,0.0015
49662274238485451283220527378586398370959042852997899886824914466317758572224,1774335627,2026-03-24T07:00:27+00:00,0.0015
49662274238485451283220527378586398370959042852997899886824914466317758572224,1774339228,2026-03-24T08:00:28+00:00,0.0015
49662274238485451283220527378586398370959042852997899886824914466317758572224,1774342832,2026-03-24T09:00:32+00:00,0.0015
49662274238485451283220527378586398370959042852997899886824914466317758572224,1774346427,2026-03-24T10:00:27+00:00,0.0015
49662274238485451283220527378586398370959042852997899886824914466317758572224,1774350052,2026-03-24T11:00:52+00:00,0.0015
49662274238485451283220527378586398370959042852997899886824914466317758572224,1774353638,2026-03-24T12:00:38+00:00,0.0015
49662274238485451283220527378586398370959042852997899886824914466317758572224,1774357238,2026-03-24T13:00:38+00:00,0.0015
49662274238485451283220527378586398370959042852997899886824914466317758572224,1774360827,2026-03-24T14:00:27+00:00,0.0015
49662274238485451283220527378586398370959042852997899886824914466317758572224,1774364428,2026-03-24T15:00:28+00:00,0.0015
49662274238485451283220527378586398370959042852997899886824914466317758572224,1774368026,2026-03-24T16:00:26+00:00,0.0015
49662274238485451283220527378586398370959042852997899886824914466317758572224,1774371627,2026-03-24T17:00:27+00:00,0.0015
49662274238485451283220527378586398370959042852997899886824914466317758572224,1774375232,2026-03-24T18:00:32+00:00,0.0015
49662274238485451283220527378586398370959042852997899886824914466317758572224,1774378827,2026-03-24T19:00:27+00:00,0.0015
49662274238485451283220527378586398370959042852997899886824914466317758572224,1774382429,2026-03-24T20:00:29+00:00,0.0015
49662274238485451283220527378586398370959042852997899886824914466317758572224,1774386033,2026-03-24T21:00:33+00:00,0.0015
49662274238485451283220527378586398370959042852997899886824914466317758572224,1774389624,2026-03-24T22:00:24+00:00,0.0015
49662274238485451283220527378586398370959042852997899886824914466317758572224,1774393228,2026-03-24T23:00:28+00:00,0.0015
49662274238485451283220527378586398370959042852997899886824914466317758572224,1774396832,2026-03-25T00:00:32+00:00,0.0015
49662274238485451283220527378586398370959042852997899886824914466317758572224,1774400426,2026-03-25T01:00:26+00:00,0.0015
49662274238485451283220527378586398370959042852997899886824914466317758572224,1774404028,2026-03-25T02:00:28+00:00,0.0015
49662274238485451283220527378586398370959042852997899886824914466317758572224,1774407626,2026-03-25T03:00:26+00:00,0.0015
49662274238485451283220527378586398370959042852997899886824914466317758572224,1774411230,2026-03-25T04:00:30+00:00,0.0015
49662274238485451283220527378586398370959042852997899886824914466317758572224,1774414829,2026-03-25T05:00:29+00:00,0.0015
49662274238485451283220527378586398370959042852997899886824914466317758572224,1774418430,2026-03-25T06:00:30+00:00,0.0015
49662274238485451283220527378586398370959042852997899886824914466317758572224,1774422027,2026-03-25T07:00:27+00:00,0.0015
49662274238485451283220527378586398370959042852997899886824914466317758572224,1774425626,2026-03-25T08:00:26+00:00,0.0015
49662274238485451283220527378586398370959042852997899886824914466317758572224,1774429230,2026-03-25T09:00:30+00:00,0.0015
49662274238485451283220527378586398370959042852997899886824914466317758572224,1774432830,2026-03-25T10:00:30+00:00,0.0015
49662274238485451283220527378586398370959042852997899886824914466317758572224,1774436431,2026-03-25T11:00:31+00:00,0.0015
49662274238485451283220527378586398370959042852997899886824914466317758572224,1774440034,2026-03-25T12:00:34+00:00,0.0015
49662274238485451283220527378586398370959042852997899886824914466317758572224,1774443630,2026-03-25T13:00:30+00:00,0.0015
49662274238485451283220527378586398370959042852997899886824914466317758572224,1774447240,2026-03-25T14:00:40+00:00,0.0015
49662274238485451283220527378586398370959042852997899886824914466317758572224,1774450832,2026-03-25T15:00:32+00:00,0.0015
49662274238485451283220527378586398370959042852997899886824914466317758572224,1774454431,2026-03-25T16:00:31+00:00,0.0015
49662274238485451283220527378586398370959042852997899886824914466317758572224,1774458028,2026-03-25T17:00:28+00:00,0.0015
49662274238485451283220527378586398370959042852997899886824914466317758572224,1774461632,2026-03-25T18:00:32+00:00,0.0015
49662274238485451283220527378586398370959042852997899886824914466317758572224,1774465230,2026-03-25T19:00:30+00:00,0.0015
49662274238485451283220527378586398370959042852997899886824914466317758572224,1774468831,2026-03-25T20:00:31+00:00,0.0015
49662274238485451283220527378586398370959042852997899886824914466317758572224,1774472428,2026-03-25T21:00:28+00:00,0.0015
49662274238485451283220527378586398370959042852997899886824914466317758572224,1774476027,2026-03-25T22:00:27+00:00,0.0015
49662274238485451283220527378586398370959042852997899886824914466317758572224,1774479626,2026-03-25T23:00:26+00:00,0.0015
49662274238485451283220527378586398370959042852997899886824914466317758572224,1774483236,2026-03-26T00:00:36+00:00,0.0015
49662274238485451283220527378586398370959042852997899886824914466317758572224,1774486829,2026-03-26T01:00:29+00:00,0.0015
49662274238485451283220527378586398370959042852997899886824914466317758572224,1774490429,2026-03-26T02:00:29+00:00,0.0015
49662274238485451283220527378586398370959042852997899886824914466317758572224,1774494033,2026-03-26T03:00:33+00:00,0.0015
49662274238485451283220527378586398370959042852997899886824914466317758572224,1774497630,2026-03-26T04:00:30+00:00,0.0015
49662274238485451283220527378586398370959042852997899886824914466317758572224,1774501226,2026-03-26T05:00:26+00:00,0.0015
49662274238485451283220527378586398370959042852997899886824914466317758572224,1774504833,2026-03-26T06:00:33+00:00,0.0015
49662274238485451283220527378586398370959042852997899886824914466317758572224,1774508441,2026-03-26T07:00:41+00:00,0.0015
49662274238485451283220527378586398370959042852997899886824914466317758572224,1774512028,2026-03-26T08:00:28+00:00,0.0015
49662274238485451283220527378586398370959042852997899886824914466317758572224,1774515628,2026-03-26T09:00:28+00:00,0.0015
49662274238485451283220527378586398370959042852997899886824914466317758572224,1774519231,2026-03-26T10:00:31+00:00,0.0015
49662274238485451283220527378586398370959042852997899886824914466317758572224,1774522825,2026-03-26T11:00:25+00:00,0.0015
49662274238485451283220527378586398370959042852997899886824914466317758572224,1774526446,2026-03-26T12:00:46+00:00,0.0015
49662274238485451283220527378586398370959042852997899886824914466317758572224,1774530035,2026-03-26T13:00:35+00:00,0.0015
49662274238485451283220527378586398370959042852997899886824914466317758572224,1774533631,2026-03-26T14:00:31+00:00,0.0015
49662274238485451283220527378586398370959042852997899886824914466317758572224,1774537230,2026-03-26T15:00:30+00:00,0.0015
49662274238485451283220527378586398370959042852997899886824914466317758572224,1774540829,2026-03-26T16:00:29+00:00,0.0015
49662274238485451283220527378586398370959042852997899886824914466317758572224,1774544447,2026-03-26T17:00:47+00:00,0.0015
49662274238485451283220527378586398370959042852997899886824914466317758572224,1774548029,2026-03-26T18:00:29+00:00,0.0015
49662274238485451283220527378586398370959042852997899886824914466317758572224,1774551625,2026-03-26T19:00:25+00:00,0.0015
49662274238485451283220527378586398370959042852997899886824914466317758572224,1774555228,2026-03-26T20:00:28+00:00,0.0015
49662274238485451283220527378586398370959042852997899886824914466317758572224,1774558827,2026-03-26T21:00:27+00:00,0.0015
49662274238485451283220527378586398370959042852997899886824914466317758572224,1774562428,2026-03-26T22:00:28+00:00,0.0015
49662274238485451283220527378586398370959042852997899886824914466317758572224,1774566025,2026-03-26T23:00:25+00:00,0.0015
49662274238485451283220527378586398370959042852997899886824914466317758572224,1774569633,2026-03-27T00:00:33+00:00,0.0015
49662274238485451283220527378586398370959042852997899886824914466317758572224,1774573227,2026-03-27T01:00:27+00:00,0.0015
49662274238485451283220527378586398370959042852997899886824914466317758572224,1774576830,2026-03-27T02:00:30+00:00,0.0015
49662274238485451283220527378586398370959042852997899886824914466317758572224,1774580431,2026-03-27T03:00:31+00:00,0.0015
49662274238485451283220527378586398370959042852997899886824914466317758572224,1774584026,2026-03-27T04:00:26+00:00,0.0015
49662274238485451283220527378586398370959042852997899886824914466317758572224,1774587628,2026-03-27T05:00:28+00:00,0.0015
49662274238485451283220527378586398370959042852997899886824914466317758572224,1774591230,2026-03-27T06:00:30+00:00,0.0015
49662274238485451283220527378586398370959042852997899886824914466317758572224,1774594828,2026-03-27T07:00:28+00:00,0.0005
49662274238485451283220527378586398370959042852997899886824914466317758572224,1774598424,2026-03-27T08:00:24+00:00,0.0005
49662274238485451283220527378586398370959042852997899886824914466317758572224,1774602029,2026-03-27T09:00:29+00:00,0.0005
49662274238485451283220527378586398370959042852997899886824914466317758572224,1774605624,2026-03-27T10:00:24+00:00,0.0005
49662274238485451283220527378586398370959042852997899886824914466317758572224,1774609228,2026-03-27T11:00:28+00:00,0.0005
49662274238485451283220527378586398370959042852997899886824914466317758572224,1774612832,2026-03-27T12:00:32+00:00,0.0005
49662274238485451283220527378586398370959042852997899886824914466317758572224,1774616428,2026-03-27T13:00:28+00:00,0.0005
49662274238485451283220527378586398370959042852997899886824914466317758572224,1774620030,2026-03-27T14:00:30+00:00,0.0005
49662274238485451283220527378586398370959042852997899886824914466317758572224,1774623627,2026-03-27T15:00:27+00:00,0.0005
49662274238485451283220527378586398370959042852997899886824914466317758572224,1774627229,2026-03-27T16:00:29+00:00,0.0005
49662274238485451283220527378586398370959042852997899886824914466317758572224,1774630833,2026-03-27T17:00:33+00:00,0.0005
49662274238485451283220527378586398370959042852997899886824914466317758572224,1774634433,2026-03-27T18:00:33+00:00,0.0005
49662274238485451283220527378586398370959042852997899886824914466317758572224,1774638031,2026-03-27T19:00:31+00:00,0.0005
49662274238485451283220527378586398370959042852997899886824914466317758572224,1774641636,2026-03-27T20:00:36+00:00,0.0005
49662274238485451283220527378586398370959042852997899886824914466317758572224,1774645234,2026-03-27T21:00:34+00:00,0.0005
49662274238485451283220527378586398370959042852997899886824914466317758572224,1774648829,2026-03-27T22:00:29+00:00,0.0005
49662274238485451283220527378586398370959042852997899886824914466317758572224,1774652443,2026-03-27T23:00:43+00:00,0.0005
49662274238485451283220527378586398370959042852997899886824914466317758572224,1774656035,2026-03-28T00:00:35+00:00,0.0005
49662274238485451283220527378586398370959042852997899886824914466317758572224,1774659631,2026-03-28T01:00:31+00:00,0.0005
49662274238485451283220527378586398370959042852997899886824914466317758572224,1774663230,2026-03-28T02:00:30+00:00,0.0005
49662274238485451283220527378586398370959042852997899886824914466317758572224,1774666830,2026-03-28T03:00:30+00:00,0.0005
49662274238485451283220527378586398370959042852997899886824914466317758572224,1774670430,2026-03-28T04:00:30+00:00,0.0005
49662274238485451283220527378586398370959042852997899886824914466317758572224,1774674027,2026-03-28T05:00:27+00:00,0.0005
49662274238485451283220527378586398370959042852997899886824914466317758572224,1774677633,2026-03-28T06:00:33+00:00,0.0005
49662274238485451283220527378586398370959042852997899886824914466317758572224,1774681229,2026-03-28T07:00:29+00:00,0.0005
49662274238485451283220527378586398370959042852997899886824914466317758572224,1774684833,2026-03-28T08:00:33+00:00,0.0005
49662274238485451283220527378586398370959042852997899886824914466317758572224,1774688432,2026-03-28T09:00:32+00:00,0.0005
49662274238485451283220527378586398370959042852997899886824914466317758572224,1774692030,2026-03-28T10:00:30+00:00,0.0005
49662274238485451283220527378586398370959042852997899886824914466317758572224,1774695640,2026-03-28T11:00:40+00:00,0.0005
49662274238485451283220527378586398370959042852997899886824914466317758572224,1774699233,2026-03-28T12:00:33+00:00,0.0005
49662274238485451283220527378586398370959042852997899886824914466317758572224,1774702833,2026-03-28T13:00:33+00:00,0.0005
49662274238485451283220527378586398370959042852997899886824914466317758572224,1774706435,2026-03-28T14:00:35+00:00,0.0005
49662274238485451283220527378586398370959042852997899886824914466317758572224,1774710033,2026-03-28T15:00:33+00:00,0.0005
49662274238485451283220527378586398370959042852997899886824914466317758572224,1774713631,2026-03-28T16:00:31+00:00,0.0005
49662274238485451283220527378586398370959042852997899886824914466317758572224,1774717236,2026-03-28T17:00:36+00:00,0.0005
49662274238485451283220527378586398370959042852997899886824914466317758572224,1774720839,2026-03-28T18:00:39+00:00,0.0005
49662274238485451283220527378586398370959042852997899886824914466317758572224,1774724434,2026-03-28T19:00:34+00:00,0.0005
49662274238485451283220527378586398370959042852997899886824914466317758572224,1774728031,2026-03-28T20:00:31+00:00,0.0005
49662274238485451283220527378586398370959042852997899886824914466317758572224,1774731634,2026-03-28T21:00:34+00:00,0.0005
49662274238485451283220527378586398370959042852997899886824914466317758572224,1774735233,2026-03-28T22:00:33+00:00,0.0005
49662274238485451283220527378586398370959042852997899886824914466317758572224,1774738833,2026-03-28T23:00:33+00:00,0.0005
49662274238485451283220527378586398370959042852997899886824914466317758572224,1774742437,2026-03-29T00:00:37+00:00,0.0005
49662274238485451283220527378586398370959042852997899886824914466317758572224,1774746038,2026-03-29T01:00:38+00:00,0.0005
49662274238485451283220527378586398370959042852997899886824914466317758572224,1774749634,2026-03-29T02:00:34+00:00,0.0005
49662274238485451283220527378586398370959042852997899886824914466317758572224,1774753233,2026-03-29T03:00:33+00:00,0.0005
49662274238485451283220527378586398370959042852997899886824914466317758572224,1774756834,2026-03-29T04:00:34+00:00,0.0005
49662274238485451283220527378586398370959042852997899886824914466317758572224,1774760434,2026-03-29T05:00:34+00:00,0.0005
49662274238485451283220527378586398370959042852997899886824914466317758572224,1774764037,2026-03-29T06:00:37+00:00,0.0005
49662274238485451283220527378586398370959042852997899886824914466317758572224,1774767634,2026-03-29T07:00:34+00:00,0.0005
49662274238485451283220527378586398370959042852997899886824914466317758572224,1774771238,2026-03-29T08:00:38+00:00,0.0005
49662274238485451283220527378586398370959042852997899886824914466317758572224,1774774840,2026-03-29T09:00:40+00:00,0.0005
49662274238485451283220527378586398370959042852997899886824914466317758572224,1774778432,2026-03-29T10:00:32+00:00,0.0005
49662274238485451283220527378586398370959042852997899886824914466317758572224,1774782032,2026-03-29T11:00:32+00:00,0.0005
49662274238485451283220527378586398370959042852997899886824914466317758572224,1774785642,2026-03-29T12:00:42+00:00,0.0005
49662274238485451283220527378586398370959042852997899886824914466317758572224,1774789233,2026-03-29T13:00:33+00:00,0.0005
49662274238485451283220527378586398370959042852997899886824914466317758572224,1774792837,2026-03-29T14:00:37+00:00,0.0005
49662274238485451283220527378586398370959042852997899886824914466317758572224,1774796437,2026-03-29T15:00:37+00:00,0.0005
49662274238485451283220527378586398370959042852997899886824914466317758572224,1774800035,2026-03-29T16:00:35+00:00,0.0005
49662274238485451283220527378586398370959042852997899886824914466317758572224,1774803637,2026-03-29T17:00:37+00:00,0.0005
49662274238485451283220527378586398370959042852997899886824914466317758572224,1774807243,2026-03-29T18:00:43+00:00,0.0005
49662274238485451283220527378586398370959042852997899886824914466317758572224,1774810836,2026-03-29T19:00:36+00:00,0.0005
49662274238485451283220527378586398370959042852997899886824914466317758572224,1774814437,2026-03-29T20:00:37+00:00,0.0005
49662274238485451283220527378586398370959042852997899886824914466317758572224,1774818039,2026-03-29T21:00:39+00:00,0.0005
49662274238485451283220527378586398370959042852997899886824914466317758572224,1774821646,2026-03-29T22:00:46+00:00,0.0005
49662274238485451283220527378586398370959042852997899886824914466317758572224,1774825253,2026-03-29T23:00:53+00:00,0.0005
49662274238485451283220527378586398370959042852997899886824914466317758572224,1774828848,2026-03-30T00:00:48+00:00,0.0005
49662274238485451283220527378586398370959042852997899886824914466317758572224,1774832437,2026-03-30T01:00:37+00:00,0.0005
49662274238485451283220527378586398370959042852997899886824914466317758572224,1774836038,2026-03-30T02:00:38+00:00,0.0005
49662274238485451283220527378586398370959042852997899886824914466317758572224,1774839644,2026-03-30T03:00:44+00:00,0.0005
49662274238485451283220527378586398370959042852997899886824914466317758572224,1774843250,2026-03-30T04:00:50+00:00,0.0005
49662274238485451283220527378586398370959042852997899886824914466317758572224,1774846851,2026-03-30T05:00:51+00:00,0.0005
49662274238485451283220527378586398370959042852997899886824914466317758572224,1774850439,2026-03-30T06:00:39+00:00,0.0005
49662274238485451283220527378586398370959042852997899886824914466317758572224,1774854051,2026-03-30T07:00:51+00:00,0.0005
49662274238485451283220527378586398370959042852997899886824914466317758572224,1774857638,2026-03-30T08:00:38+00:00,0.0005
49662274238485451283220527378586398370959042852997899886824914466317758572224,1774861240,2026-03-30T09:00:40+00:00,0.0005
49662274238485451283220527378586398370959042852997899886824914466317758572224,1774864837,2026-03-30T10:00:37+00:00,0.0005
49662274238485451283220527378586398370959042852997899886824914466317758572224,1774868439,2026-03-30T11:00:39+00:00,0.0005
49662274238485451283220527378586398370959042852997899886824914466317758572224,1774872042,2026-03-30T12:00:42+00:00,0.0005
49662274238485451283220527378586398370959042852997899886824914466317758572224,1774875652,2026-03-30T13:00:52+00:00,0.0005
49662274238485451283220527378586398370959042852997899886824914466317758572224,1774879248,2026-03-30T14:00:48+00:00,0.0005
49662274238485451283220527378586398370959042852997899886824914466317758572224,1774882841,2026-03-30T15:00:41+00:00,0.0005
49662274238485451283220527378586398370959042852997899886824914466317758572224,1774886442,2026-03-30T16:00:42+00:00,0.0005
49662274238485451283220527378586398370959042852997899886824914466317758572224,1774890051,2026-03-30T17:00:51+00:00,0.0005
49662274238485451283220527378586398370959042852997899886824914466317758572224,1774893646,2026-03-30T18:00:46+00:00,0.0005
49662274238485451283220527378586398370959042852997899886824914466317758572224,1774897243,2026-03-30T19:00:43+00:00,0.0005
49662274238485451283220527378586398370959042852997899886824914466317758572224,1774900851,2026-03-30T20:00:51+00:00,0.0005
49662274238485451283220527378586398370959042852997899886824914466317758572224,1774904440,2026-03-30T21:00:40+00:00,0.0005
49662274238485451283220527378586398370959042852997899886824914466317758572224,1774908038,2026-03-30T22:00:38+00:00,0.0005
49662274238485451283220527378586398370959042852997899886824914466317758572224,1774911639,2026-03-30T23:00:39+00:00,0.0005
49662274238485451283220527378586398370959042852997899886824914466317758572224,1774915245,2026-03-31T00:00:45+00:00,0.0005
49662274238485451283220527378586398370959042852997899886824914466317758572224,1774918842,2026-03-31T01:00:42+00:00,0.0005
49662274238485451283220527378586398370959042852997899886824914466317758572224,1774922451,2026-03-31T02:00:51+00:00,0.0005
49662274238485451283220527378586398370959042852997899886824914466317758572224,1774926056,2026-03-31T03:00:56+00:00,0.0005
49662274238485451283220527378586398370959042852997899886824914466317758572224,1774929638,2026-03-31T04:00:38+00:00,0.0005
49662274238485451283220527378586398370959042852997899886824914466317758572224,1774933239,2026-03-31T05:00:39+00:00,0.0005
49662274238485451283220527378586398370959042852997899886824914466317758572224,1774936843,2026-03-31T06:00:43+00:00,0.0005
49662274238485451283220527378586398370959042852997899886824914466317758572224,1774940447,2026-03-31T07:00:47+00:00,0.0005
49662274238485451283220527378586398370959042852997899886824914466317758572224,1774944038,2026-03-31T08:00:38+00:00,0.0005
49662274238485451283220527378586398370959042852997899886824914466317758572224,1774947647,2026-03-31T09:00:47+00:00,0.0005
49662274238485451283220527378586398370959042852997899886824914466317758572224,1774951242,2026-03-31T10:00:42+00:00,0.0005
49662274238485451283220527378586398370959042852997899886824914466317758572224,1774954841,2026-03-31T11:00:41+00:00,0.0005
49662274238485451283220527378586398370959042852997899886824914466317758572224,1774958458,2026-03-31T12:00:58+00:00,0.0005
49662274238485451283220527378586398370959042852997899886824914466317758572224,1774962042,2026-03-31T13:00:42+00:00,0.0005
49662274238485451283220527378586398370959042852997899886824914466317758572224,1774965649,2026-03-31T14:00:49+00:00,0.0005
49662274238485451283220527378586398370959042852997899886824914466317758572224,1774969213,2026-03-31T15:00:13+00:00,0.0005
49662274238485451283220527378586398370959042852997899886824914466317758572224,1774972851,2026-03-31T16:00:51+00:00,0.0005
49662274238485451283220527378586398370959042852997899886824914466317758572224,1774976407,2026-03-31T17:00:07+00:00,0.0005
49662274238485451283220527378586398370959042852997899886824914466317758572224,1774980032,2026-03-31T18:00:32+00:00,0.0005
49662274238485451283220527378586398370959042852997899886824914466317758572224,1774987255,2026-03-31T20:00:55+00:00,0.0005
49662274238485451283220527378586398370959042852997899886824914466317758572224,1774990844,2026-03-31T21:00:44+00:00,0.0005
49662274238485451283220527378586398370959042852997899886824914466317758572224,1774994441,2026-03-31T22:00:41+00:00,0.0005
49662274238485451283220527378586398370959042852997899886824914466317758572224,1774998043,2026-03-31T23:00:43+00:00,0.0005
49662274238485451283220527378586398370959042852997899886824914466317758572224,1775001654,2026-04-01T00:00:54+00:00,0.0005
49662274238485451283220527378586398370959042852997899886824914466317758572224,1775005238,2026-04-01T01:00:38+00:00,0.0005
49662274238485451283220527378586398370959042852997899886824914466317758572224,1775008840,2026-04-01T02:00:40+00:00,0.0005
49662274238485451283220527378586398370959042852997899886824914466317758572224,1775012444,2026-04-01T03:00:44+00:00,0.0005
49662274238485451283220527378586398370959042852997899886824914466317758572224,1775016053,2026-04-01T04:00:53+00:00,0.0005
49662274238485451283220527378586398370959042852997899886824914466317758572224,1775019637,2026-04-01T05:00:37+00:00,0.0005
49662274238485451283220527378586398370959042852997899886824914466317758572224,1775023239,2026-04-01T06:00:39+00:00,0.0005
49662274238485451283220527378586398370959042852997899886824914466317758572224,1775026839,2026-04-01T07:00:39+00:00,0.0005
49662274238485451283220527378586398370959042852997899886824914466317758572224,1775030445,2026-04-01T08:00:45+00:00,0.0005
49662274238485451283220527378586398370959042852997899886824914466317758572224,1775034043,2026-04-01T09:00:43+00:00,0.0005
49662274238485451283220527378586398370959042852997899886824914466317758572224,1775037635,2026-04-01T10:00:35+00:00,0.0005
49662274238485451283220527378586398370959042852997899886824914466317758572224,1775041237,2026-04-01T11:00:37+00:00,0.0005
49662274238485451283220527378586398370959042852997899886824914466317758572224,1775044853,2026-04-01T12:00:53+00:00,0.0005
49662274238485451283220527378586398370959042852997899886824914466317758572224,1775048437,2026-04-01T13:00:37+00:00,0.0005
49662274238485451283220527378586398370959042852997899886824914466317758572224,1775052043,2026-04-01T14:00:43+00:00,0.0005
49662274238485451283220527378586398370959042852997899886824914466317758572224,1775055643,2026-04-01T15:00:43+00:00,0.0005
49662274238485451283220527378586398370959042852997899886824914466317758572224,1775059245,2026-04-01T16:00:45+00:00,0.0005
49662274238485451283220527378586398370959042852997899886824914466317758572224,1775062851,2026-04-01T17:00:51+00:00,0.0005
49662274238485451283220527378586398370959042852997899886824914466317758572224,1775066443,2026-04-01T18:00:43+00:00,0.0005
49662274238485451283220527378586398370959042852997899886824914466317758572224,1775070043,2026-04-01T19:00:43+00:00,0.0005
49662274238485451283220527378586398370959042852997899886824914466317758572224,1775073649,2026-04-01T20:00:49+00:00,0.0005
49662274238485451283220527378586398370959042852997899886824914466317758572224,1775080840,2026-04-01T22:00:40+00:00,0.0005
49662274238485451283220527378586398370959042852997899886824914466317758572224,1775084451,2026-04-01T23:00:51+00:00,0.0005
49662274238485451283220527378586398370959042852997899886824914466317758572224,1775088048,2026-04-02T00:00:48+00:00,0.0005
49662274238485451283220527378586398370959042852997899886824914466317758572224,1775091649,2026-04-02T01:00:49+00:00,0.0005
49662274238485451283220527378586398370959042852997899886824914466317758572224,1775095238,2026-04-02T02:00:38+00:00,0.0005
49662274238485451283220527378586398370959042852997899886824914466317758572224,1775098858,2026-04-02T03:00:58+00:00,0.0005
49662274238485451283220527378586398370959042852997899886824914466317758572224,1775102442,2026-04-02T04:00:42+00:00,0.0005
49662274238485451283220527378586398370959042852997899886824914466317758572224,1775106040,2026-04-02T05:00:40+00:00,0.0005
49662274238485451283220527378586398370959042852997899886824914466317758572224,1775109650,2026-04-02T06:00:50+00:00,0.0005
49662274238485451283220527378586398370959042852997899886824914466317758572224,1775113236,2026-04-02T07:00:36+00:00,0.0005
49662274238485451283220527378586398370959042852997899886824914466317758572224,1775116837,2026-04-02T08:00:37+00:00,0.0005
49662274238485451283220527378586398370959042852997899886824914466317758572224,1775120438,2026-04-02T09:00:38+00:00,0.0005
49662274238485451283220527378586398370959042852997899886824914466317758572224,1775124037,2026-04-02T10:00:37+00:00,0.0005
49662274238485451283220527378586398370959042852997899886824914466317758572224,1775127639,2026-04-02T11:00:39+00:00,0.0005
49662274238485451283220527378586398370959042852997899886824914466317758572224,1775131244,2026-04-02T12:00:44+00:00,0.0005
49662274238485451283220527378586398370959042852997899886824914466317758572224,1775134854,2026-04-02T13:00:54+00:00,0.0005
49662274238485451283220527378586398370959042852997899886824914466317758572224,1775138451,2026-04-02T14:00:51+00:00,0.0005
49662274238485451283220527378586398370959042852997899886824914466317758572224,1775149208,2026-04-02T17:00:08+00:00,0.0005
49662274238485451283220527378586398370959042852997899886824914466317758572224,1775152840,2026-04-02T18:00:40+00:00,0.0005
49662274238485451283220527378586398370959042852997899886824914466317758572224,1775156437,2026-04-02T19:00:37+00:00,0.0005
49662274238485451283220527378586398370959042852997899886824914466317758572224,1775160040,2026-04-02T20:00:40+00:00,0.0005
49662274238485451283220527378586398370959042852997899886824914466317758572224,1775163656,2026-04-02T21:00:56+00:00,0.0005
49662274238485451283220527378586398370959042852997899886824914466317758572224,1775167240,2026-04-02T22:00:40+00:00,0.0005
49662274238485451283220527378586398370959042852997899886824914466317758572224,1775170839,2026-04-02T23:00:39+00:00,0.0005
49662274238485451283220527378586398370959042852997899886824914466317758572224,1775174456,2026-04-03T00:00:56+00:00,0.0005
49662274238485451283220527378586398370959042852997899886824914466317758572224,1775178039,2026-04-03T01:00:39+00:00,0.0005
49662274238485451283220527378586398370959042852997899886824914466317758572224,1775181641,2026-04-03T02:00:41+00:00,0.0005
49662274238485451283220527378586398370959042852997899886824914466317758572224,1775185258,2026-04-03T03:00:58+00:00,0.0005
49662274238485451283220527378586398370959042852997899886824914466317758572224,1775188839,2026-04-03T04:00:39+00:00,0.0005
49662274238485451283220527378586398370959042852997899886824914466317758572224,1775192450,2026-04-03T05:00:50+00:00,0.0005
49662274238485451283220527378586398370959042852997899886824914466317758572224,1775199639,2026-04-03T07:00:39+00:00,0.0005
49662274238485451283220527378586398370959042852997899886824914466317758572224,1775203239,2026-04-03T08:00:39+00:00,0.0005
49662274238485451283220527378586398370959042852997899886824914466317758572224,1775206844,2026-04-03T09:00:44+00:00,0.0005
49662274238485451283220527378586398370959042852997899886824914466317758572224,1775210438,2026-04-03T10:00:38+00:00,0.0005
49662274238485451283220527378586398370959042852997899886824914466317758572224,1775214039,2026-04-03T11:00:39+00:00,0.0005
49662274238485451283220527378586398370959042852997899886824914466317758572224,1775217645,2026-04-03T12:00:45+00:00,0.0005
49662274238485451283220527378586398370959042852997899886824914466317758572224,1775221244,2026-04-03T13:00:44+00:00,0.0005
49662274238485451283220527378586398370959042852997899886824914466317758572224,1775224844,2026-04-03T14:00:44+00:00,0.0005
49662274238485451283220527378586398370959042852997899886824914466317758572224,1775228445,2026-04-03T15:00:45+00:00,0.0005
49662274238485451283220527378586398370959042852997899886824914466317758572224,1775232040,2026-04-03T16:00:40+00:00,0.0005
49662274238485451283220527378586398370959042852997899886824914466317758572224,1775235657,2026-04-03T17:00:57+00:00,0.0005
49662274238485451283220527378586398370959042852997899886824914466317758572224,1775246446,2026-04-03T20:00:46+00:00,0.0005
49662274238485451283220527378586398370959042852997899886824914466317758572224,1775250058,2026-04-03T21:00:58+00:00,0.0005
49662274238485451283220527378586398370959042852997899886824914466317758572224,1775253634,2026-04-03T22:00:34+00:00,0.0005
49662274238485451283220527378586398370959042852997899886824914466317758572224,1775257248,2026-04-03T23:00:48+00:00,0.0005
49662274238485451283220527378586398370959042852997899886824914466317758572224,1775260853,2026-04-04T00:00:53+00:00,0.0005
49662274238485451283220527378586398370959042852997899886824914466317758572224,1775264448,2026-04-04T01:00:48+00:00,0.0005
49662274238485451283220527378586398370959042852997899886824914466317758572224,1775268038,2026-04-04T02:00:38+00:00,0.0005
49662274238485451283220527378586398370959042852997899886824914466317758572224,1775271642,2026-04-04T03:00:42+00:00,0.0005
49662274238485451283220527378586398370959042852997899886824914466317758572224,1775275259,2026-04-04T04:00:59+00:00,0.0005
49662274238485451283220527378586398370959042852997899886824914466317758572224,1775278840,2026-04-04T05:00:40+00:00,0.0005
49662274238485451283220527378586398370959042852997899886824914466317758572224,1775282444,2026-04-04T06:00:44+00:00,0.0005
49662274238485451283220527378586398370959042852997899886824914466317758572224,1775286040,2026-04-04T07:00:40+00:00,0.0005
49662274238485451283220527378586398370959042852997899886824914466317758572224,1775289642,2026-04-04T08:00:42+00:00,0.0005
49662274238485451283220527378586398370959042852997899886824914466317758572224,1775293246,2026-04-04T09:00:46+00:00,0.0005
49662274238485451283220527378586398370959042852997899886824914466317758572224,1775296856,2026-04-04T10:00:56+00:00,0.0005
49662274238485451283220527378586398370959042852997899886824914466317758572224,1775300448,2026-04-04T11:00:48+00:00,0.0005
49662274238485451283220527378586398370959042852997899886824914466317758572224,1775304050,2026-04-04T12:00:50+00:00,0.0005
49662274238485451283220527378586398370959042852997899886824914466317758572224,1775307642,2026-04-04T13:00:42+00:00,0.0005
49662274238485451283220527378586398370959042852997899886824914466317758572224,1775314848,2026-04-04T15:00:48+00:00,0.0005
49662274238485451283220527378586398370959042852997899886824914466317758572224,1775318443,2026-04-04T16:00:43+00:00,0.0005
49662274238485451283220527378586398370959042852997899886824914466317758572224,1775325645,2026-04-04T18:00:45+00:00,0.0005
49662274238485451283220527378586398370959042852997899886824914466317758572224,1775329259,2026-04-04T19:00:59+00:00,0.0005
49662274238485451283220527378586398370959042852997899886824914466317758572224,1775332849,2026-04-04T20:00:49+00:00,0.0005
49662274238485451283220527378586398370959042852997899886824914466317758572224,1775336446,2026-04-04T21:00:46+00:00,0.0005
49662274238485451283220527378586398370959042852997899886824914466317758572224,1775340051,2026-04-04T22:00:51+00:00,0.0005
49662274238485451283220527378586398370959042852997899886824914466317758572224,1775343659,2026-04-04T23:00:59+00:00,0.0005
49662274238485451283220527378586398370959042852997899886824914466317758572224,1775350847,2026-04-05T01:00:47+00:00,0.0005
49662274238485451283220527378586398370959042852997899886824914466317758572224,1775354456,2026-04-05T02:00:56+00:00,0.0005
49662274238485451283220527378586398370959042852997899886824914466317758572224,1775358059,2026-04-05T03:00:59+00:00,0.0005
49662274238485451283220527378586398370959042852997899886824914466317758572224,1775361641,2026-04-05T04:00:41+00:00,0.0005
49662274238485451283220527378586398370959042852997899886824914466317758572224,1775365242,2026-04-05T05:00:42+00:00,0.0005
49662274238485451283220527378586398370959042852997899886824914466317758572224,1775368855,2026-04-05T06:00:55+00:00,0.0005
49662274238485451283220527378586398370959042852997899886824914466317758572224,1775372445,2026-04-05T07:00:45+00:00,0.0005
49662274238485451283220527378586398370959042852997899886824914466317758572224,1775376055,2026-04-05T08:00:55+00:00,0.0005
49662274238485451283220527378586398370959042852997899886824914466317758572224,1775379655,2026-04-05T09:00:55+00:00,0.0005
49662274238485451283220527378586398370959042852997899886824914466317758572224,1775383240,2026-04-05T10:00:40+00:00,0.0005
49662274238485451283220527378586398370959042852997899886824914466317758572224,1775386840,2026-04-05T11:00:40+00:00,0.0005
49662274238485451283220527378586398370959042852997899886824914466317758572224,1775390448,2026-04-05T12:00:48+00:00,0.0005
49662274238485451283220527378586398370959042852997899886824914466317758572224,1775394044,2026-04-05T13:00:44+00:00,0.0005
49662274238485451283220527378586398370959042852997899886824914466317758572224,1775397648,2026-04-05T14:00:48+00:00,0.0005
49662274238485451283220527378586398370959042852997899886824914466317758572224,1775401245,2026-04-05T15:00:45+00:00,0.0005
49662274238485451283220527378586398370959042852997899886824914466317758572224,1775404849,2026-04-05T16:00:49+00:00,0.0005
49662274238485451283220527378586398370959042852997899886824914466317758572224,1775408446,2026-04-05T17:00:46+00:00,0.0005
49662274238485451283220527378586398370959042852997899886824914466317758572224,1775412057,2026-04-05T18:00:57+00:00,0.0005
49662274238485451283220527378586398370959042852997899886824914466317758572224,1775415643,2026-04-05T19:00:43+00:00,0.0005
49662274238485451283220527378586398370959042852997899886824914466317758572224,1775419253,2026-04-05T20:00:53+00:00,0.0005
49662274238485451283220527378586398370959042852997899886824914466317758572224,1775426449,2026-04-05T22:00:49+00:00,0.0005
49662274238485451283220527378586398370959042852997899886824914466317758572224,1775430043,2026-04-05T23:00:43+00:00,0.0005
49662274238485451283220527378586398370959042852997899886824914466317758572224,1775433656,2026-04-06T00:00:56+00:00,0.0005
49662274238485451283220527378586398370959042852997899886824914466317758572224,1775437242,2026-04-06T01:00:42+00:00,0.0005
49662274238485451283220527378586398370959042852997899886824914466317758572224,1775440846,2026-04-06T02:00:46+00:00,0.0005
49662274238485451283220527378586398370959042852997899886824914466317758572224,1775444447,2026-04-06T03:00:47+00:00,0.0005
49662274238485451283220527378586398370959042852997899886824914466317758572224,1775448042,2026-04-06T04:00:42+00:00,0.0005
49662274238485451283220527378586398370959042852997899886824914466317758572224,1775451642,2026-04-06T05:00:42+00:00,0.0005
49662274238485451283220527378586398370959042852997899886824914466317758572224,1775458842,2026-04-06T07:00:42+00:00,0.0015
49662274238485451283220527378586398370959042852997899886824914466317758572224,1775462440,2026-04-06T08:00:40+00:00,0.0015
49662274238485451283220527378586398370959042852997899886824914466317758572224,1775469638,2026-04-06T10:00:38+00:00,0.0015
49662274238485451283220527378586398370959042852997899886824914466317758572224,1775473241,2026-04-06T11:00:41+00:00,0.0015
49662274238485451283220527378586398370959042852997899886824914466317758572224,1775476847,2026-04-06T12:00:47+00:00,0.0015
49662274238485451283220527378586398370959042852997899886824914466317758572224,1775480440,2026-04-06T13:00:40+00:00,0.0015
49662274238485451283220527378586398370959042852997899886824914466317758572224,1775484042,2026-04-06T14:00:42+00:00,0.0015
49662274238485451283220527378586398370959042852997899886824914466317758572224,1775487646,2026-04-06T15:00:46+00:00,0.0015
49662274238485451283220527378586398370959042852997899886824914466317758572224,1775491257,2026-04-06T16:00:57+00:00,0.0015
49662274238485451283220527378586398370959042852997899886824914466317758572224,1775494846,2026-04-06T17:00:46+00:00,0.0015
49662274238485451283220527378586398370959042852997899886824914466317758572224,1775498412,2026-04-06T18:00:12+00:00,0.0015
49662274238485451283220527378586398370959042852997899886824914466317758572224,1775502048,2026-04-06T19:00:48+00:00,0.0015
49662274238485451283220527378586398370959042852997899886824914466317758572224,1775505641,2026-04-06T20:00:41+00:00,0.0015
49662274238485451283220527378586398370959042852997899886824914466317758572224,1775509245,2026-04-06T21:00:45+00:00,0.0015
49662274238485451283220527378586398370959042852997899886824914466317758572224,1775512842,2026-04-06T22:00:42+00:00,0.0015
49662274238485451283220527378586398370959042852997899886824914466317758572224,1775516446,2026-04-06T23:00:46+00:00,0.0015
49662274238485451283220527378586398370959042852997899886824914466317758572224,1775520051,2026-04-07T00:00:51+00:00,0.0015
49662274238485451283220527378586398370959042852997899886824914466317758572224,1775523644,2026-04-07T01:00:44+00:00,0.0015
49662274238485451283220527378586398370959042852997899886824914466317758572224,1775527240,2026-04-07T02:00:40+00:00,0.0015
49662274238485451283220527378586398370959042852997899886824914466317758572224,1775530843,2026-04-07T03:00:43+00:00,0.0015
49662274238485451283220527378586398370959042852997899886824914466317758572224,1775534440,2026-04-07T04:00:40+00:00,0.0015
49662274238485451283220527378586398370959042852997899886824914466317758572224,1775538059,2026-04-07T05:00:59+00:00,0.0015
49662274238485451283220527378586398370959042852997899886824914466317758572224,1775541659,2026-04-07T06:00:59+00:00,0.0015
49662274238485451283220527378586398370959042852997899886824914466317758572224,1775545241,2026-04-07T07:00:41+00:00,0.0015
49662274238485451283220527378586398370959042852997899886824914466317758572224,1775548847,2026-04-07T08:00:47+00:00,0.0015
49662274238485451283220527378586398370959042852997899886824914466317758572224,1775552447,2026-04-07T09:00:47+00:00,0.0015
49662274238485451283220527378586398370959042852997899886824914466317758572224,1775556058,2026-04-07T10:00:58+00:00,0.0015
49662274238485451283220527378586398370959042852997899886824914466317758572224,1775559638,2026-04-07T11:00:38+00:00,0.0015
49662274238485451283220527378586398370959042852997899886824914466317758572224,1775563250,2026-04-07T12:00:50+00:00,0.0015
49662274238485451283220527378586398370959042852997899886824914466317758572224,1775566847,2026-04-07T13:00:47+00:00,0.0015
49662274238485451283220527378586398370959042852997899886824914466317758572224,1775570417,2026-04-07T14:00:17+00:00,0.0015
49662274238485451283220527378586398370959042852997899886824914466317758572224,1775574059,2026-04-07T15:00:59+00:00,0.0015
49662274238485451283220527378586398370959042852997899886824914466317758572224,1775577652,2026-04-07T16:00:52+00:00,0.0015
49662274238485451283220527378586398370959042852997899886824914466317758572224,1775581208,2026-04-07T17:00:08+00:00,0.0015
49662274238485451283220527378586398370959042852997899886824914466317758572224,1775584811,2026-04-07T18:00:11+00:00,0.0015
49662274238485451283220527378586398370959042852997899886824914466317758572224,1775588430,2026-04-07T19:00:30+00:00,0.0015
49662274238485451283220527378586398370959042852997899886824914466317758572224,1775592050,2026-04-07T20:00:50+00:00,0.0015
49662274238485451283220527378586398370959042852997899886824914466317758572224,1775595648,2026-04-07T21:00:48+00:00,0.0015
49662274238485451283220527378586398370959042852997899886824914466317758572224,1775599250,2026-04-07T22:00:50+00:00,0.0015
49662274238485451283220527378586398370959042852997899886824914466317758572224,1775602848,2026-04-07T23:00:48+00:00,0.0015
49662274238485451283220527378586398370959042852997899886824914466317758572224,1775610054,2026-04-08T01:00:54+00:00,0.0015
49662274238485451283220527378586398370959042852997899886824914466317758572224,1775613609,2026-04-08T02:00:09+00:00,0.0015
49662274238485451283220527378586398370959042852997899886824914466317758572224,1775617254,2026-04-08T03:00:54+00:00,0.0015
49662274238485451283220527378586398370959042852997899886824914466317758572224,1775620854,2026-04-08T04:00:54+00:00,0.0015
49662274238485451283220527378586398370959042852997899886824914466317758572224,1775624456,2026-04-08T05:00:56+00:00,0.0015
49662274238485451283220527378586398370959042852997899886824914466317758572224,1775628054,2026-04-08T06:00:54+00:00,0.0015
49662274238485451283220527378586398370959042852997899886824914466317758572224,1775631644,2026-04-08T07:00:44+00:00,0.0015
49662274238485451283220527378586398370959042852997899886824914466317758572224,1775635235,2026-04-08T08:00:35+00:00,0.0015
49662274238485451283220527378586398370959042852997899886824914466317758572224,1775642458,2026-04-08T10:00:58+00:00,0.0015
49662274238485451283220527378586398370959042852997899886824914466317758572224,1775646042,2026-04-08T11:00:42+00:00,0.0015
49662274238485451283220527378586398370959042852997899886824914466317758572224,1775653219,2026-04-08T13:00:19+00:00,0.0015
49662274238485451283220527378586398370959042852997899886824914466317758572224,1775656855,2026-04-08T14:00:55+00:00,0.0015
49662274238485451283220527378586398370959042852997899886824914466317758572224,1775664058,2026-04-08T16:00:58+00:00,0.0015
49662274238485451283220527378586398370959042852997899886824914466317758572224,1775667647,2026-04-08T17:00:47+00:00,0.0015
49662274238485451283220527378586398370959042852997899886824914466317758572224,1775671255,2026-04-08T18:00:55+00:00,0.0015
49662274238485451283220527378586398370959042852997899886824914466317758572224,1775674843,2026-04-08T19:00:43+00:00,0.0015
49662274238485451283220527378586398370959042852997899886824914466317758572224,1775678440,2026-04-08T20:00:40+00:00,0.0015
49662274238485451283220527378586398370959042852997899886824914466317758572224,1775682053,2026-04-08T21:00:53+00:00,0.0015
49662274238485451283220527378586398370959042852997899886824914466317758572224,1775685646,2026-04-08T22:00:46+00:00,0.0015
49662274238485451283220527378586398370959042852997899886824914466317758572224,1775689214,2026-04-08T23:00:14+00:00,0.0015
49662274238485451283220527378586398370959042852997899886824914466317758572224,1775692811,2026-04-09T00:00:11+00:00,0.0015
49662274238485451283220527378586398370959042852997899886824914466317758572224,1775696441,2026-04-09T01:00:41+00:00,0.0015
49662274238485451283220527378586398370959042852997899886824914466317758572224,1775700043,2026-04-09T02:00:43+00:00,0.0015
49662274238485451283220527378586398370959042852997899886824914466317758572224,1775703645,2026-04-09T03:00:45+00:00,0.0015
49662274238485451283220527378586398370959042852997899886824914466317758572224,1775707239,2026-04-09T04:00:39+00:00,0.0015
49662274238485451283220527378586398370959042852997899886824914466317758572224,1775710840,2026-04-09T05:00:40+00:00,0.0015
49662274238485451283220527378586398370959042852997899886824914466317758572224,1775714446,2026-04-09T06:00:46+00:00,0.0015
49662274238485451283220527378586398370959042852997899886824914466317758572224,1775718039,2026-04-09T07:00:39+00:00,0.0015
49662274238485451283220527378586398370959042852997899886824914466317758572224,1775721639,2026-04-09T08:00:39+00:00,0.0015
49662274238485451283220527378586398370959042852997899886824914466317758572224,1775725245,2026-04-09T09:00:45+00:00,0.0015
49662274238485451283220527378586398370959042852997899886824914466317758572224,1775728840,2026-04-09T10:00:40+00:00,0.0015
49662274238485451283220527378586398370959042852997899886824914466317758572224,1775732441,2026-04-09T11:00:41+00:00,0.0015
49662274238485451283220527378586398370959042852997899886824914466317758572224,1775736049,2026-04-09T12:00:49+00:00,0.0015
49662274238485451283220527378586398370959042852997899886824914466317758572224,1775739644,2026-04-09T13:00:44+00:00,0.0015
49662274238485451283220527378586398370959042852997899886824914466317758572224,1775743247,2026-04-09T14:00:47+00:00,0.0015
49662274238485451283220527378586398370959042852997899886824914466317758572224,1775750444,2026-04-09T16:00:44+00:00,0.0015
49662274238485451283220527378586398370959042852997899886824914466317758572224,1775754056,2026-04-09T17:00:56+00:00,0.0015
49662274238485451283220527378586398370959042852997899886824914466317758572224,1775757656,2026-04-09T18:00:56+00:00,0.0015
49662274238485451283220527378586398370959042852997899886824914466317758572224,1775761248,2026-04-09T19:00:48+00:00,0.0015
49662274238485451283220527378586398370959042852997899886824914466317758572224,1775764846,2026-04-09T20:00:46+00:00,0.0015
49662274238485451283220527378586398370959042852997899886824914466317758572224,1775768452,2026-04-09T21:00:52+00:00,0.0015
49662274238485451283220527378586398370959042852997899886824914466317758572224,1775772047,2026-04-09T22:00:47+00:00,0.0015
49662274238485451283220527378586398370959042852997899886824914466317758572224,1775775647,2026-04-09T23:00:47+00:00,0.0015
49662274238485451283220527378586398370959042852997899886824914466317758572224,1775779259,2026-04-10T00:00:59+00:00,0.0015
49662274238485451283220527378586398370959042852997899886824914466317758572224,1775782847,2026-04-10T01:00:47+00:00,0.0015
49662274238485451283220527378586398370959042852997899886824914466317758572224,1775786443,2026-04-10T02:00:43+00:00,0.0015
49662274238485451283220527378586398370959042852997899886824914466317758572224,1775790049,2026-04-10T03:00:49+00:00,0.0015
49662274238485451283220527378586398370959042852997899886824914466317758572224,1775793645,2026-04-10T04:00:45+00:00,0.0015
49662274238485451283220527378586398370959042852997899886824914466317758572224,1775797246,2026-04-10T05:00:46+00:00,0.0015
49662274238485451283220527378586398370959042852997899886824914466317758572224,1775804442,2026-04-10T07:00:42+00:00,0.0015
49662274238485451283220527378586398370959042852997899886824914466317758572224,1775815248,2026-04-10T10:00:48+00:00,0.0015
49662274238485451283220527378586398370959042852997899886824914466317758572224,1775818843,2026-04-10T11:00:43+00:00,0.0015
49662274238485451283220527378586398370959042852997899886824914466317758572224,1775822454,2026-04-10T12:00:54+00:00,0.0015
49662274238485451283220527378586398370959042852997899886824914466317758572224,1775829648,2026-04-10T14:00:48+00:00,0.0015
49662274238485451283220527378586398370959042852997899886824914466317758572224,1775836852,2026-04-10T16:00:52+00:00,0.0015
49662274238485451283220527378586398370959042852997899886824914466317758572224,1775844052,2026-04-10T18:00:52+00:00,0.0015
49662274238485451283220527378586398370959042852997899886824914466317758572224,1775847647,2026-04-10T19:00:47+00:00,0.0015
49662274238485451283220527378586398370959042852997899886824914466317758572224,1775854854,2026-04-10T21:00:54+00:00,0.0015
49662274238485451283220527378586398370959042852997899886824914466317758572224,1775858457,2026-04-10T22:00:57+00:00,0.0015
49662274238485451283220527378586398370959042852997899886824914466317758572224,1775865657,2026-04-11T00:00:57+00:00,0.0015
49662274238485451283220527378586398370959042852997899886824914466317758572224,1775869245,2026-04-11T01:00:45+00:00,0.0015
49662274238485451283220527378586398370959042852997899886824914466317758572224,1775872849,2026-04-11T02:00:49+00:00,0.0015
49662274238485451283220527378586398370959042852997899886824914466317758572224,1775876448,2026-04-11T03:00:48+00:00,0.0015
49662274238485451283220527378586398370959042852997899886824914466317758572224,1775880051,2026-04-11T04:00:51+00:00,0.0015
49662274238485451283220527378586398370959042852997899886824914466317758572224,1775883649,2026-04-11T05:00:49+00:00,0.0015
49662274238485451283220527378586398370959042852997899886824914466317758572224,1775887258,2026-04-11T06:00:58+00:00,0.0015
49662274238485451283220527378586398370959042852997899886824914466317758572224,1775890843,2026-04-11T07:00:43+00:00,0.0015
49662274238485451283220527378586398370959042852997899886824914466317758572224,1775894442,2026-04-11T08:00:42+00:00,0.0015
49662274238485451283220527378586398370959042852997899886824914466317758572224,1775898048,2026-04-11T09:00:48+00:00,0.0015
49662274238485451283220527378586398370959042852997899886824914466317758572224,1775901608,2026-04-11T10:00:08+00:00,0.0015
49662274238485451283220527378586398370959042852997899886824914466317758572224,1775905242,2026-04-11T11:00:42+00:00,0.0015
49662274238485451283220527378586398370959042852997899886824914466317758572224,1775908856,2026-04-11T12:00:56+00:00,0.0015
49662274238485451283220527378586398370959042852997899886824914466317758572224,1775912445,2026-04-11T13:00:45+00:00,0.0015
49662274238485451283220527378586398370959042852997899886824914466317758572224,1775916045,2026-04-11T14:00:45+00:00,0.0015
49662274238485451283220527378586398370959042852997899886824914466317758572224,1775919656,2026-04-11T15:00:56+00:00,0.0015
49662274238485451283220527378586398370959042852997899886824914466317758572224,1775923244,2026-04-11T16:00:44+00:00,0.0015
49662274238485451283220527378586398370959042852997899886824914466317758572224,1775926846,2026-04-11T17:00:46+00:00,0.0015
49662274238485451283220527378586398370959042852997899886824914466317758572224,1775930454,2026-04-11T18:00:54+00:00,0.0015
49662274238485451283220527378586398370959042852997899886824914466317758572224,1775934046,2026-04-11T19:00:46+00:00,0.0015
49662274238485451283220527378586398370959042852997899886824914466317758572224,1775937649,2026-04-11T20:00:49+00:00,0.0015
49662274238485451283220527378586398370959042852997899886824914466317758572224,1775941249,2026-04-11T21:00:49+00:00,0.0015
49662274238485451283220527378586398370959042852997899886824914466317758572224,1775944859,2026-04-11T22:00:59+00:00,0.0015
49662274238485451283220527378586398370959042852997899886824914466317758572224,1775948447,2026-04-11T23:00:47+00:00,0.0015
49662274238485451283220527378586398370959042852997899886824914466317758572224,1775955641,2026-04-12T01:00:41+00:00,0.0015
49662274238485451283220527378586398370959042852997899886824914466317758572224,1775959242,2026-04-12T02:00:42+00:00,0.0015
49662274238485451283220527378586398370959042852997899886824914466317758572224,1775962843,2026-04-12T03:00:43+00:00,0.0015
49662274238485451283220527378586398370959042852997899886824914466317758572224,1775966442,2026-04-12T04:00:42+00:00,0.0015
49662274238485451283220527378586398370959042852997899886824914466317758572224,1775970043,2026-04-12T05:00:43+00:00,0.0015
49662274238485451283220527378586398370959042852997899886824914466317758572224,1775973648,2026-04-12T06:00:48+00:00,0.0015
49662274238485451283220527378586398370959042852997899886824914466317758572224,1775977242,2026-04-12T07:00:42+00:00,0.0015
49662274238485451283220527378586398370959042852997899886824914466317758572224,1775980842,2026-04-12T08:00:42+00:00,0.0015
49662274238485451283220527378586398370959042852997899886824914466317758572224,1775984450,2026-04-12T09:00:50+00:00,0.0015
49662274238485451283220527378586398370959042852997899886824914466317758572224,1775988043,2026-04-12T10:00:43+00:00,0.0015
49662274238485451283220527378586398370959042852997899886824914466317758572224,1775991643,2026-04-12T11:00:43+00:00,0.0015
49662274238485451283220527378586398370959042852997899886824914466317758572224,1775995257,2026-04-12T12:00:57+00:00,0.0015
49662274238485451283220527378586398370959042852997899886824914466317758572224,1775998844,2026-04-12T13:00:44+00:00,0.0015
49662274238485451283220527378586398370959042852997899886824914466317758572224,1776002444,2026-04-12T14:00:44+00:00,0.0015
49662274238485451283220527378586398370959042852997899886824914466317758572224,1776013244,2026-04-12T17:00:44+00:00,0.0015
49662274238485451283220527378586398370959042852997899886824914466317758572224,1776016847,2026-04-12T18:00:47+00:00,0.0015
49662274238485451283220527378586398370959042852997899886824914466317758572224,1776020445,2026-04-12T19:00:45+00:00,0.0015
49662274238485451283220527378586398370959042852997899886824914466317758572224,1776024044,2026-04-12T20:00:44+00:00,0.0015
49662274238485451283220527378586398370959042852997899886824914466317758572224,1776027647,2026-04-12T21:00:47+00:00,0.0015
49662274238485451283220527378586398370959042852997899886824914466317758572224,1776031247,2026-04-12T22:00:47+00:00,0.0015
49662274238485451283220527378586398370959042852997899886824914466317758572224,1776034845,2026-04-12T23:00:45+00:00,0.0015
49662274238485451283220527378586398370959042852997899886824914466317758572224,1776038451,2026-04-13T00:00:51+00:00,0.0015
49662274238485451283220527378586398370959042852997899886824914466317758572224,1776042038,2026-04-13T01:00:38+00:00,0.0015
49662274238485451283220527378586398370959042852997899886824914466317758572224,1776045647,2026-04-13T02:00:47+00:00,0.0015
49662274238485451283220527378586398370959042852997899886824914466317758572224,1776049242,2026-04-13T03:00:42+00:00,0.0015
49662274238485451283220527378586398370959042852997899886824914466317758572224,1776052837,2026-04-13T04:00:37+00:00,0.0015
49662274238485451283220527378586398370959042852997899886824914466317758572224,1776056444,2026-04-13T05:00:44+00:00,0.0015
49662274238485451283220527378586398370959042852997899886824914466317758572224,1776060045,2026-04-13T06:00:45+00:00,0.0015
49662274238485451283220527378586398370959042852997899886824914466317758572224,1776063640,2026-04-13T07:00:40+00:00,0.0015
49662274238485451283220527378586398370959042852997899886824914466317758572224,1776067241,2026-04-13T08:00:41+00:00,0.0015
49662274238485451283220527378586398370959042852997899886824914466317758572224,1776070846,2026-04-13T09:00:46+00:00,0.0015
49662274238485451283220527378586398370959042852997899886824914466317758572224,1776074442,2026-04-13T10:00:42+00:00,0.0015
49662274238485451283220527378586398370959042852997899886824914466317758572224,1776078043,2026-04-13T11:00:43+00:00,0.0015
49662274238485451283220527378586398370959042852997899886824914466317758572224,1776081658,2026-04-13T12:00:58+00:00,0.0015
49662274238485451283220527378586398370959042852997899886824914466317758572224,1776085242,2026-04-13T13:00:42+00:00,0.0015
49662274238485451283220527378586398370959042852997899886824914466317758572224,1776088849,2026-04-13T14:00:49+00:00,0.0015
49662274238485451283220527378586398370959042852997899886824914466317758572224,1776096050,2026-04-13T16:00:50+00:00,0.0015
49662274238485451283220527378586398370959042852997899886824914466317758572224,1776099648,2026-04-13T17:00:48+00:00,0.0015
49662274238485451283220527378586398370959042852997899886824914466317758572224,1776103248,2026-04-13T18:00:48+00:00,0.0015
49662274238485451283220527378586398370959042852997899886824914466317758572224,1776106846,2026-04-13T19:00:46+00:00,0.0015
49662274238485451283220527378586398370959042852997899886824914466317758572224,1776110443,2026-04-13T20:00:43+00:00,0.0015
49662274238485451283220527378586398370959042852997899886824914466317758572224,1776117653,2026-04-13T22:00:53+00:00,0.0015
49662274238485451283220527378586398370959042852997899886824914466317758572224,1776121257,2026-04-13T23:00:57+00:00,0.0015
49662274238485451283220527378586398370959042852997899886824914466317758572224,1776128440,2026-04-14T01:00:40+00:00,0.0015
49662274238485451283220527378586398370959042852997899886824914466317758572224,1776132043,2026-04-14T02:00:43+00:00,0.0015
49662274238485451283220527378586398370959042852997899886824914466317758572224,1776135647,2026-04-14T03:00:47+00:00,0.0015
49662274238485451283220527378586398370959042852997899886824914466317758572224,1776139244,2026-04-14T04:00:44+00:00,0.0015
49662274238485451283220527378586398370959042852997899886824914466317758572224,1776142842,2026-04-14T05:00:42+00:00,0.0015
49662274238485451283220527378586398370959042852997899886824914466317758572224,1776146459,2026-04-14T06:00:59+00:00,0.0015
49662274238485451283220527378586398370959042852997899886824914466317758572224,1776150043,2026-04-14T07:00:43+00:00,0.0015
49662274238485451283220527378586398370959042852997899886824914466317758572224,1776153640,2026-04-14T08:00:40+00:00,0.0015
49662274238485451283220527378586398370959042852997899886824914466317758572224,1776157247,2026-04-14T09:00:47+00:00,0.0015
49662274238485451283220527378586398370959042852997899886824914466317758572224,1776160839,2026-04-14T10:00:39+00:00,0.0015
49662274238485451283220527378586398370959042852997899886824914466317758572224,1776164443,2026-04-14T11:00:43+00:00,0.0015
49662274238485451283220527378586398370959042852997899886824914466317758572224,1776171643,2026-04-14T13:00:43+00:00,0.0015
49662274238485451283220527378586398370959042852997899886824914466317758572224,1776175244,2026-04-14T14:00:44+00:00,0.0015
49662274238485451283220527378586398370959042852997899886824914466317758572224,1776178849,2026-04-14T15:00:49+00:00,0.0015
49662274238485451283220527378586398370959042852997899886824914466317758572224,1776182442,2026-04-14T16:00:42+00:00,0.0015
49662274238485451283220527378586398370959042852997899886824914466317758572224,1776186045,2026-04-14T17:00:45+00:00,0.0015
49662274238485451283220527378586398370959042852997899886824914466317758572224,1776196843,2026-04-14T20:00:43+00:00,0.0015
49662274238485451283220527378586398370959042852997899886824914466317758572224,1776200448,2026-04-14T21:00:48+00:00,0.0015
49662274238485451283220527378586398370959042852997899886824914466317758572224,1776204043,2026-04-14T22:00:43+00:00,0.0015
49662274238485451283220527378586398370959042852997899886824914466317758572224,1776211252,2026-04-15T00:00:52+00:00,0.0015
49662274238485451283220527378586398370959042852997899886824914466317758572224,1776214840,2026-04-15T01:00:40+00:00,0.0015
49662274238485451283220527378586398370959042852997899886824914466317758572224,1776218444,2026-04-15T02:00:44+00:00,0.0015
49662274238485451283220527378586398370959042852997899886824914466317758572224,1776222045,2026-04-15T03:00:45+00:00,0.0015
49662274238485451283220527378586398370959042852997899886824914466317758572224,1776225641,2026-04-15T04:00:41+00:00,0.0015
49662274238485451283220527378586398370959042852997899886824914466317758572224,1776232847,2026-04-15T06:00:47+00:00,0.0015
49662274238485451283220527378586398370959042852997899886824914466317758572224,1776236441,2026-04-15T07:00:41+00:00,0.0015
49662274238485451283220527378586398370959042852997899886824914466317758572224,1776240045,2026-04-15T08:00:45+00:00,0.0015
49662274238485451283220527378586398370959042852997899886824914466317758572224,1776243645,2026-04-15T09:00:45+00:00,0.0015
49662274238485451283220527378586398370959042852997899886824914466317758572224,1776247254,2026-04-15T10:00:54+00:00,0.0015
49662274238485451283220527378586398370959042852997899886824914466317758572224,1776250843,2026-04-15T11:00:43+00:00,0.0015
49662274238485451283220527378586398370959042852997899886824914466317758572224,1776254455,2026-04-15T12:00:55+00:00,0.0015
49662274238485451283220527378586398370959042852997899886824914466317758572224,1776258059,2026-04-15T13:00:59+00:00,0.0015
49662274238485451283220527378586398370959042852997899886824914466317758572224,1776261642,2026-04-15T14:00:42+00:00,0.0015
49662274238485451283220527378586398370959042852997899886824914466317758572224,1776265250,2026-04-15T15:00:50+00:00,0.0015
49662274238485451283220527378586398370959042852997899886824914466317758572224,1776268846,2026-04-15T16:00:46+00:00,0.0015
49662274238485451283220527378586398370959042852997899886824914466317758572224,1776272444,2026-04-15T17:00:44+00:00,0.0015
49662274238485451283220527378586398370959042852997899886824914466317758572224,1776276050,2026-04-15T18:00:50+00:00,0.0015
49662274238485451283220527378586398370959042852997899886824914466317758572224,1776279658,2026-04-15T19:00:58+00:00,0.0015
49662274238485451283220527378586398370959042852997899886824914466317758572224,1776283246,2026-04-15T20:00:46+00:00,0.0015
49662274238485451283220527378586398370959042852997899886824914466317758572224,1776286800,2026-04-15T21:00:00+00:00,0.0015
49662274238485451283220527378586398370959042852997899886824914466317758572224,1776290440,2026-04-15T22:00:40+00:00,0.0015
49662274238485451283220527378586398370959042852997899886824914466317758572224,1776294042,2026-04-15T23:00:42+00:00,0.0015
49662274238485451283220527378586398370959042852997899886824914466317758572224,1776297655,2026-04-16T00:00:55+00:00,0.0015
49662274238485451283220527378586398370959042852997899886824914466317758572224,1776301242,2026-04-16T01:00:42+00:00,0.0015
49662274238485451283220527378586398370959042852997899886824914466317758572224,1776304845,2026-04-16T02:00:45+00:00,0.0015
49662274238485451283220527378586398370959042852997899886824914466317758572224,1776308455,2026-04-16T03:00:55+00:00,0.0015
49662274238485451283220527378586398370959042852997899886824914466317758572224,1776312044,2026-04-16T04:00:44+00:00,0.0015
49662274238485451283220527378586398370959042852997899886824914466317758572224,1776315643,2026-04-16T05:00:43+00:00,0.0015
49662274238485451283220527378586398370959042852997899886824914466317758572224,1776319256,2026-04-16T06:00:56+00:00,0.0015
49662274238485451283220527378586398370959042852997899886824914466317758572224,1776322843,2026-04-16T07:00:43+00:00,0.0015
49662274238485451283220527378586398370959042852997899886824914466317758572224,1776326444,2026-04-16T08:00:44+00:00,0.0015
49662274238485451283220527378586398370959042852997899886824914466317758572224,1776333648,2026-04-16T10:00:48+00:00,0.0015
49662274238485451283220527378586398370959042852997899886824914466317758572224,1776337240,2026-04-16T11:00:40+00:00,0.0015
49662274238485451283220527378586398370959042852997899886824914466317758572224,1776340850,2026-04-16T12:00:50+00:00,0.0015
49662274238485451283220527378586398370959042852997899886824914466317758572224,1776344446,2026-04-16T13:00:46+00:00,0.0015
49662274238485451283220527378586398370959042852997899886824914466317758572224,1776348046,2026-04-16T14:00:46+00:00,0.0015
49662274238485451283220527378586398370959042852997899886824914466317758572224,1776351656,2026-04-16T15:00:56+00:00,0.0015
49662274238485451283220527378586398370959042852997899886824914466317758572224,1776355249,2026-04-16T16:00:49+00:00,0.0015
49662274238485451283220527378586398370959042852997899886824914466317758572224,1776358846,2026-04-16T17:00:46+00:00,0.0015
49662274238485451283220527378586398370959042852997899886824914466317758572224,1776366044,2026-04-16T19:00:44+00:00,0.0015
49662274238485451283220527378586398370959042852997899886824914466317758572224,1776369629,2026-04-16T20:00:29+00:00,0.0015
49662274238485451283220527378586398370959042852997899886824914466317758572224,1776373225,2026-04-16T21:00:25+00:00,0.0015
49662274238485451283220527378586398370959042852997899886824914466317758572224,1776376845,2026-04-16T22:00:45+00:00,0.0015
49662274238485451283220527378586398370959042852997899886824914466317758572224,1776380445,2026-04-16T23:00:45+00:00,0.0015
49662274238485451283220527378586398370959042852997899886824914466317758572224,1776384055,2026-04-17T00:00:55+00:00,0.0015
49662274238485451283220527378586398370959042852997899886824914466317758572224,1776387643,2026-04-17T01:00:43+00:00,0.0015
49662274238485451283220527378586398370959042852997899886824914466317758572224,1776391246,2026-04-17T02:00:46+00:00,0.0015
49662274238485451283220527378586398370959042852997899886824914466317758572224,1776394843,2026-04-17T03:00:43+00:00,0.0015
49662274238485451283220527378586398370959042852997899886824914466317758572224,1776398438,2026-04-17T04:00:38+00:00,0.0015
49662274238485451283220527378586398370959042852997899886824914466317758572224,1776402040,2026-04-17T05:00:40+00:00,0.0015
49662274238485451283220527378586398370959042852997899886824914466317758572224,1776405647,2026-04-17T06:00:47+00:00,0.0015
49662274238485451283220527378586398370959042852997899886824914466317758572224,1776409242,2026-04-17T07:00:42+00:00,0.0015
49662274238485451283220527378586398370959042852997899886824914466317758572224,1776412855,2026-04-17T08:00:55+00:00,0.0015
49662274238485451283220527378586398370959042852997899886824914466317758572224,1776416454,2026-04-17T09:00:54+00:00,0.0015
49662274238485451283220527378586398370959042852997899886824914466317758572224,1776420046,2026-04-17T10:00:46+00:00,0.0015
49662274238485451283220527378586398370959042852997899886824914466317758572224,1776423641,2026-04-17T11:00:41+00:00,0.0015
49662274238485451283220527378586398370959042852997899886824914466317758572224,1776427250,2026-04-17T12:00:50+00:00,0.0015
49662274238485451283220527378586398370959042852997899886824914466317758572224,1776430844,2026-04-17T13:00:44+00:00,0.0015
49662274238485451283220527378586398370959042852997899886824914466317758572224,1776441649,2026-04-17T16:00:49+00:00,0.0015
49662274238485451283220527378586398370959042852997899886824914466317758572224,1776448809,2026-04-17T18:00:09+00:00,0.0015
49662274238485451283220527378586398370959042852997899886824914466317758572224,1776452455,2026-04-17T19:00:55+00:00,0.0015
49662274238485451283220527378586398370959042852997899886824914466317758572224,1776459650,2026-04-17T21:00:50+00:00,0.0015
49662274238485451283220527378586398370959042852997899886824914466317758572224,1776463248,2026-04-17T22:00:48+00:00,0.0015
49662274238485451283220527378586398370959042852997899886824914466317758572224,1776466843,2026-04-17T23:00:43+00:00,0.0015
49662274238485451283220527378586398370959042852997899886824914466317758572224,1776474051,2026-04-18T01:00:51+00:00,0.001
49662274238485451283220527378586398370959042852997899886824914466317758572224,1776477652,2026-04-18T02:00:52+00:00,0.001
49662274238485451283220527378586398370959042852997899886824914466317758572224,1776484846,2026-04-18T04:00:46+00:00,0.0005
49662274238485451283220527378586398370959042852997899886824914466317758572224,1776488449,2026-04-18T05:00:49+00:00,0.0005
49662274238485451283220527378586398370959042852997899886824914466317758572224,1776492044,2026-04-18T06:00:44+00:00,0.0005
49662274238485451283220527378586398370959042852997899886824914466317758572224,1776495640,2026-04-18T07:00:40+00:00,0.0005
49662274238485451283220527378586398370959042852997899886824914466317758572224,1776499242,2026-04-18T08:00:42+00:00,0.0005
49662274238485451283220527378586398370959042852997899886824914466317758572224,1776502828,2026-04-18T09:00:28+00:00,0.0005
49662274238485451283220527378586398370959042852997899886824914466317758572224,1776506440,2026-04-18T10:00:40+00:00,0.0005
49662274238485451283220527378586398370959042852997899886824914466317758572224,1776513651,2026-04-18T12:00:51+00:00,0.0005
49662274238485451283220527378586398370959042852997899886824914466317758572224,1776517247,2026-04-18T13:00:47+00:00,0.0005
49662274238485451283220527378586398370959042852997899886824914466317758572224,1776520845,2026-04-18T14:00:45+00:00,0.0005
49662274238485451283220527378586398370959042852997899886824914466317758572224,1776528046,2026-04-18T16:00:46+00:00,0.0005
49662274238485451283220527378586398370959042852997899886824914466317758572224,1776531640,2026-04-18T17:00:40+00:00,0.0005
49662274238485451283220527378586398370959042852997899886824914466317758572224,1776538844,2026-04-18T19:00:44+00:00,0.0005
49662274238485451283220527378586398370959042852997899886824914466317758572224,1776542452,2026-04-18T20:00:52+00:00,0.0005
49662274238485451283220527378586398370959042852997899886824914466317758572224,1776546047,2026-04-18T21:00:47+00:00,0.0005
49662274238485451283220527378586398370959042852997899886824914466317758572224,1776549641,2026-04-18T22:00:41+00:00,0.0005
49662274238485451283220527378586398370959042852997899886824914466317758572224,1776553243,2026-04-18T23:00:43+00:00,0.0005
49662274238485451283220527378586398370959042852997899886824914466317758572224,1776556844,2026-04-19T00:00:44+00:00,0.0005
49662274238485451283220527378586398370959042852997899886824914466317758572224,1776560444,2026-04-19T01:00:44+00:00,0.0005
49662274238485451283220527378586398370959042852997899886824914466317758572224,1776564040,2026-04-19T02:00:40+00:00,0.0005
49662274238485451283220527378586398370959042852997899886824914466317758572224,1776567642,2026-04-19T03:00:42+00:00,0.0005
49662274238485451283220527378586398370959042852997899886824914466317758572224,1776571250,2026-04-19T04:00:50+00:00,0.0005
49662274238485451283220527378586398370959042852997899886824914466317758572224,1776574839,2026-04-19T05:00:39+00:00,0.0005
49662274238485451283220527378586398370959042852997899886824914466317758572224,1776578445,2026-04-19T06:00:45+00:00,0.0005
49662274238485451283220527378586398370959042852997899886824914466317758572224,1776582035,2026-04-19T07:00:35+00:00,0.0005
49662274238485451283220527378586398370959042852997899886824914466317758572224,1776585649,2026-04-19T08:00:49+00:00,0.0005
49662274238485451283220527378586398370959042852997899886824914466317758572224,1776589247,2026-04-19T09:00:47+00:00,0.0005
49662274238485451283220527378586398370959042852997899886824914466317758572224,1776592843,2026-04-19T10:00:43+00:00,0.0005
49662274238485451283220527378586398370959042852997899886824914466317758572224,1776596447,2026-04-19T11:00:47+00:00,0.0005
49662274238485451283220527378586398370959042852997899886824914466317758572224,1776603644,2026-04-19T13:00:44+00:00,0.0005
49662274238485451283220527378586398370959042852997899886824914466317758572224,1776607248,2026-04-19T14:00:48+00:00,0.0005
49662274238485451283220527378586398370959042852997899886824914466317758572224,1776610852,2026-04-19T15:00:52+00:00,0.0005
49662274238485451283220527378586398370959042852997899886824914466317758572224,1776618045,2026-04-19T17:00:45+00:00,0.0005
49662274238485451283220527378586398370959042852997899886824914466317758572224,1776621651,2026-04-19T18:00:51+00:00,0.0005
49662274238485451283220527378586398370959042852997899886824914466317758572224,1776625245,2026-04-19T19:00:45+00:00,0.0005
49662274238485451283220527378586398370959042852997899886824914466317758572224,1776628846,2026-04-19T20:00:46+00:00,0.0005
49662274238485451283220527378586398370959042852997899886824914466317758572224,1776632445,2026-04-19T21:00:45+00:00,0.0005
49662274238485451283220527378586398370959042852997899886824914466317758572224,1776636047,2026-04-19T22:00:47+00:00,0.0005
49662274238485451283220527378586398370959042852997899886824914466317758572224,1776639642,2026-04-19T23:00:42+00:00,0.0005
49662274238485451283220527378586398370959042852997899886824914466317758572224,1776643247,2026-04-20T00:00:47+00:00,0.0005
49662274238485451283220527378586398370959042852997899886824914466317758572224,1776646841,2026-04-20T01:00:41+00:00,0.0005
49662274238485451283220527378586398370959042852997899886824914466317758572224,1776650439,2026-04-20T02:00:39+00:00,0.0005
49662274238485451283220527378586398370959042852997899886824914466317758572224,1776654046,2026-04-20T03:00:46+00:00,0.0005
49662274238485451283220527378586398370959042852997899886824914466317758572224,1776657639,2026-04-20T04:00:39+00:00,0.0005
49662274238485451283220527378586398370959042852997899886824914466317758572224,1776659854,2026-04-20T04:37:34+00:00,0.0005
63415064977569429650854303533694905713854849186055984415925532647266316927744,1773982832,2026-03-20T05:00:32+00:00,0.0075
63415064977569429650854303533694905713854849186055984415925532647266316927744,1773986443,2026-03-20T06:00:43+00:00,0.0075
63415064977569429650854303533694905713854849186055984415925532647266316927744,1773990032,2026-03-20T07:00:32+00:00,0.0075
63415064977569429650854303533694905713854849186055984415925532647266316927744,1773993631,2026-03-20T08:00:31+00:00,0.0075
63415064977569429650854303533694905713854849186055984415925532647266316927744,1773997233,2026-03-20T09:00:33+00:00,0.0075
63415064977569429650854303533694905713854849186055984415925532647266316927744,1774000845,2026-03-20T10:00:45+00:00,0.0075
63415064977569429650854303533694905713854849186055984415925532647266316927744,1774004428,2026-03-20T11:00:28+00:00,0.0075
63415064977569429650854303533694905713854849186055984415925532647266316927744,1774008034,2026-03-20T12:00:34+00:00,0.0075
63415064977569429650854303533694905713854849186055984415925532647266316927744,1774011628,2026-03-20T13:00:28+00:00,0.0075
63415064977569429650854303533694905713854849186055984415925532647266316927744,1774015235,2026-03-20T14:00:35+00:00,0.0075
63415064977569429650854303533694905713854849186055984415925532647266316927744,1774018836,2026-03-20T15:00:36+00:00,0.0075
63415064977569429650854303533694905713854849186055984415925532647266316927744,1774022429,2026-03-20T16:00:29+00:00,0.0075
63415064977569429650854303533694905713854849186055984415925532647266316927744,1774026030,2026-03-20T17:00:30+00:00,0.0075
63415064977569429650854303533694905713854849186055984415925532647266316927744,1774029639,2026-03-20T18:00:39+00:00,0.0075
63415064977569429650854303533694905713854849186055984415925532647266316927744,1774033232,2026-03-20T19:00:32+00:00,0.0075
63415064977569429650854303533694905713854849186055984415925532647266316927744,1774036832,2026-03-20T20:00:32+00:00,0.0075
63415064977569429650854303533694905713854849186055984415925532647266316927744,1774040441,2026-03-20T21:00:41+00:00,0.0075
63415064977569429650854303533694905713854849186055984415925532647266316927744,1774044038,2026-03-20T22:00:38+00:00,0.0075
63415064977569429650854303533694905713854849186055984415925532647266316927744,1774047633,2026-03-20T23:00:33+00:00,0.0075
63415064977569429650854303533694905713854849186055984415925532647266316927744,1774051237,2026-03-21T00:00:37+00:00,0.0075
63415064977569429650854303533694905713854849186055984415925532647266316927744,1774054835,2026-03-21T01:00:35+00:00,0.0075
63415064977569429650854303533694905713854849186055984415925532647266316927744,1774058446,2026-03-21T02:00:46+00:00,0.0075
63415064977569429650854303533694905713854849186055984415925532647266316927744,1774062029,2026-03-21T03:00:29+00:00,0.0075
63415064977569429650854303533694905713854849186055984415925532647266316927744,1774065632,2026-03-21T04:00:32+00:00,0.0075
63415064977569429650854303533694905713854849186055984415925532647266316927744,1774069230,2026-03-21T05:00:30+00:00,0.0075
63415064977569429650854303533694905713854849186055984415925532647266316927744,1774072832,2026-03-21T06:00:32+00:00,0.0075
63415064977569429650854303533694905713854849186055984415925532647266316927744,1774076431,2026-03-21T07:00:31+00:00,0.0075
63415064977569429650854303533694905713854849186055984415925532647266316927744,1774080029,2026-03-21T08:00:29+00:00,0.0075
63415064977569429650854303533694905713854849186055984415925532647266316927744,1774083628,2026-03-21T09:00:28+00:00,0.0075
63415064977569429650854303533694905713854849186055984415925532647266316927744,1774087226,2026-03-21T10:00:26+00:00,0.0075
63415064977569429650854303533694905713854849186055984415925532647266316927744,1774090832,2026-03-21T11:00:32+00:00,0.0075
63415064977569429650854303533694905713854849186055984415925532647266316927744,1774094430,2026-03-21T12:00:30+00:00,0.0075
63415064977569429650854303533694905713854849186055984415925532647266316927744,1774098034,2026-03-21T13:00:34+00:00,0.0075
63415064977569429650854303533694905713854849186055984415925532647266316927744,1774101635,2026-03-21T14:00:35+00:00,0.0075
63415064977569429650854303533694905713854849186055984415925532647266316927744,1774105238,2026-03-21T15:00:38+00:00,0.0075
63415064977569429650854303533694905713854849186055984415925532647266316927744,1774108846,2026-03-21T16:00:46+00:00,0.0075
63415064977569429650854303533694905713854849186055984415925532647266316927744,1774112440,2026-03-21T17:00:40+00:00,0.0075
63415064977569429650854303533694905713854849186055984415925532647266316927744,1774116034,2026-03-21T18:00:34+00:00,0.0075
63415064977569429650854303533694905713854849186055984415925532647266316927744,1774119632,2026-03-21T19:00:32+00:00,0.0075
63415064977569429650854303533694905713854849186055984415925532647266316927744,1774123229,2026-03-21T20:00:29+00:00,0.0075
63415064977569429650854303533694905713854849186055984415925532647266316927744,1774126832,2026-03-21T21:00:32+00:00,0.0075
63415064977569429650854303533694905713854849186055984415925532647266316927744,1774130432,2026-03-21T22:00:32+00:00,0.0075
63415064977569429650854303533694905713854849186055984415925532647266316927744,1774134029,2026-03-21T23:00:29+00:00,0.0075
63415064977569429650854303533694905713854849186055984415925532647266316927744,1774137635,2026-03-22T00:00:35+00:00,0.0075
63415064977569429650854303533694905713854849186055984415925532647266316927744,1774141230,2026-03-22T01:00:30+00:00,0.0075
63415064977569429650854303533694905713854849186055984415925532647266316927744,1774144825,2026-03-22T02:00:25+00:00,0.0075
63415064977569429650854303533694905713854849186055984415925532647266316927744,1774148425,2026-03-22T03:00:25+00:00,0.0075
63415064977569429650854303533694905713854849186055984415925532647266316927744,1774152025,2026-03-22T04:00:25+00:00,0.0075
63415064977569429650854303533694905713854849186055984415925532647266316927744,1774155628,2026-03-22T05:00:28+00:00,0.0075
63415064977569429650854303533694905713854849186055984415925532647266316927744,1774159227,2026-03-22T06:00:27+00:00,0.0075
63415064977569429650854303533694905713854849186055984415925532647266316927744,1774162823,2026-03-22T07:00:23+00:00,0.0075
63415064977569429650854303533694905713854849186055984415925532647266316927744,1774166426,2026-03-22T08:00:26+00:00,0.0075
63415064977569429650854303533694905713854849186055984415925532647266316927744,1774170025,2026-03-22T09:00:25+00:00,0.0075
63415064977569429650854303533694905713854849186055984415925532647266316927744,1774173625,2026-03-22T10:00:25+00:00,0.0075
63415064977569429650854303533694905713854849186055984415925532647266316927744,1774177223,2026-03-22T11:00:23+00:00,0.0075
63415064977569429650854303533694905713854849186055984415925532647266316927744,1774180841,2026-03-22T12:00:41+00:00,0.0075
63415064977569429650854303533694905713854849186055984415925532647266316927744,1774184432,2026-03-22T13:00:32+00:00,0.0075
63415064977569429650854303533694905713854849186055984415925532647266316927744,1774188025,2026-03-22T14:00:25+00:00,0.0075
63415064977569429650854303533694905713854849186055984415925532647266316927744,1774191625,2026-03-22T15:00:25+00:00,0.0075
63415064977569429650854303533694905713854849186055984415925532647266316927744,1774195227,2026-03-22T16:00:27+00:00,0.0075
63415064977569429650854303533694905713854849186055984415925532647266316927744,1774198843,2026-03-22T17:00:43+00:00,0.0055
63415064977569429650854303533694905713854849186055984415925532647266316927744,1774202428,2026-03-22T18:00:28+00:00,0.0055
63415064977569429650854303533694905713854849186055984415925532647266316927744,1774206028,2026-03-22T19:00:28+00:00,0.0055
63415064977569429650854303533694905713854849186055984415925532647266316927744,1774209626,2026-03-22T20:00:26+00:00,0.0055
63415064977569429650854303533694905713854849186055984415925532647266316927744,1774213227,2026-03-22T21:00:27+00:00,0.0055
63415064977569429650854303533694905713854849186055984415925532647266316927744,1774216826,2026-03-22T22:00:26+00:00,0.0055
63415064977569429650854303533694905713854849186055984415925532647266316927744,1774220429,2026-03-22T23:00:29+00:00,0.0055
63415064977569429650854303533694905713854849186055984415925532647266316927744,1774224029,2026-03-23T00:00:29+00:00,0.0055
63415064977569429650854303533694905713854849186055984415925532647266316927744,1774227626,2026-03-23T01:00:26+00:00,0.0055
63415064977569429650854303533694905713854849186055984415925532647266316927744,1774231228,2026-03-23T02:00:28+00:00,0.0055
63415064977569429650854303533694905713854849186055984415925532647266316927744,1774234830,2026-03-23T03:00:30+00:00,0.0055
63415064977569429650854303533694905713854849186055984415925532647266316927744,1774238423,2026-03-23T04:00:23+00:00,0.0055
63415064977569429650854303533694905713854849186055984415925532647266316927744,1774242031,2026-03-23T05:00:31+00:00,0.0055
63415064977569429650854303533694905713854849186055984415925532647266316927744,1774245631,2026-03-23T06:00:31+00:00,0.0055
63415064977569429650854303533694905713854849186055984415925532647266316927744,1774249228,2026-03-23T07:00:28+00:00,0.0055
63415064977569429650854303533694905713854849186055984415925532647266316927744,1774252830,2026-03-23T08:00:30+00:00,0.0055
63415064977569429650854303533694905713854849186055984415925532647266316927744,1774256439,2026-03-23T09:00:39+00:00,0.0055
63415064977569429650854303533694905713854849186055984415925532647266316927744,1774260025,2026-03-23T10:00:25+00:00,0.0055
63415064977569429650854303533694905713854849186055984415925532647266316927744,1774263624,2026-03-23T11:00:24+00:00,0.0055
63415064977569429650854303533694905713854849186055984415925532647266316927744,1774267228,2026-03-23T12:00:28+00:00,0.0055
63415064977569429650854303533694905713854849186055984415925532647266316927744,1774270829,2026-03-23T13:00:29+00:00,0.0055
63415064977569429650854303533694905713854849186055984415925532647266316927744,1774274426,2026-03-23T14:00:26+00:00,0.0055
63415064977569429650854303533694905713854849186055984415925532647266316927744,1774278023,2026-03-23T15:00:23+00:00,0.0055
63415064977569429650854303533694905713854849186055984415925532647266316927744,1774281624,2026-03-23T16:00:24+00:00,0.0055
63415064977569429650854303533694905713854849186055984415925532647266316927744,1774285233,2026-03-23T17:00:33+00:00,0.0055
63415064977569429650854303533694905713854849186055984415925532647266316927744,1774288824,2026-03-23T18:00:24+00:00,0.0055
63415064977569429650854303533694905713854849186055984415925532647266316927744,1774292441,2026-03-23T19:00:41+00:00,0.0055
63415064977569429650854303533694905713854849186055984415925532647266316927744,1774296025,2026-03-23T20:00:25+00:00,0.0055
63415064977569429650854303533694905713854849186055984415925532647266316927744,1774299626,2026-03-23T21:00:26+00:00,0.0055
63415064977569429650854303533694905713854849186055984415925532647266316927744,1774303226,2026-03-23T22:00:26+00:00,0.0055
63415064977569429650854303533694905713854849186055984415925532647266316927744,1774306825,2026-03-23T23:00:25+00:00,0.0055
63415064977569429650854303533694905713854849186055984415925532647266316927744,1774310426,2026-03-24T00:00:26+00:00,0.0055
63415064977569429650854303533694905713854849186055984415925532647266316927744,1774314023,2026-03-24T01:00:23+00:00,0.0055
63415064977569429650854303533694905713854849186055984415925532647266316927744,1774317626,2026-03-24T02:00:26+00:00,0.0055
63415064977569429650854303533694905713854849186055984415925532647266316927744,1774321224,2026-03-24T03:00:24+00:00,0.0055
63415064977569429650854303533694905713854849186055984415925532647266316927744,1774324827,2026-03-24T04:00:27+00:00,0.0055
63415064977569429650854303533694905713854849186055984415925532647266316927744,1774328428,2026-03-24T05:00:28+00:00,0.0055
63415064977569429650854303533694905713854849186055984415925532647266316927744,1774332028,2026-03-24T06:00:28+00:00,0.0055
63415064977569429650854303533694905713854849186055984415925532647266316927744,1774335624,2026-03-24T07:00:24+00:00,0.0055
63415064977569429650854303533694905713854849186055984415925532647266316927744,1774339224,2026-03-24T08:00:24+00:00,0.006
63415064977569429650854303533694905713854849186055984415925532647266316927744,1774342826,2026-03-24T09:00:26+00:00,0.0055
63415064977569429650854303533694905713854849186055984415925532647266316927744,1774346423,2026-03-24T10:00:23+00:00,0.0055
63415064977569429650854303533694905713854849186055984415925532647266316927744,1774350045,2026-03-24T11:00:45+00:00,0.0055
63415064977569429650854303533694905713854849186055984415925532647266316927744,1774353632,2026-03-24T12:00:32+00:00,0.0055
63415064977569429650854303533694905713854849186055984415925532647266316927744,1774357243,2026-03-24T13:00:43+00:00,0.0055
63415064977569429650854303533694905713854849186055984415925532647266316927744,1774360832,2026-03-24T14:00:32+00:00,0.0055
63415064977569429650854303533694905713854849186055984415925532647266316927744,1774364437,2026-03-24T15:00:37+00:00,0.0055
63415064977569429650854303533694905713854849186055984415925532647266316927744,1774368031,2026-03-24T16:00:31+00:00,0.0055
63415064977569429650854303533694905713854849186055984415925532647266316927744,1774371633,2026-03-24T17:00:33+00:00,0.0055
63415064977569429650854303533694905713854849186055984415925532647266316927744,1774375241,2026-03-24T18:00:41+00:00,0.0055
63415064977569429650854303533694905713854849186055984415925532647266316927744,1774378833,2026-03-24T19:00:33+00:00,0.0055
63415064977569429650854303533694905713854849186055984415925532647266316927744,1774382435,2026-03-24T20:00:35+00:00,0.006
63415064977569429650854303533694905713854849186055984415925532647266316927744,1774386046,2026-03-24T21:00:46+00:00,0.0055
63415064977569429650854303533694905713854849186055984415925532647266316927744,1774389630,2026-03-24T22:00:30+00:00,0.0055
63415064977569429650854303533694905713854849186055984415925532647266316927744,1774393234,2026-03-24T23:00:34+00:00,0.0055
63415064977569429650854303533694905713854849186055984415925532647266316927744,1774396842,2026-03-25T00:00:42+00:00,0.006
63415064977569429650854303533694905713854849186055984415925532647266316927744,1774400432,2026-03-25T01:00:32+00:00,0.006
63415064977569429650854303533694905713854849186055984415925532647266316927744,1774404033,2026-03-25T02:00:33+00:00,0.006
63415064977569429650854303533694905713854849186055984415925532647266316927744,1774407635,2026-03-25T03:00:35+00:00,0.006
63415064977569429650854303533694905713854849186055984415925532647266316927744,1774411235,2026-03-25T04:00:35+00:00,0.006
63415064977569429650854303533694905713854849186055984415925532647266316927744,1774414835,2026-03-25T05:00:35+00:00,0.0055
63415064977569429650854303533694905713854849186055984415925532647266316927744,1774418440,2026-03-25T06:00:40+00:00,0.0055
63415064977569429650854303533694905713854849186055984415925532647266316927744,1774422032,2026-03-25T07:00:32+00:00,0.0055
63415064977569429650854303533694905713854849186055984415925532647266316927744,1774425631,2026-03-25T08:00:31+00:00,0.0055
63415064977569429650854303533694905713854849186055984415925532647266316927744,1774429239,2026-03-25T09:00:39+00:00,0.006
63415064977569429650854303533694905713854849186055984415925532647266316927744,1774432836,2026-03-25T10:00:36+00:00,0.006
63415064977569429650854303533694905713854849186055984415925532647266316927744,1774436438,2026-03-25T11:00:38+00:00,0.006
63415064977569429650854303533694905713854849186055984415925532647266316927744,1774440044,2026-03-25T12:00:44+00:00,0.0055
63415064977569429650854303533694905713854849186055984415925532647266316927744,1774443636,2026-03-25T13:00:36+00:00,0.006
63415064977569429650854303533694905713854849186055984415925532647266316927744,1774447246,2026-03-25T14:00:46+00:00,0.006
63415064977569429650854303533694905713854849186055984415925532647266316927744,1774450841,2026-03-25T15:00:41+00:00,0.006
63415064977569429650854303533694905713854849186055984415925532647266316927744,1774454436,2026-03-25T16:00:36+00:00,0.006
63415064977569429650854303533694905713854849186055984415925532647266316927744,1774458034,2026-03-25T17:00:34+00:00,0.006
63415064977569429650854303533694905713854849186055984415925532647266316927744,1774461642,2026-03-25T18:00:42+00:00,0.006
63415064977569429650854303533694905713854849186055984415925532647266316927744,1774465236,2026-03-25T19:00:36+00:00,0.006
63415064977569429650854303533694905713854849186055984415925532647266316927744,1774468836,2026-03-25T20:00:36+00:00,0.006
63415064977569429650854303533694905713854849186055984415925532647266316927744,1774472437,2026-03-25T21:00:37+00:00,0.006
63415064977569429650854303533694905713854849186055984415925532647266316927744,1774476033,2026-03-25T22:00:33+00:00,0.0065
63415064977569429650854303533694905713854849186055984415925532647266316927744,1774479633,2026-03-25T23:00:33+00:00,0.0065
63415064977569429650854303533694905713854849186055984415925532647266316927744,1774483245,2026-03-26T00:00:45+00:00,0.006
63415064977569429650854303533694905713854849186055984415925532647266316927744,1774486837,2026-03-26T01:00:37+00:00,0.006
63415064977569429650854303533694905713854849186055984415925532647266316927744,1774490435,2026-03-26T02:00:35+00:00,0.006
63415064977569429650854303533694905713854849186055984415925532647266316927744,1774494041,2026-03-26T03:00:41+00:00,0.006
63415064977569429650854303533694905713854849186055984415925532647266316927744,1774497637,2026-03-26T04:00:37+00:00,0.006
63415064977569429650854303533694905713854849186055984415925532647266316927744,1774501233,2026-03-26T05:00:33+00:00,0.0055
63415064977569429650854303533694905713854849186055984415925532647266316927744,1774504844,2026-03-26T06:00:44+00:00,0.0055
63415064977569429650854303533694905713854849186055984415925532647266316927744,1774508447,2026-03-26T07:00:47+00:00,0.005
63415064977569429650854303533694905713854849186055984415925532647266316927744,1774512038,2026-03-26T08:00:38+00:00,0.0055
63415064977569429650854303533694905713854849186055984415925532647266316927744,1774515637,2026-03-26T09:00:37+00:00,0.0055
63415064977569429650854303533694905713854849186055984415925532647266316927744,1774519240,2026-03-26T10:00:40+00:00,0.0055
63415064977569429650854303533694905713854849186055984415925532647266316927744,1774522831,2026-03-26T11:00:31+00:00,0.0055
63415064977569429650854303533694905713854849186055984415925532647266316927744,1774526456,2026-03-26T12:00:56+00:00,0.005
63415064977569429650854303533694905713854849186055984415925532647266316927744,1774530047,2026-03-26T13:00:47+00:00,0.005
63415064977569429650854303533694905713854849186055984415925532647266316927744,1774533637,2026-03-26T14:00:37+00:00,0.005
63415064977569429650854303533694905713854849186055984415925532647266316927744,1774537241,2026-03-26T15:00:41+00:00,0.0055
63415064977569429650854303533694905713854849186055984415925532647266316927744,1774540840,2026-03-26T16:00:40+00:00,0.0055
63415064977569429650854303533694905713854849186055984415925532647266316927744,1774548040,2026-03-26T18:00:40+00:00,0.0055
63415064977569429650854303533694905713854849186055984415925532647266316927744,1774551630,2026-03-26T19:00:30+00:00,0.0055
63415064977569429650854303533694905713854849186055984415925532647266316927744,1774555231,2026-03-26T20:00:31+00:00,0.0055
63415064977569429650854303533694905713854849186055984415925532647266316927744,1774558833,2026-03-26T21:00:33+00:00,0.0055
63415064977569429650854303533694905713854849186055984415925532647266316927744,1774562431,2026-03-26T22:00:31+00:00,0.005
63415064977569429650854303533694905713854849186055984415925532647266316927744,1774566028,2026-03-26T23:00:28+00:00,0.005
63415064977569429650854303533694905713854849186055984415925532647266316927744,1774569639,2026-03-27T00:00:39+00:00,0.005
63415064977569429650854303533694905713854849186055984415925532647266316927744,1774573231,2026-03-27T01:00:31+00:00,0.006
63415064977569429650854303533694905713854849186055984415925532647266316927744,1774576835,2026-03-27T02:00:35+00:00,0.0055
63415064977569429650854303533694905713854849186055984415925532647266316927744,1774580437,2026-03-27T03:00:37+00:00,0.0055
63415064977569429650854303533694905713854849186055984415925532647266316927744,1774584030,2026-03-27T04:00:30+00:00,0.005
63415064977569429650854303533694905713854849186055984415925532647266316927744,1774587632,2026-03-27T05:00:32+00:00,0.005
63415064977569429650854303533694905713854849186055984415925532647266316927744,1774591235,2026-03-27T06:00:35+00:00,0.005
63415064977569429650854303533694905713854849186055984415925532647266316927744,1774594831,2026-03-27T07:00:31+00:00,0.006
63415064977569429650854303533694905713854849186055984415925532647266316927744,1774598427,2026-03-27T08:00:27+00:00,0.006
63415064977569429650854303533694905713854849186055984415925532647266316927744,1774602033,2026-03-27T09:00:33+00:00,0.006
63415064977569429650854303533694905713854849186055984415925532647266316927744,1774605628,2026-03-27T10:00:28+00:00,0.006
63415064977569429650854303533694905713854849186055984415925532647266316927744,1774609232,2026-03-27T11:00:32+00:00,0.006
63415064977569429650854303533694905713854849186055984415925532647266316927744,1774612838,2026-03-27T12:00:38+00:00,0.006
63415064977569429650854303533694905713854849186055984415925532647266316927744,1774616434,2026-03-27T13:00:34+00:00,0.006
63415064977569429650854303533694905713854849186055984415925532647266316927744,1774620033,2026-03-27T14:00:33+00:00,0.006
63415064977569429650854303533694905713854849186055984415925532647266316927744,1774623633,2026-03-27T15:00:33+00:00,0.006
63415064977569429650854303533694905713854849186055984415925532647266316927744,1774627233,2026-03-27T16:00:33+00:00,0.006
63415064977569429650854303533694905713854849186055984415925532647266316927744,1774630840,2026-03-27T17:00:40+00:00,0.006
63415064977569429650854303533694905713854849186055984415925532647266316927744,1774634440,2026-03-27T18:00:40+00:00,0.006
63415064977569429650854303533694905713854849186055984415925532647266316927744,1774638034,2026-03-27T19:00:34+00:00,0.006
63415064977569429650854303533694905713854849186055984415925532647266316927744,1774641641,2026-03-27T20:00:41+00:00,0.006
63415064977569429650854303533694905713854849186055984415925532647266316927744,1774645240,2026-03-27T21:00:40+00:00,0.006
63415064977569429650854303533694905713854849186055984415925532647266316927744,1774648833,2026-03-27T22:00:33+00:00,0.006
63415064977569429650854303533694905713854849186055984415925532647266316927744,1774652447,2026-03-27T23:00:47+00:00,0.006
63415064977569429650854303533694905713854849186055984415925532647266316927744,1774656041,2026-03-28T00:00:41+00:00,0.006
63415064977569429650854303533694905713854849186055984415925532647266316927744,1774659635,2026-03-28T01:00:35+00:00,0.006
63415064977569429650854303533694905713854849186055984415925532647266316927744,1774663234,2026-03-28T02:00:34+00:00,0.006
63415064977569429650854303533694905713854849186055984415925532647266316927744,1774666836,2026-03-28T03:00:36+00:00,0.006
63415064977569429650854303533694905713854849186055984415925532647266316927744,1774670434,2026-03-28T04:00:34+00:00,0.006
63415064977569429650854303533694905713854849186055984415925532647266316927744,1774674031,2026-03-28T05:00:31+00:00,0.006
63415064977569429650854303533694905713854849186055984415925532647266316927744,1774677639,2026-03-28T06:00:39+00:00,0.006
63415064977569429650854303533694905713854849186055984415925532647266316927744,1774681232,2026-03-28T07:00:32+00:00,0.006
63415064977569429650854303533694905713854849186055984415925532647266316927744,1774684836,2026-03-28T08:00:36+00:00,0.006
63415064977569429650854303533694905713854849186055984415925532647266316927744,1774688439,2026-03-28T09:00:39+00:00,0.006
63415064977569429650854303533694905713854849186055984415925532647266316927744,1774692037,2026-03-28T10:00:37+00:00,0.006
63415064977569429650854303533694905713854849186055984415925532647266316927744,1774695644,2026-03-28T11:00:44+00:00,0.006
63415064977569429650854303533694905713854849186055984415925532647266316927744,1774699241,2026-03-28T12:00:41+00:00,0.006
63415064977569429650854303533694905713854849186055984415925532647266316927744,1774702841,2026-03-28T13:00:41+00:00,0.006
63415064977569429650854303533694905713854849186055984415925532647266316927744,1774706441,2026-03-28T14:00:41+00:00,0.006
63415064977569429650854303533694905713854849186055984415925532647266316927744,1774710042,2026-03-28T15:00:42+00:00,0.006
63415064977569429650854303533694905713854849186055984415925532647266316927744,1774713636,2026-03-28T16:00:36+00:00,0.006
63415064977569429650854303533694905713854849186055984415925532647266316927744,1774717245,2026-03-28T17:00:45+00:00,0.006
63415064977569429650854303533694905713854849186055984415925532647266316927744,1774720846,2026-03-28T18:00:46+00:00,0.006
63415064977569429650854303533694905713854849186055984415925532647266316927744,1774724438,2026-03-28T19:00:38+00:00,0.006
63415064977569429650854303533694905713854849186055984415925532647266316927744,1774728035,2026-03-28T20:00:35+00:00,0.006
63415064977569429650854303533694905713854849186055984415925532647266316927744,1774731641,2026-03-28T21:00:41+00:00,0.006
63415064977569429650854303533694905713854849186055984415925532647266316927744,1774735238,2026-03-28T22:00:38+00:00,0.006
63415064977569429650854303533694905713854849186055984415925532647266316927744,1774738838,2026-03-28T23:00:38+00:00,0.006
63415064977569429650854303533694905713854849186055984415925532647266316927744,1774742445,2026-03-29T00:00:45+00:00,0.006
63415064977569429650854303533694905713854849186055984415925532647266316927744,1774746045,2026-03-29T01:00:45+00:00,0.0085
63415064977569429650854303533694905713854849186055984415925532647266316927744,1774749641,2026-03-29T02:00:41+00:00,0.0085
63415064977569429650854303533694905713854849186055984415925532647266316927744,1774753240,2026-03-29T03:00:40+00:00,0.0085
63415064977569429650854303533694905713854849186055984415925532647266316927744,1774756838,2026-03-29T04:00:38+00:00,0.0085
63415064977569429650854303533694905713854849186055984415925532647266316927744,1774760441,2026-03-29T05:00:41+00:00,0.0085
63415064977569429650854303533694905713854849186055984415925532647266316927744,1774764048,2026-03-29T06:00:48+00:00,0.0085
63415064977569429650854303533694905713854849186055984415925532647266316927744,1774767640,2026-03-29T07:00:40+00:00,0.0085
63415064977569429650854303533694905713854849186055984415925532647266316927744,1774771242,2026-03-29T08:00:42+00:00,0.0085
63415064977569429650854303533694905713854849186055984415925532647266316927744,1774774846,2026-03-29T09:00:46+00:00,0.0085
63415064977569429650854303533694905713854849186055984415925532647266316927744,1774778440,2026-03-29T10:00:40+00:00,0.0085
63415064977569429650854303533694905713854849186055984415925532647266316927744,1774782039,2026-03-29T11:00:39+00:00,0.0085
63415064977569429650854303533694905713854849186055984415925532647266316927744,1774785654,2026-03-29T12:00:54+00:00,0.0085
63415064977569429650854303533694905713854849186055984415925532647266316927744,1774789241,2026-03-29T13:00:41+00:00,0.0085
63415064977569429650854303533694905713854849186055984415925532647266316927744,1774792842,2026-03-29T14:00:42+00:00,0.0085
63415064977569429650854303533694905713854849186055984415925532647266316927744,1774796445,2026-03-29T15:00:45+00:00,0.0085
63415064977569429650854303533694905713854849186055984415925532647266316927744,1774800041,2026-03-29T16:00:41+00:00,0.0095
63415064977569429650854303533694905713854849186055984415925532647266316927744,1774803646,2026-03-29T17:00:46+00:00,0.0095
63415064977569429650854303533694905713854849186055984415925532647266316927744,1774807251,2026-03-29T18:00:51+00:00,0.0095
63415064977569429650854303533694905713854849186055984415925532647266316927744,1774810840,2026-03-29T19:00:40+00:00,0.0095
63415064977569429650854303533694905713854849186055984415925532647266316927744,1774814441,2026-03-29T20:00:41+00:00,0.0095
63415064977569429650854303533694905713854849186055984415925532647266316927744,1774818047,2026-03-29T21:00:47+00:00,0.0095
63415064977569429650854303533694905713854849186055984415925532647266316927744,1774821657,2026-03-29T22:00:57+00:00,0.0095
63415064977569429650854303533694905713854849186055984415925532647266316927744,1774828859,2026-03-30T00:00:59+00:00,0.0095
63415064977569429650854303533694905713854849186055984415925532647266316927744,1774832442,2026-03-30T01:00:42+00:00,0.0095
63415064977569429650854303533694905713854849186055984415925532647266316927744,1774836043,2026-03-30T02:00:43+00:00,0.0095
63415064977569429650854303533694905713854849186055984415925532647266316927744,1774839651,2026-03-30T03:00:51+00:00,0.0095
63415064977569429650854303533694905713854849186055984415925532647266316927744,1774843254,2026-03-30T04:00:54+00:00,0.0095
63415064977569429650854303533694905713854849186055984415925532647266316927744,1774846856,2026-03-30T05:00:56+00:00,0.0095
63415064977569429650854303533694905713854849186055984415925532647266316927744,1774850446,2026-03-30T06:00:46+00:00,0.0095
63415064977569429650854303533694905713854849186055984415925532647266316927744,1774854059,2026-03-30T07:00:59+00:00,0.0095
63415064977569429650854303533694905713854849186055984415925532647266316927744,1774857643,2026-03-30T08:00:43+00:00,0.0095
63415064977569429650854303533694905713854849186055984415925532647266316927744,1774861248,2026-03-30T09:00:48+00:00,0.0095
63415064977569429650854303533694905713854849186055984415925532647266316927744,1774864841,2026-03-30T10:00:41+00:00,0.0095
63415064977569429650854303533694905713854849186055984415925532647266316927744,1774868443,2026-03-30T11:00:43+00:00,0.0095
63415064977569429650854303533694905713854849186055984415925532647266316927744,1774872052,2026-03-30T12:00:52+00:00,0.0095
63415064977569429650854303533694905713854849186055984415925532647266316927744,1774875658,2026-03-30T13:00:58+00:00,0.0095
63415064977569429650854303533694905713854849186055984415925532647266316927744,1774879255,2026-03-30T14:00:55+00:00,0.0095
63415064977569429650854303533694905713854849186055984415925532647266316927744,1774882850,2026-03-30T15:00:50+00:00,0.0095
63415064977569429650854303533694905713854849186055984415925532647266316927744,1774886446,2026-03-30T16:00:46+00:00,0.0095
63415064977569429650854303533694905713854849186055984415925532647266316927744,1774893654,2026-03-30T18:00:54+00:00,0.0095
63415064977569429650854303533694905713854849186055984415925532647266316927744,1774897252,2026-03-30T19:00:52+00:00,0.0095
63415064977569429650854303533694905713854849186055984415925532647266316927744,1774900859,2026-03-30T20:00:59+00:00,0.0095
63415064977569429650854303533694905713854849186055984415925532647266316927744,1774904448,2026-03-30T21:00:48+00:00,0.0095
63415064977569429650854303533694905713854849186055984415925532647266316927744,1774908043,2026-03-30T22:00:43+00:00,0.0095
63415064977569429650854303533694905713854849186055984415925532647266316927744,1774911643,2026-03-30T23:00:43+00:00,0.0095
63415064977569429650854303533694905713854849186055984415925532647266316927744,1774915254,2026-03-31T00:00:54+00:00,0.0095
63415064977569429650854303533694905713854849186055984415925532647266316927744,1774918846,2026-03-31T01:00:46+00:00,0.0095
63415064977569429650854303533694905713854849186055984415925532647266316927744,1774922458,2026-03-31T02:00:58+00:00,0.0095
63415064977569429650854303533694905713854849186055984415925532647266316927744,1774929642,2026-03-31T04:00:42+00:00,0.0095
63415064977569429650854303533694905713854849186055984415925532647266316927744,1774933244,2026-03-31T05:00:44+00:00,0.0095
63415064977569429650854303533694905713854849186055984415925532647266316927744,1774936851,2026-03-31T06:00:51+00:00,0.0095
63415064977569429650854303533694905713854849186055984415925532647266316927744,1774940452,2026-03-31T07:00:52+00:00,0.0095
63415064977569429650854303533694905713854849186055984415925532647266316927744,1774944042,2026-03-31T08:00:42+00:00,0.0095
63415064977569429650854303533694905713854849186055984415925532647266316927744,1774947655,2026-03-31T09:00:55+00:00,0.0095
63415064977569429650854303533694905713854849186055984415925532647266316927744,1774951246,2026-03-31T10:00:46+00:00,0.0095
63415064977569429650854303533694905713854849186055984415925532647266316927744,1774954848,2026-03-31T11:00:48+00:00,0.0095
63415064977569429650854303533694905713854849186055984415925532647266316927744,1774962048,2026-03-31T13:00:48+00:00,0.0095
63415064977569429650854303533694905713854849186055984415925532647266316927744,1774965653,2026-03-31T14:00:53+00:00,0.0095
63415064977569429650854303533694905713854849186055984415925532647266316927744,1774969226,2026-03-31T15:00:26+00:00,0.0095
63415064977569429650854303533694905713854849186055984415925532647266316927744,1774972855,2026-03-31T16:00:55+00:00,0.0095
63415064977569429650854303533694905713854849186055984415925532647266316927744,1774976413,2026-03-31T17:00:13+00:00,0.0095
63415064977569429650854303533694905713854849186055984415925532647266316927744,1774980042,2026-03-31T18:00:42+00:00,0.0095
63415064977569429650854303533694905713854849186055984415925532647266316927744,1774990853,2026-03-31T21:00:53+00:00,0.0095
63415064977569429650854303533694905713854849186055984415925532647266316927744,1774994450,2026-03-31T22:00:50+00:00,0.0095
63415064977569429650854303533694905713854849186055984415925532647266316927744,1774998048,2026-03-31T23:00:48+00:00,0.0095
63415064977569429650854303533694905713854849186055984415925532647266316927744,1775001659,2026-04-01T00:00:59+00:00,0.0095
63415064977569429650854303533694905713854849186055984415925532647266316927744,1775005241,2026-04-01T01:00:41+00:00,0.0095
63415064977569429650854303533694905713854849186055984415925532647266316927744,1775008843,2026-04-01T02:00:43+00:00,0.0095
63415064977569429650854303533694905713854849186055984415925532647266316927744,1775012448,2026-04-01T03:00:48+00:00,0.0095
63415064977569429650854303533694905713854849186055984415925532647266316927744,1775016057,2026-04-01T04:00:57+00:00,0.0095
63415064977569429650854303533694905713854849186055984415925532647266316927744,1775019640,2026-04-01T05:00:40+00:00,0.0095
63415064977569429650854303533694905713854849186055984415925532647266316927744,1775023243,2026-04-01T06:00:43+00:00,0.0095
63415064977569429650854303533694905713854849186055984415925532647266316927744,1775026842,2026-04-01T07:00:42+00:00,0.0095
63415064977569429650854303533694905713854849186055984415925532647266316927744,1775030448,2026-04-01T08:00:48+00:00,0.0095
63415064977569429650854303533694905713854849186055984415925532647266316927744,1775034047,2026-04-01T09:00:47+00:00,0.0095
63415064977569429650854303533694905713854849186055984415925532647266316927744,1775037639,2026-04-01T10:00:39+00:00,0.0095
63415064977569429650854303533694905713854849186055984415925532647266316927744,1775041240,2026-04-01T11:00:40+00:00,0.0095
63415064977569429650854303533694905713854849186055984415925532647266316927744,1775044859,2026-04-01T12:00:59+00:00,0.0095
63415064977569429650854303533694905713854849186055984415925532647266316927744,1775048440,2026-04-01T13:00:40+00:00,0.0095
63415064977569429650854303533694905713854849186055984415925532647266316927744,1775052046,2026-04-01T14:00:46+00:00,0.01
63415064977569429650854303533694905713854849186055984415925532647266316927744,1775055648,2026-04-01T15:00:48+00:00,0.01
63415064977569429650854303533694905713854849186055984415925532647266316927744,1775059249,2026-04-01T16:00:49+00:00,0.01
63415064977569429650854303533694905713854849186055984415925532647266316927744,1775062857,2026-04-01T17:00:57+00:00,0.01
63415064977569429650854303533694905713854849186055984415925532647266316927744,1775066447,2026-04-01T18:00:47+00:00,0.01
63415064977569429650854303533694905713854849186055984415925532647266316927744,1775070051,2026-04-01T19:00:51+00:00,0.01
63415064977569429650854303533694905713854849186055984415925532647266316927744,1775073654,2026-04-01T20:00:54+00:00,0.01
63415064977569429650854303533694905713854849186055984415925532647266316927744,1775080844,2026-04-01T22:00:44+00:00,0.01
63415064977569429650854303533694905713854849186055984415925532647266316927744,1775084455,2026-04-01T23:00:55+00:00,0.011
63415064977569429650854303533694905713854849186055984415925532647266316927744,1775088055,2026-04-02T00:00:55+00:00,0.007
63415064977569429650854303533694905713854849186055984415925532647266316927744,1775091653,2026-04-02T01:00:53+00:00,0.007
63415064977569429650854303533694905713854849186055984415925532647266316927744,1775095243,2026-04-02T02:00:43+00:00,0.0095
63415064977569429650854303533694905713854849186055984415925532647266316927744,1775102445,2026-04-02T04:00:45+00:00,0.0095
63415064977569429650854303533694905713854849186055984415925532647266316927744,1775106044,2026-04-02T05:00:44+00:00,0.0095
63415064977569429650854303533694905713854849186055984415925532647266316927744,1775109656,2026-04-02T06:00:56+00:00,0.0095
63415064977569429650854303533694905713854849186055984415925532647266316927744,1775113241,2026-04-02T07:00:41+00:00,0.007
63415064977569429650854303533694905713854849186055984415925532647266316927744,1775116841,2026-04-02T08:00:41+00:00,0.007
63415064977569429650854303533694905713854849186055984415925532647266316927744,1775120443,2026-04-02T09:00:43+00:00,0.006
63415064977569429650854303533694905713854849186055984415925532647266316927744,1775124041,2026-04-02T10:00:41+00:00,0.006
63415064977569429650854303533694905713854849186055984415925532647266316927744,1775127644,2026-04-02T11:00:44+00:00,0.006
63415064977569429650854303533694905713854849186055984415925532647266316927744,1775131251,2026-04-02T12:00:51+00:00,0.006
63415064977569429650854303533694905713854849186055984415925532647266316927744,1775138459,2026-04-02T14:00:59+00:00,0.006
63415064977569429650854303533694905713854849186055984415925532647266316927744,1775149212,2026-04-02T17:00:12+00:00,0.006
63415064977569429650854303533694905713854849186055984415925532647266316927744,1775152845,2026-04-02T18:00:45+00:00,0.006
63415064977569429650854303533694905713854849186055984415925532647266316927744,1775156441,2026-04-02T19:00:41+00:00,0.006
63415064977569429650854303533694905713854849186055984415925532647266316927744,1775160044,2026-04-02T20:00:44+00:00,0.006
63415064977569429650854303533694905713854849186055984415925532647266316927744,1775167245,2026-04-02T22:00:45+00:00,0.006
63415064977569429650854303533694905713854849186055984415925532647266316927744,1775170843,2026-04-02T23:00:43+00:00,0.006
63415064977569429650854303533694905713854849186055984415925532647266316927744,1775178043,2026-04-03T01:00:43+00:00,0.006
63415064977569429650854303533694905713854849186055984415925532647266316927744,1775181646,2026-04-03T02:00:46+00:00,0.006
63415064977569429650854303533694905713854849186055984415925532647266316927744,1775188843,2026-04-03T04:00:43+00:00,0.006
63415064977569429650854303533694905713854849186055984415925532647266316927744,1775192454,2026-04-03T05:00:54+00:00,0.006
63415064977569429650854303533694905713854849186055984415925532647266316927744,1775199643,2026-04-03T07:00:43+00:00,0.006
63415064977569429650854303533694905713854849186055984415925532647266316927744,1775203243,2026-04-03T08:00:43+00:00,0.006
63415064977569429650854303533694905713854849186055984415925532647266316927744,1775206849,2026-04-03T09:00:49+00:00,0.006
63415064977569429650854303533694905713854849186055984415925532647266316927744,1775210443,2026-04-03T10:00:43+00:00,0.006
63415064977569429650854303533694905713854849186055984415925532647266316927744,1775214043,2026-04-03T11:00:43+00:00,0.006
63415064977569429650854303533694905713854849186055984415925532647266316927744,1775217654,2026-04-03T12:00:54+00:00,0.006
63415064977569429650854303533694905713854849186055984415925532647266316927744,1775221252,2026-04-03T13:00:52+00:00,0.006
63415064977569429650854303533694905713854849186055984415925532647266316927744,1775224849,2026-04-03T14:00:49+00:00,0.006
63415064977569429650854303533694905713854849186055984415925532647266316927744,1775228453,2026-04-03T15:00:53+00:00,0.006
63415064977569429650854303533694905713854849186055984415925532647266316927744,1775232044,2026-04-03T16:00:44+00:00,0.006
63415064977569429650854303533694905713854849186055984415925532647266316927744,1775242802,2026-04-03T19:00:02+00:00,0.006
63415064977569429650854303533694905713854849186055984415925532647266316927744,1775246452,2026-04-03T20:00:52+00:00,0.006
63415064977569429650854303533694905713854849186055984415925532647266316927744,1775253645,2026-04-03T22:00:45+00:00,0.001
63415064977569429650854303533694905713854849186055984415925532647266316927744,1775257259,2026-04-03T23:00:59+00:00,0.0005
63415064977569429650854303533694905713854849186055984415925532647266316927744,1775264459,2026-04-04T01:00:59+00:00,0.0005
63415064977569429650854303533694905713854849186055984415925532647266316927744,1775268043,2026-04-04T02:00:43+00:00,0.0005
63415064977569429650854303533694905713854849186055984415925532647266316927744,1775271649,2026-04-04T03:00:49+00:00,0.0155
63415064977569429650854303533694905713854849186055984415925532647266316927744,1775278850,2026-04-04T05:00:50+00:00,0.0155
63415064977569429650854303533694905713854849186055984415925532647266316927744,1775282455,2026-04-04T06:00:55+00:00,0.0155
63415064977569429650854303533694905713854849186055984415925532647266316927744,1775286045,2026-04-04T07:00:45+00:00,0.0155
63415064977569429650854303533694905713854849186055984415925532647266316927744,1775289647,2026-04-04T08:00:47+00:00,0.0155
63415064977569429650854303533694905713854849186055984415925532647266316927744,1775293253,2026-04-04T09:00:53+00:00,0.0155
63415064977569429650854303533694905713854849186055984415925532647266316927744,1775300458,2026-04-04T11:00:58+00:00,0.0155
63415064977569429650854303533694905713854849186055984415925532647266316927744,1775307651,2026-04-04T13:00:51+00:00,0.0085
63415064977569429650854303533694905713854849186055984415925532647266316927744,1775314859,2026-04-04T15:00:59+00:00,0.0085
63415064977569429650854303533694905713854849186055984415925532647266316927744,1775318452,2026-04-04T16:00:52+00:00,0.0085
63415064977569429650854303533694905713854849186055984415925532647266316927744,1775325656,2026-04-04T18:00:56+00:00,0.0085
63415064977569429650854303533694905713854849186055984415925532647266316927744,1775336458,2026-04-04T21:00:58+00:00,0.0085
63415064977569429650854303533694905713854849186055984415925532647266316927744,1775350851,2026-04-05T01:00:51+00:00,0.0085
63415064977569429650854303533694905713854849186055984415925532647266316927744,1775361647,2026-04-05T04:00:47+00:00,0.0085
63415064977569429650854303533694905713854849186055984415925532647266316927744,1775365249,2026-04-05T05:00:49+00:00,0.0085
63415064977569429650854303533694905713854849186055984415925532647266316927744,1775372451,2026-04-05T07:00:51+00:00,0.0085
63415064977569429650854303533694905713854849186055984415925532647266316927744,1775383245,2026-04-05T10:00:45+00:00,0.0085
63415064977569429650854303533694905713854849186055984415925532647266316927744,1775386847,2026-04-05T11:00:47+00:00,0.0085
63415064977569429650854303533694905713854849186055984415925532647266316927744,1775390458,2026-04-05T12:00:58+00:00,0.0085
63415064977569429650854303533694905713854849186055984415925532647266316927744,1775394051,2026-04-05T13:00:51+00:00,0.004
63415064977569429650854303533694905713854849186055984415925532647266316927744,1775397654,2026-04-05T14:00:54+00:00,0.0085
63415064977569429650854303533694905713854849186055984415925532647266316927744,1775401252,2026-04-05T15:00:52+00:00,0.0085
63415064977569429650854303533694905713854849186055984415925532647266316927744,1775404855,2026-04-05T16:00:55+00:00,0.0085
63415064977569429650854303533694905713854849186055984415925532647266316927744,1775408454,2026-04-05T17:00:54+00:00,0.0085
63415064977569429650854303533694905713854849186055984415925532647266316927744,1775415648,2026-04-05T19:00:48+00:00,0.0085
63415064977569429650854303533694905713854849186055984415925532647266316927744,1775419259,2026-04-05T20:00:59+00:00,0.0085
63415064977569429650854303533694905713854849186055984415925532647266316927744,1775426455,2026-04-05T22:00:55+00:00,0.0085
63415064977569429650854303533694905713854849186055984415925532647266316927744,1775430049,2026-04-05T23:00:49+00:00,0.0085
63415064977569429650854303533694905713854849186055984415925532647266316927744,1775437248,2026-04-06T01:00:48+00:00,0.004
63415064977569429650854303533694905713854849186055984415925532647266316927744,1775440852,2026-04-06T02:00:52+00:00,0.0085
63415064977569429650854303533694905713854849186055984415925532647266316927744,1775444454,2026-04-06T03:00:54+00:00,0.0085
63415064977569429650854303533694905713854849186055984415925532647266316927744,1775448047,2026-04-06T04:00:47+00:00,0.0085
63415064977569429650854303533694905713854849186055984415925532647266316927744,1775451649,2026-04-06T05:00:49+00:00,0.0085
63415064977569429650854303533694905713854849186055984415925532647266316927744,1775458847,2026-04-06T07:00:47+00:00,0.0085
63415064977569429650854303533694905713854849186055984415925532647266316927744,1775462445,2026-04-06T08:00:45+00:00,0.0085
63415064977569429650854303533694905713854849186055984415925532647266316927744,1775469644,2026-04-06T10:00:44+00:00,0.0085
63415064977569429650854303533694905713854849186055984415925532647266316927744,1775473246,2026-04-06T11:00:46+00:00,0.0085
63415064977569429650854303533694905713854849186055984415925532647266316927744,1775476856,2026-04-06T12:00:56+00:00,0.0085
63415064977569429650854303533694905713854849186055984415925532647266316927744,1775480446,2026-04-06T13:00:46+00:00,0.0085
63415064977569429650854303533694905713854849186055984415925532647266316927744,1775484047,2026-04-06T14:00:47+00:00,0.0085
63415064977569429650854303533694905713854849186055984415925532647266316927744,1775487653,2026-04-06T15:00:53+00:00,0.0085
63415064977569429650854303533694905713854849186055984415925532647266316927744,1775494854,2026-04-06T17:00:54+00:00,0.0085
63415064977569429650854303533694905713854849186055984415925532647266316927744,1775498420,2026-04-06T18:00:20+00:00,0.0085
63415064977569429650854303533694905713854849186055984415925532647266316927744,1775502054,2026-04-06T19:00:54+00:00,0.0085
63415064977569429650854303533694905713854849186055984415925532647266316927744,1775505647,2026-04-06T20:00:47+00:00,0.0085
63415064977569429650854303533694905713854849186055984415925532647266316927744,1775509252,2026-04-06T21:00:52+00:00,0.0085
63415064977569429650854303533694905713854849186055984415925532647266316927744,1775512848,2026-04-06T22:00:48+00:00,0.0085
63415064977569429650854303533694905713854849186055984415925532647266316927744,1775516451,2026-04-06T23:00:51+00:00,0.0085
63415064977569429650854303533694905713854849186055984415925532647266316927744,1775523650,2026-04-07T01:00:50+00:00,0.0085
63415064977569429650854303533694905713854849186055984415925532647266316927744,1775527246,2026-04-07T02:00:46+00:00,0.0085
63415064977569429650854303533694905713854849186055984415925532647266316927744,1775530850,2026-04-07T03:00:50+00:00,0.0085
63415064977569429650854303533694905713854849186055984415925532647266316927744,1775534445,2026-04-07T04:00:45+00:00,0.0085
63415064977569429650854303533694905713854849186055984415925532647266316927744,1775545248,2026-04-07T07:00:48+00:00,0.0085
63415064977569429650854303533694905713854849186055984415925532647266316927744,1775548858,2026-04-07T08:00:58+00:00,0.0085
63415064977569429650854303533694905713854849186055984415925532647266316927744,1775552456,2026-04-07T09:00:56+00:00,0.0085
63415064977569429650854303533694905713854849186055984415925532647266316927744,1775559645,2026-04-07T11:00:45+00:00,0.0085
63415064977569429650854303533694905713854849186055984415925532647266316927744,1775566852,2026-04-07T13:00:52+00:00,0.0085
63415064977569429650854303533694905713854849186055984415925532647266316927744,1775570425,2026-04-07T14:00:25+00:00,0.0085
63415064977569429650854303533694905713854849186055984415925532647266316927744,1775581214,2026-04-07T17:00:14+00:00,0.0085
63415064977569429650854303533694905713854849186055984415925532647266316927744,1775584825,2026-04-07T18:00:25+00:00,0.0085
63415064977569429650854303533694905713854849186055984415925532647266316927744,1775588438,2026-04-07T19:00:38+00:00,0.0085
63415064977569429650854303533694905713854849186055984415925532647266316927744,1775592057,2026-04-07T20:00:57+00:00,0.0085
63415064977569429650854303533694905713854849186055984415925532647266316927744,1775595658,2026-04-07T21:00:58+00:00,0.0085
63415064977569429650854303533694905713854849186055984415925532647266316927744,1775599258,2026-04-07T22:00:58+00:00,0.0085
63415064977569429650854303533694905713854849186055984415925532647266316927744,1775602856,2026-04-07T23:00:56+00:00,0.0085
63415064977569429650854303533694905713854849186055984415925532647266316927744,1775613619,2026-04-08T02:00:19+00:00,0.0085
63415064977569429650854303533694905713854849186055984415925532647266316927744,1775631656,2026-04-08T07:00:56+00:00,0.0085
63415064977569429650854303533694905713854849186055984415925532647266316927744,1775635243,2026-04-08T08:00:43+00:00,0.0085
63415064977569429650854303533694905713854849186055984415925532647266316927744,1775646049,2026-04-08T11:00:49+00:00,0.0085
63415064977569429650854303533694905713854849186055984415925532647266316927744,1775649615,2026-04-08T12:00:15+00:00,0.0085
63415064977569429650854303533694905713854849186055984415925532647266316927744,1775653226,2026-04-08T13:00:26+00:00,0.0085
63415064977569429650854303533694905713854849186055984415925532647266316927744,1775660404,2026-04-08T15:00:04+00:00,0.0085
63415064977569429650854303533694905713854849186055984415925532647266316927744,1775667653,2026-04-08T17:00:53+00:00,0.0085
63415064977569429650854303533694905713854849186055984415925532647266316927744,1775674850,2026-04-08T19:00:50+00:00,0.0085
63415064977569429650854303533694905713854849186055984415925532647266316927744,1775678447,2026-04-08T20:00:47+00:00,0.0085
63415064977569429650854303533694905713854849186055984415925532647266316927744,1775685652,2026-04-08T22:00:52+00:00,0.0085
63415064977569429650854303533694905713854849186055984415925532647266316927744,1775689221,2026-04-08T23:00:21+00:00,0.0085
63415064977569429650854303533694905713854849186055984415925532647266316927744,1775692820,2026-04-09T00:00:20+00:00,0.0085
63415064977569429650854303533694905713854849186055984415925532647266316927744,1775696445,2026-04-09T01:00:45+00:00,0.0085
63415064977569429650854303533694905713854849186055984415925532647266316927744,1775700046,2026-04-09T02:00:46+00:00,0.0085
63415064977569429650854303533694905713854849186055984415925532647266316927744,1775703652,2026-04-09T03:00:52+00:00,0.0085
63415064977569429650854303533694905713854849186055984415925532647266316927744,1775707243,2026-04-09T04:00:43+00:00,0.0085
63415064977569429650854303533694905713854849186055984415925532647266316927744,1775710844,2026-04-09T05:00:44+00:00,0.0085
63415064977569429650854303533694905713854849186055984415925532647266316927744,1775714452,2026-04-09T06:00:52+00:00,0.0085
63415064977569429650854303533694905713854849186055984415925532647266316927744,1775718042,2026-04-09T07:00:42+00:00,0.0085
63415064977569429650854303533694905713854849186055984415925532647266316927744,1775721643,2026-04-09T08:00:43+00:00,0.008
63415064977569429650854303533694905713854849186055984415925532647266316927744,1775725252,2026-04-09T09:00:52+00:00,0.008
63415064977569429650854303533694905713854849186055984415925532647266316927744,1775728844,2026-04-09T10:00:44+00:00,0.008
63415064977569429650854303533694905713854849186055984415925532647266316927744,1775732445,2026-04-09T11:00:45+00:00,0.008
63415064977569429650854303533694905713854849186055984415925532647266316927744,1775739649,2026-04-09T13:00:49+00:00,0.008
63415064977569429650854303533694905713854849186055984415925532647266316927744,1775743253,2026-04-09T14:00:53+00:00,0.008
63415064977569429650854303533694905713854849186055984415925532647266316927744,1775750450,2026-04-09T16:00:50+00:00,0.008
63415064977569429650854303533694905713854849186055984415925532647266316927744,1775761258,2026-04-09T19:00:58+00:00,0.008
63415064977569429650854303533694905713854849186055984415925532647266316927744,1775764852,2026-04-09T20:00:52+00:00,0.008
63415064977569429650854303533694905713854849186055984415925532647266316927744,1775772053,2026-04-09T22:00:53+00:00,0.008
63415064977569429650854303533694905713854849186055984415925532647266316927744,1775775653,2026-04-09T23:00:53+00:00,0.008
63415064977569429650854303533694905713854849186055984415925532647266316927744,1775782851,2026-04-10T01:00:51+00:00,0.008
63415064977569429650854303533694905713854849186055984415925532647266316927744,1775786449,2026-04-10T02:00:49+00:00,0.008
63415064977569429650854303533694905713854849186055984415925532647266316927744,1775790059,2026-04-10T03:00:59+00:00,0.008
63415064977569429650854303533694905713854849186055984415925532647266316927744,1775793653,2026-04-10T04:00:53+00:00,0.008
63415064977569429650854303533694905713854849186055984415925532647266316927744,1775797252,2026-04-10T05:00:52+00:00,0.008
63415064977569429650854303533694905713854849186055984415925532647266316927744,1775804447,2026-04-10T07:00:47+00:00,0.01
63415064977569429650854303533694905713854849186055984415925532647266316927744,1775815256,2026-04-10T10:00:56+00:00,0.008
63415064977569429650854303533694905713854849186055984415925532647266316927744,1775818848,2026-04-10T11:00:48+00:00,0.008
63415064977569429650854303533694905713854849186055984415925532647266316927744,1775829655,2026-04-10T14:00:55+00:00,0.008
63415064977569429650854303533694905713854849186055984415925532647266316927744,1775836859,2026-04-10T16:00:59+00:00,0.008
63415064977569429650854303533694905713854849186055984415925532647266316927744,1775840404,2026-04-10T17:00:04+00:00,0.008
63415064977569429650854303533694905713854849186055984415925532647266316927744,1775847655,2026-04-10T19:00:55+00:00,0.008
63415064977569429650854303533694905713854849186055984415925532647266316927744,1775869249,2026-04-11T01:00:49+00:00,0.008
63415064977569429650854303533694905713854849186055984415925532647266316927744,1775872858,2026-04-11T02:00:58+00:00,0.008
63415064977569429650854303533694905713854849186055984415925532647266316927744,1775876456,2026-04-11T03:00:56+00:00,0.008
63415064977569429650854303533694905713854849186055984415925532647266316927744,1775880056,2026-04-11T04:00:56+00:00,0.008
63415064977569429650854303533694905713854849186055984415925532647266316927744,1775883657,2026-04-11T05:00:57+00:00,0.008
63415064977569429650854303533694905713854849186055984415925532647266316927744,1775890848,2026-04-11T07:00:48+00:00,0.008
63415064977569429650854303533694905713854849186055984415925532647266316927744,1775894446,2026-04-11T08:00:46+00:00,0.008
63415064977569429650854303533694905713854849186055984415925532647266316927744,1775898058,2026-04-11T09:00:58+00:00,0.008
63415064977569429650854303533694905713854849186055984415925532647266316927744,1775901614,2026-04-11T10:00:14+00:00,0.008
63415064977569429650854303533694905713854849186055984415925532647266316927744,1775905247,2026-04-11T11:00:47+00:00,0.008
63415064977569429650854303533694905713854849186055984415925532647266316927744,1775912452,2026-04-11T13:00:52+00:00,0.008
63415064977569429650854303533694905713854849186055984415925532647266316927744,1775916052,2026-04-11T14:00:52+00:00,0.008
63415064977569429650854303533694905713854849186055984415925532647266316927744,1775923251,2026-04-11T16:00:51+00:00,0.008
63415064977569429650854303533694905713854849186055984415925532647266316927744,1775926855,2026-04-11T17:00:55+00:00,0.008
63415064977569429650854303533694905713854849186055984415925532647266316927744,1775934053,2026-04-11T19:00:53+00:00,0.008
63415064977569429650854303533694905713854849186055984415925532647266316927744,1775937657,2026-04-11T20:00:57+00:00,0.008
63415064977569429650854303533694905713854849186055984415925532647266316927744,1775948454,2026-04-11T23:00:54+00:00,0.008
63415064977569429650854303533694905713854849186055984415925532647266316927744,1775955647,2026-04-12T01:00:47+00:00,0.008
63415064977569429650854303533694905713854849186055984415925532647266316927744,1775959249,2026-04-12T02:00:49+00:00,0.008
63415064977569429650854303533694905713854849186055984415925532647266316927744,1775962852,2026-04-12T03:00:52+00:00,0.008
63415064977569429650854303533694905713854849186055984415925532647266316927744,1775966449,2026-04-12T04:00:49+00:00,0.008
63415064977569429650854303533694905713854849186055984415925532647266316927744,1775970051,2026-04-12T05:00:51+00:00,0.008
63415064977569429650854303533694905713854849186055984415925532647266316927744,1775977247,2026-04-12T07:00:47+00:00,0.008
63415064977569429650854303533694905713854849186055984415925532647266316927744,1775980850,2026-04-12T08:00:50+00:00,0.008
63415064977569429650854303533694905713854849186055984415925532647266316927744,1775988051,2026-04-12T10:00:51+00:00,0.008
63415064977569429650854303533694905713854849186055984415925532647266316927744,1775991647,2026-04-12T11:00:47+00:00,0.008
63415064977569429650854303533694905713854849186055984415925532647266316927744,1775998853,2026-04-12T13:00:53+00:00,0.008
63415064977569429650854303533694905713854849186055984415925532647266316927744,1776002453,2026-04-12T14:00:53+00:00,0.008
63415064977569429650854303533694905713854849186055984415925532647266316927744,1776013255,2026-04-12T17:00:55+00:00,0.008
63415064977569429650854303533694905713854849186055984415925532647266316927744,1776016859,2026-04-12T18:00:59+00:00,0.008
63415064977569429650854303533694905713854849186055984415925532647266316927744,1776020453,2026-04-12T19:00:53+00:00,0.008
63415064977569429650854303533694905713854849186055984415925532647266316927744,1776024051,2026-04-12T20:00:51+00:00,0.008
63415064977569429650854303533694905713854849186055984415925532647266316927744,1776027659,2026-04-12T21:00:59+00:00,0.008
63415064977569429650854303533694905713854849186055984415925532647266316927744,1776031255,2026-04-12T22:00:55+00:00,0.008
63415064977569429650854303533694905713854849186055984415925532647266316927744,1776034853,2026-04-12T23:00:53+00:00,0.008
63415064977569429650854303533694905713854849186055984415925532647266316927744,1776042044,2026-04-13T01:00:44+00:00,0.008
63415064977569429650854303533694905713854849186055984415925532647266316927744,1776045654,2026-04-13T02:00:54+00:00,0.008
63415064977569429650854303533694905713854849186055984415925532647266316927744,1776049250,2026-04-13T03:00:50+00:00,0.008
63415064977569429650854303533694905713854849186055984415925532647266316927744,1776052842,2026-04-13T04:00:42+00:00,0.008
63415064977569429650854303533694905713854849186055984415925532647266316927744,1776056452,2026-04-13T05:00:52+00:00,0.008
63415064977569429650854303533694905713854849186055984415925532647266316927744,1776060059,2026-04-13T06:00:59+00:00,0.008
63415064977569429650854303533694905713854849186055984415925532647266316927744,1776063648,2026-04-13T07:00:48+00:00,0.008
63415064977569429650854303533694905713854849186055984415925532647266316927744,1776067248,2026-04-13T08:00:48+00:00,0.008
63415064977569429650854303533694905713854849186055984415925532647266316927744,1776070859,2026-04-13T09:00:59+00:00,0.008
63415064977569429650854303533694905713854849186055984415925532647266316927744,1776074450,2026-04-13T10:00:50+00:00,0.008
63415064977569429650854303533694905713854849186055984415925532647266316927744,1776078050,2026-04-13T11:00:50+00:00,0.008
63415064977569429650854303533694905713854849186055984415925532647266316927744,1776085251,2026-04-13T13:00:51+00:00,0.008
63415064977569429650854303533694905713854849186055984415925532647266316927744,1776088858,2026-04-13T14:00:58+00:00,0.008
63415064977569429650854303533694905713854849186055984415925532647266316927744,1776096058,2026-04-13T16:00:58+00:00,0.008
63415064977569429650854303533694905713854849186055984415925532647266316927744,1776106854,2026-04-13T19:00:54+00:00,0.0075
63415064977569429650854303533694905713854849186055984415925532647266316927744,1776110453,2026-04-13T20:00:53+00:00,0.0075
63415064977569429650854303533694905713854849186055984415925532647266316927744,1776128444,2026-04-14T01:00:44+00:00,0.0075
63415064977569429650854303533694905713854849186055984415925532647266316927744,1776132054,2026-04-14T02:00:54+00:00,0.0075
63415064977569429650854303533694905713854849186055984415925532647266316927744,1776139254,2026-04-14T04:00:54+00:00,0.0075
63415064977569429650854303533694905713854849186055984415925532647266316927744,1776142856,2026-04-14T05:00:56+00:00,0.0075
63415064977569429650854303533694905713854849186055984415925532647266316927744,1776150058,2026-04-14T07:00:58+00:00,0.0075
63415064977569429650854303533694905713854849186055984415925532647266316927744,1776153646,2026-04-14T08:00:46+00:00,0.0075
63415064977569429650854303533694905713854849186055984415925532647266316927744,1776160845,2026-04-14T10:00:45+00:00,0.0075
63415064977569429650854303533694905713854849186055984415925532647266316927744,1776164452,2026-04-14T11:00:52+00:00,0.0075
63415064977569429650854303533694905713854849186055984415925532647266316927744,1776171653,2026-04-14T13:00:53+00:00,0.0075
63415064977569429650854303533694905713854849186055984415925532647266316927744,1776175253,2026-04-14T14:00:53+00:00,0.0075
63415064977569429650854303533694905713854849186055984415925532647266316927744,1776182451,2026-04-14T16:00:51+00:00,0.0075
63415064977569429650854303533694905713854849186055984415925532647266316927744,1776186054,2026-04-14T17:00:54+00:00,0.0075
63415064977569429650854303533694905713854849186055984415925532647266316927744,1776196854,2026-04-14T20:00:54+00:00,0.0075
63415064977569429650854303533694905713854849186055984415925532647266316927744,1776204055,2026-04-14T22:00:55+00:00,0.0075
63415064977569429650854303533694905713854849186055984415925532647266316927744,1776214845,2026-04-15T01:00:45+00:00,0.0085
63415064977569429650854303533694905713854849186055984415925532647266316927744,1776218453,2026-04-15T02:00:53+00:00,0.0085
63415064977569429650854303533694905713854849186055984415925532647266316927744,1776222054,2026-04-15T03:00:54+00:00,0.0085
63415064977569429650854303533694905713854849186055984415925532647266316927744,1776225650,2026-04-15T04:00:50+00:00,0.0085
63415064977569429650854303533694905713854849186055984415925532647266316927744,1776236451,2026-04-15T07:00:51+00:00,0.0085
63415064977569429650854303533694905713854849186055984415925532647266316927744,1776240054,2026-04-15T08:00:54+00:00,0.0085
63415064977569429650854303533694905713854849186055984415925532647266316927744,1776243655,2026-04-15T09:00:55+00:00,0.0085
63415064977569429650854303533694905713854849186055984415925532647266316927744,1776250849,2026-04-15T11:00:49+00:00,0.0085
63415064977569429650854303533694905713854849186055984415925532647266316927744,1776261648,2026-04-15T14:00:48+00:00,0.008
63415064977569429650854303533694905713854849186055984415925532647266316927744,1776268853,2026-04-15T16:00:53+00:00,0.008
63415064977569429650854303533694905713854849186055984415925532647266316927744,1776272457,2026-04-15T17:00:57+00:00,0.008
63415064977569429650854303533694905713854849186055984415925532647266316927744,1776283253,2026-04-15T20:00:53+00:00,0.008
63415064977569429650854303533694905713854849186055984415925532647266316927744,1776286814,2026-04-15T21:00:14+00:00,0.008
63415064977569429650854303533694905713854849186055984415925532647266316927744,1776290447,2026-04-15T22:00:47+00:00,0.008
63415064977569429650854303533694905713854849186055984415925532647266316927744,1776294049,2026-04-15T23:00:49+00:00,0.008
63415064977569429650854303533694905713854849186055984415925532647266316927744,1776301246,2026-04-16T01:00:46+00:00,0.008
63415064977569429650854303533694905713854849186055984415925532647266316927744,1776304852,2026-04-16T02:00:52+00:00,0.008
63415064977569429650854303533694905713854849186055984415925532647266316927744,1776312050,2026-04-16T04:00:50+00:00,0.008
63415064977569429650854303533694905713854849186055984415925532647266316927744,1776315649,2026-04-16T05:00:49+00:00,0.008
63415064977569429650854303533694905713854849186055984415925532647266316927744,1776322850,2026-04-16T07:00:50+00:00,0.008
63415064977569429650854303533694905713854849186055984415925532647266316927744,1776326451,2026-04-16T08:00:51+00:00,0.008
63415064977569429650854303533694905713854849186055984415925532647266316927744,1776333654,2026-04-16T10:00:54+00:00,0.008
63415064977569429650854303533694905713854849186055984415925532647266316927744,1776337244,2026-04-16T11:00:44+00:00,0.008
63415064977569429650854303533694905713854849186055984415925532647266316927744,1776344453,2026-04-16T13:00:53+00:00,0.008
63415064977569429650854303533694905713854849186055984415925532647266316927744,1776348051,2026-04-16T14:00:51+00:00,0.008
63415064977569429650854303533694905713854849186055984415925532647266316927744,1776362447,2026-04-16T18:00:47+00:00,0.008
63415064977569429650854303533694905713854849186055984415925532647266316927744,1776387654,2026-04-17T01:00:54+00:00,0.008
63415064977569429650854303533694905713854849186055984415925532647266316927744,1776391257,2026-04-17T02:00:57+00:00,0.008
63415064977569429650854303533694905713854849186055984415925532647266316927744,1776398449,2026-04-17T04:00:49+00:00,0.008
63415064977569429650854303533694905713854849186055984415925532647266316927744,1776402051,2026-04-17T05:00:51+00:00,0.008
63415064977569429650854303533694905713854849186055984415925532647266316927744,1776409254,2026-04-17T07:00:54+00:00,0.008
63415064977569429650854303533694905713854849186055984415925532647266316927744,1776412800,2026-04-17T08:00:00+00:00,0.008
63415064977569429650854303533694905713854849186055984415925532647266316927744,1776420058,2026-04-17T10:00:58+00:00,0.008
63415064977569429650854303533694905713854849186055984415925532647266316927744,1776423653,2026-04-17T11:00:53+00:00,0.008
63415064977569429650854303533694905713854849186055984415925532647266316927744,1776438030,2026-04-17T15:00:30+00:00,0.008
63415064977569429650854303533694905713854849186055984415925532647266316927744,1776445215,2026-04-17T17:00:15+00:00,0.008
63415064977569429650854303533694905713854849186055984415925532647266316927744,1776448836,2026-04-17T18:00:36+00:00,0.008
63415064977569429650854303533694905713854849186055984415925532647266316927744,1776452405,2026-04-17T19:00:05+00:00,0.008
63415064977569429650854303533694905713854849186055984415925532647266316927744,1776456012,2026-04-17T20:00:12+00:00,0.008
63415064977569429650854303533694905713854849186055984415925532647266316927744,1776470414,2026-04-18T00:00:14+00:00,0.008
63415064977569429650854303533694905713854849186055984415925532647266316927744,1776495653,2026-04-18T07:00:53+00:00,0.008
63415064977569429650854303533694905713854849186055984415925532647266316927744,1776499256,2026-04-18T08:00:56+00:00,0.012
63415064977569429650854303533694905713854849186055984415925532647266316927744,1776506457,2026-04-18T10:00:57+00:00,0.0145
63415064977569429650854303533694905713854849186055984415925532647266316927744,1776510011,2026-04-18T11:00:11+00:00,0.0145
63415064977569429650854303533694905713854849186055984415925532647266316927744,1776524430,2026-04-18T15:00:30+00:00,0.0035
63415064977569429650854303533694905713854849186055984415925532647266316927744,1776531659,2026-04-18T17:00:59+00:00,0.008
63415064977569429650854303533694905713854849186055984415925532647266316927744,1776535205,2026-04-18T18:00:05+00:00,0.0035
63415064977569429650854303533694905713854849186055984415925532647266316927744,1776560457,2026-04-19T01:00:57+00:00,0.0035
63415064977569429650854303533694905713854849186055984415925532647266316927744,1776574854,2026-04-19T05:00:54+00:00,0.0035
63415064977569429650854303533694905713854849186055984415925532647266316927744,1776582048,2026-04-19T07:00:48+00:00,0.0035
63415064977569429650854303533694905713854849186055984415925532647266316927744,1776614420,2026-04-19T16:00:20+00:00,0.0035
63415064977569429650854303533694905713854849186055984415925532647266316927744,1776659803,2026-04-20T04:36:43+00:00,0.0015
11966409881281293602137861492007400834690026843003461391578987664208256196909,1773982838,2026-03-20T05:00:38+00:00,0.16
11966409881281293602137861492007400834690026843003461391578987664208256196909,1773986449,2026-03-20T06:00:49+00:00,0.165
11966409881281293602137861492007400834690026843003461391578987664208256196909,1773990037,2026-03-20T07:00:37+00:00,0.16
11966409881281293602137861492007400834690026843003461391578987664208256196909,1773993636,2026-03-20T08:00:36+00:00,0.165
11966409881281293602137861492007400834690026843003461391578987664208256196909,1773997241,2026-03-20T09:00:41+00:00,0.165
11966409881281293602137861492007400834690026843003461391578987664208256196909,1774004433,2026-03-20T11:00:33+00:00,0.165
11966409881281293602137861492007400834690026843003461391578987664208256196909,1774008040,2026-03-20T12:00:40+00:00,0.165
11966409881281293602137861492007400834690026843003461391578987664208256196909,1774011633,2026-03-20T13:00:33+00:00,0.17
11966409881281293602137861492007400834690026843003461391578987664208256196909,1774015239,2026-03-20T14:00:39+00:00,0.17
11966409881281293602137861492007400834690026843003461391578987664208256196909,1774018842,2026-03-20T15:00:42+00:00,0.17
11966409881281293602137861492007400834690026843003461391578987664208256196909,1774022434,2026-03-20T16:00:34+00:00,0.17
11966409881281293602137861492007400834690026843003461391578987664208256196909,1774026035,2026-03-20T17:00:35+00:00,0.17
11966409881281293602137861492007400834690026843003461391578987664208256196909,1774029645,2026-03-20T18:00:45+00:00,0.175
11966409881281293602137861492007400834690026843003461391578987664208256196909,1774033236,2026-03-20T19:00:36+00:00,0.175
11966409881281293602137861492007400834690026843003461391578987664208256196909,1774036837,2026-03-20T20:00:37+00:00,0.175
11966409881281293602137861492007400834690026843003461391578987664208256196909,1774040450,2026-03-20T21:00:50+00:00,0.175
11966409881281293602137861492007400834690026843003461391578987664208256196909,1774044043,2026-03-20T22:00:43+00:00,0.175
11966409881281293602137861492007400834690026843003461391578987664208256196909,1774047640,2026-03-20T23:00:40+00:00,0.175
11966409881281293602137861492007400834690026843003461391578987664208256196909,1774051244,2026-03-21T00:00:44+00:00,0.175
11966409881281293602137861492007400834690026843003461391578987664208256196909,1774054841,2026-03-21T01:00:41+00:00,0.175
11966409881281293602137861492007400834690026843003461391578987664208256196909,1774058450,2026-03-21T02:00:50+00:00,0.175
11966409881281293602137861492007400834690026843003461391578987664208256196909,1774062035,2026-03-21T03:00:35+00:00,0.175
11966409881281293602137861492007400834690026843003461391578987664208256196909,1774065636,2026-03-21T04:00:36+00:00,0.175
11966409881281293602137861492007400834690026843003461391578987664208256196909,1774069235,2026-03-21T05:00:35+00:00,0.175
11966409881281293602137861492007400834690026843003461391578987664208256196909,1774072840,2026-03-21T06:00:40+00:00,0.175
11966409881281293602137861492007400834690026843003461391578987664208256196909,1774076436,2026-03-21T07:00:36+00:00,0.175
11966409881281293602137861492007400834690026843003461391578987664208256196909,1774080034,2026-03-21T08:00:34+00:00,0.175
11966409881281293602137861492007400834690026843003461391578987664208256196909,1774083634,2026-03-21T09:00:34+00:00,0.175
11966409881281293602137861492007400834690026843003461391578987664208256196909,1774087231,2026-03-21T10:00:31+00:00,0.175
11966409881281293602137861492007400834690026843003461391578987664208256196909,1774090839,2026-03-21T11:00:39+00:00,0.175
11966409881281293602137861492007400834690026843003461391578987664208256196909,1774094437,2026-03-21T12:00:37+00:00,0.175
11966409881281293602137861492007400834690026843003461391578987664208256196909,1774098039,2026-03-21T13:00:39+00:00,0.175
11966409881281293602137861492007400834690026843003461391578987664208256196909,1774101642,2026-03-21T14:00:42+00:00,0.175
11966409881281293602137861492007400834690026843003461391578987664208256196909,1774105246,2026-03-21T15:00:46+00:00,0.175
11966409881281293602137861492007400834690026843003461391578987664208256196909,1774108853,2026-03-21T16:00:53+00:00,0.175
11966409881281293602137861492007400834690026843003461391578987664208256196909,1774112453,2026-03-21T17:00:53+00:00,0.175
11966409881281293602137861492007400834690026843003461391578987664208256196909,1774116041,2026-03-21T18:00:41+00:00,0.175
11966409881281293602137861492007400834690026843003461391578987664208256196909,1774119637,2026-03-21T19:00:37+00:00,0.175
11966409881281293602137861492007400834690026843003461391578987664208256196909,1774123235,2026-03-21T20:00:35+00:00,0.175
11966409881281293602137861492007400834690026843003461391578987664208256196909,1774126838,2026-03-21T21:00:38+00:00,0.175
11966409881281293602137861492007400834690026843003461391578987664208256196909,1774130438,2026-03-21T22:00:38+00:00,0.175
11966409881281293602137861492007400834690026843003461391578987664208256196909,1774134034,2026-03-21T23:00:34+00:00,0.175
11966409881281293602137861492007400834690026843003461391578987664208256196909,1774137641,2026-03-22T00:00:41+00:00,0.175
11966409881281293602137861492007400834690026843003461391578987664208256196909,1774141234,2026-03-22T01:00:34+00:00,0.175
11966409881281293602137861492007400834690026843003461391578987664208256196909,1774144829,2026-03-22T02:00:29+00:00,0.175
11966409881281293602137861492007400834690026843003461391578987664208256196909,1774148431,2026-03-22T03:00:31+00:00,0.175
11966409881281293602137861492007400834690026843003461391578987664208256196909,1774152029,2026-03-22T04:00:29+00:00,0.175
11966409881281293602137861492007400834690026843003461391578987664208256196909,1774155634,2026-03-22T05:00:34+00:00,0.175
11966409881281293602137861492007400834690026843003461391578987664208256196909,1774159233,2026-03-22T06:00:33+00:00,0.175
11966409881281293602137861492007400834690026843003461391578987664208256196909,1774162828,2026-03-22T07:00:28+00:00,0.175
11966409881281293602137861492007400834690026843003461391578987664208256196909,1774166430,2026-03-22T08:00:30+00:00,0.175
11966409881281293602137861492007400834690026843003461391578987664208256196909,1774170031,2026-03-22T09:00:31+00:00,0.175
11966409881281293602137861492007400834690026843003461391578987664208256196909,1774173629,2026-03-22T10:00:29+00:00,0.175
11966409881281293602137861492007400834690026843003461391578987664208256196909,1774177227,2026-03-22T11:00:27+00:00,0.165
11966409881281293602137861492007400834690026843003461391578987664208256196909,1774180848,2026-03-22T12:00:48+00:00,0.16
11966409881281293602137861492007400834690026843003461391578987664208256196909,1774184441,2026-03-22T13:00:41+00:00,0.16
11966409881281293602137861492007400834690026843003461391578987664208256196909,1774188029,2026-03-22T14:00:29+00:00,0.16
11966409881281293602137861492007400834690026843003461391578987664208256196909,1774191630,2026-03-22T15:00:30+00:00,0.16
11966409881281293602137861492007400834690026843003461391578987664208256196909,1774195232,2026-03-22T16:00:32+00:00,0.16
11966409881281293602137861492007400834690026843003461391578987664208256196909,1774202434,2026-03-22T18:00:34+00:00,0.165
11966409881281293602137861492007400834690026843003461391578987664208256196909,1774206031,2026-03-22T19:00:31+00:00,0.17
11966409881281293602137861492007400834690026843003461391578987664208256196909,1774209630,2026-03-22T20:00:30+00:00,0.17
11966409881281293602137861492007400834690026843003461391578987664208256196909,1774213233,2026-03-22T21:00:33+00:00,0.17
11966409881281293602137861492007400834690026843003461391578987664208256196909,1774216831,2026-03-22T22:00:31+00:00,0.17
11966409881281293602137861492007400834690026843003461391578987664208256196909,1774220433,2026-03-22T23:00:33+00:00,0.17
11966409881281293602137861492007400834690026843003461391578987664208256196909,1774224035,2026-03-23T00:00:35+00:00,0.17
11966409881281293602137861492007400834690026843003461391578987664208256196909,1774227630,2026-03-23T01:00:30+00:00,0.17
11966409881281293602137861492007400834690026843003461391578987664208256196909,1774231231,2026-03-23T02:00:31+00:00,0.17
11966409881281293602137861492007400834690026843003461391578987664208256196909,1774234836,2026-03-23T03:00:36+00:00,0.17
11966409881281293602137861492007400834690026843003461391578987664208256196909,1774238427,2026-03-23T04:00:27+00:00,0.17
11966409881281293602137861492007400834690026843003461391578987664208256196909,1774242035,2026-03-23T05:00:35+00:00,0.175
11966409881281293602137861492007400834690026843003461391578987664208256196909,1774245636,2026-03-23T06:00:36+00:00,0.175
11966409881281293602137861492007400834690026843003461391578987664208256196909,1774249232,2026-03-23T07:00:32+00:00,0.175
11966409881281293602137861492007400834690026843003461391578987664208256196909,1774252836,2026-03-23T08:00:36+00:00,0.175
11966409881281293602137861492007400834690026843003461391578987664208256196909,1774256445,2026-03-23T09:00:45+00:00,0.175
11966409881281293602137861492007400834690026843003461391578987664208256196909,1774260030,2026-03-23T10:00:30+00:00,0.175
11966409881281293602137861492007400834690026843003461391578987664208256196909,1774263627,2026-03-23T11:00:27+00:00,0.18
11966409881281293602137861492007400834690026843003461391578987664208256196909,1774267233,2026-03-23T12:00:33+00:00,0.18
11966409881281293602137861492007400834690026843003461391578987664208256196909,1774270835,2026-03-23T13:00:35+00:00,0.18
11966409881281293602137861492007400834690026843003461391578987664208256196909,1774274430,2026-03-23T14:00:30+00:00,0.18
11966409881281293602137861492007400834690026843003461391578987664208256196909,1774278028,2026-03-23T15:00:28+00:00,0.175
11966409881281293602137861492007400834690026843003461391578987664208256196909,1774281629,2026-03-23T16:00:29+00:00,0.175
11966409881281293602137861492007400834690026843003461391578987664208256196909,1774285244,2026-03-23T17:00:44+00:00,0.18
11966409881281293602137861492007400834690026843003461391578987664208256196909,1774288830,2026-03-23T18:00:30+00:00,0.18
11966409881281293602137861492007400834690026843003461391578987664208256196909,1774292446,2026-03-23T19:00:46+00:00,0.185
11966409881281293602137861492007400834690026843003461391578987664208256196909,1774296030,2026-03-23T20:00:30+00:00,0.205
11966409881281293602137861492007400834690026843003461391578987664208256196909,1774299634,2026-03-23T21:00:34+00:00,0.205
11966409881281293602137861492007400834690026843003461391578987664208256196909,1774303230,2026-03-23T22:00:30+00:00,0.205
11966409881281293602137861492007400834690026843003461391578987664208256196909,1774306830,2026-03-23T23:00:30+00:00,0.205
11966409881281293602137861492007400834690026843003461391578987664208256196909,1774310431,2026-03-24T00:00:31+00:00,0.205
11966409881281293602137861492007400834690026843003461391578987664208256196909,1774314026,2026-03-24T01:00:26+00:00,0.205
11966409881281293602137861492007400834690026843003461391578987664208256196909,1774317629,2026-03-24T02:00:29+00:00,0.205
11966409881281293602137861492007400834690026843003461391578987664208256196909,1774321229,2026-03-24T03:00:29+00:00,0.205
11966409881281293602137861492007400834690026843003461391578987664208256196909,1774324831,2026-03-24T04:00:31+00:00,0.205
11966409881281293602137861492007400834690026843003461391578987664208256196909,1774328431,2026-03-24T05:00:31+00:00,0.205
11966409881281293602137861492007400834690026843003461391578987664208256196909,1774332035,2026-03-24T06:00:35+00:00,0.205
11966409881281293602137861492007400834690026843003461391578987664208256196909,1774335627,2026-03-24T07:00:27+00:00,0.205
11966409881281293602137861492007400834690026843003461391578987664208256196909,1774339227,2026-03-24T08:00:27+00:00,0.215
11966409881281293602137861492007400834690026843003461391578987664208256196909,1774342831,2026-03-24T09:00:31+00:00,0.215
11966409881281293602137861492007400834690026843003461391578987664208256196909,1774346427,2026-03-24T10:00:27+00:00,0.215
11966409881281293602137861492007400834690026843003461391578987664208256196909,1774350051,2026-03-24T11:00:51+00:00,0.215
11966409881281293602137861492007400834690026843003461391578987664208256196909,1774353637,2026-03-24T12:00:37+00:00,0.215
11966409881281293602137861492007400834690026843003461391578987664208256196909,1774357245,2026-03-24T13:00:45+00:00,0.215
11966409881281293602137861492007400834690026843003461391578987664208256196909,1774360834,2026-03-24T14:00:34+00:00,0.215
11966409881281293602137861492007400834690026843003461391578987664208256196909,1774364439,2026-03-24T15:00:39+00:00,0.215
11966409881281293602137861492007400834690026843003461391578987664208256196909,1774368033,2026-03-24T16:00:33+00:00,0.21
11966409881281293602137861492007400834690026843003461391578987664208256196909,1774371634,2026-03-24T17:00:34+00:00,0.21
11966409881281293602137861492007400834690026843003461391578987664208256196909,1774375243,2026-03-24T18:00:43+00:00,0.215
11966409881281293602137861492007400834690026843003461391578987664208256196909,1774378834,2026-03-24T19:00:34+00:00,0.215
11966409881281293602137861492007400834690026843003461391578987664208256196909,1774382437,2026-03-24T20:00:37+00:00,0.215
11966409881281293602137861492007400834690026843003461391578987664208256196909,1774386051,2026-03-24T21:00:51+00:00,0.325
11966409881281293602137861492007400834690026843003461391578987664208256196909,1774389632,2026-03-24T22:00:32+00:00,0.23
11966409881281293602137861492007400834690026843003461391578987664208256196909,1774393235,2026-03-24T23:00:35+00:00,0.235
11966409881281293602137861492007400834690026843003461391578987664208256196909,1774396844,2026-03-25T00:00:44+00:00,0.23
11966409881281293602137861492007400834690026843003461391578987664208256196909,1774400434,2026-03-25T01:00:34+00:00,0.225
11966409881281293602137861492007400834690026843003461391578987664208256196909,1774404035,2026-03-25T02:00:35+00:00,0.22
11966409881281293602137861492007400834690026843003461391578987664208256196909,1774407637,2026-03-25T03:00:37+00:00,0.22
11966409881281293602137861492007400834690026843003461391578987664208256196909,1774411237,2026-03-25T04:00:37+00:00,0.22
11966409881281293602137861492007400834690026843003461391578987664208256196909,1774414837,2026-03-25T05:00:37+00:00,0.22
11966409881281293602137861492007400834690026843003461391578987664208256196909,1774418442,2026-03-25T06:00:42+00:00,0.22
11966409881281293602137861492007400834690026843003461391578987664208256196909,1774422034,2026-03-25T07:00:34+00:00,0.22
11966409881281293602137861492007400834690026843003461391578987664208256196909,1774425633,2026-03-25T08:00:33+00:00,0.22
11966409881281293602137861492007400834690026843003461391578987664208256196909,1774429241,2026-03-25T09:00:41+00:00,0.22
11966409881281293602137861492007400834690026843003461391578987664208256196909,1774432838,2026-03-25T10:00:38+00:00,0.22
11966409881281293602137861492007400834690026843003461391578987664208256196909,1774436440,2026-03-25T11:00:40+00:00,0.22
11966409881281293602137861492007400834690026843003461391578987664208256196909,1774440047,2026-03-25T12:00:47+00:00,0.215
11966409881281293602137861492007400834690026843003461391578987664208256196909,1774443638,2026-03-25T13:00:38+00:00,0.215
11966409881281293602137861492007400834690026843003461391578987664208256196909,1774447248,2026-03-25T14:00:48+00:00,0.215
11966409881281293602137861492007400834690026843003461391578987664208256196909,1774450844,2026-03-25T15:00:44+00:00,0.215
11966409881281293602137861492007400834690026843003461391578987664208256196909,1774454438,2026-03-25T16:00:38+00:00,0.215
11966409881281293602137861492007400834690026843003461391578987664208256196909,1774458035,2026-03-25T17:00:35+00:00,0.215
11966409881281293602137861492007400834690026843003461391578987664208256196909,1774461645,2026-03-25T18:00:45+00:00,0.215
11966409881281293602137861492007400834690026843003461391578987664208256196909,1774465238,2026-03-25T19:00:38+00:00,0.215
11966409881281293602137861492007400834690026843003461391578987664208256196909,1774468838,2026-03-25T20:00:38+00:00,0.215
11966409881281293602137861492007400834690026843003461391578987664208256196909,1774472440,2026-03-25T21:00:40+00:00,0.215
11966409881281293602137861492007400834690026843003461391578987664208256196909,1774476035,2026-03-25T22:00:35+00:00,0.215
11966409881281293602137861492007400834690026843003461391578987664208256196909,1774479636,2026-03-25T23:00:36+00:00,0.215
11966409881281293602137861492007400834690026843003461391578987664208256196909,1774483248,2026-03-26T00:00:48+00:00,0.215
11966409881281293602137861492007400834690026843003461391578987664208256196909,1774486839,2026-03-26T01:00:39+00:00,0.215
11966409881281293602137861492007400834690026843003461391578987664208256196909,1774490437,2026-03-26T02:00:37+00:00,0.215
11966409881281293602137861492007400834690026843003461391578987664208256196909,1774494044,2026-03-26T03:00:44+00:00,0.215
11966409881281293602137861492007400834690026843003461391578987664208256196909,1774497639,2026-03-26T04:00:39+00:00,0.215
11966409881281293602137861492007400834690026843003461391578987664208256196909,1774501235,2026-03-26T05:00:35+00:00,0.215
11966409881281293602137861492007400834690026843003461391578987664208256196909,1774504847,2026-03-26T06:00:47+00:00,0.215
11966409881281293602137861492007400834690026843003461391578987664208256196909,1774508449,2026-03-26T07:00:49+00:00,0.215
11966409881281293602137861492007400834690026843003461391578987664208256196909,1774512041,2026-03-26T08:00:41+00:00,0.215
11966409881281293602137861492007400834690026843003461391578987664208256196909,1774515639,2026-03-26T09:00:39+00:00,0.215
11966409881281293602137861492007400834690026843003461391578987664208256196909,1774519242,2026-03-26T10:00:42+00:00,0.215
11966409881281293602137861492007400834690026843003461391578987664208256196909,1774522833,2026-03-26T11:00:33+00:00,0.215
11966409881281293602137861492007400834690026843003461391578987664208256196909,1774526459,2026-03-26T12:00:59+00:00,0.215
11966409881281293602137861492007400834690026843003461391578987664208256196909,1774530050,2026-03-26T13:00:50+00:00,0.215
11966409881281293602137861492007400834690026843003461391578987664208256196909,1774533639,2026-03-26T14:00:39+00:00,0.215
11966409881281293602137861492007400834690026843003461391578987664208256196909,1774537244,2026-03-26T15:00:44+00:00,0.215
11966409881281293602137861492007400834690026843003461391578987664208256196909,1774540843,2026-03-26T16:00:43+00:00,0.215
11966409881281293602137861492007400834690026843003461391578987664208256196909,1774548044,2026-03-26T18:00:44+00:00,0.215
11966409881281293602137861492007400834690026843003461391578987664208256196909,1774551647,2026-03-26T19:00:47+00:00,0.215
11966409881281293602137861492007400834690026843003461391578987664208256196909,1774555240,2026-03-26T20:00:40+00:00,0.22
11966409881281293602137861492007400834690026843003461391578987664208256196909,1774558847,2026-03-26T21:00:47+00:00,0.245
11966409881281293602137861492007400834690026843003461391578987664208256196909,1774562440,2026-03-26T22:00:40+00:00,0.245
11966409881281293602137861492007400834690026843003461391578987664208256196909,1774566037,2026-03-26T23:00:37+00:00,0.245
11966409881281293602137861492007400834690026843003461391578987664208256196909,1774569654,2026-03-27T00:00:54+00:00,0.245
11966409881281293602137861492007400834690026843003461391578987664208256196909,1774573247,2026-03-27T01:00:47+00:00,0.245
11966409881281293602137861492007400834690026843003461391578987664208256196909,1774576847,2026-03-27T02:00:47+00:00,0.275
11966409881281293602137861492007400834690026843003461391578987664208256196909,1774580451,2026-03-27T03:00:51+00:00,0.27
11966409881281293602137861492007400834690026843003461391578987664208256196909,1774584042,2026-03-27T04:00:42+00:00,0.28
11966409881281293602137861492007400834690026843003461391578987664208256196909,1774587644,2026-03-27T05:00:44+00:00,0.275
11966409881281293602137861492007400834690026843003461391578987664208256196909,1774591250,2026-03-27T06:00:50+00:00,0.285
11966409881281293602137861492007400834690026843003461391578987664208256196909,1774594841,2026-03-27T07:00:41+00:00,0.305
11966409881281293602137861492007400834690026843003461391578987664208256196909,1774598437,2026-03-27T08:00:37+00:00,0.33
11966409881281293602137861492007400834690026843003461391578987664208256196909,1774602046,2026-03-27T09:00:46+00:00,0.335
11966409881281293602137861492007400834690026843003461391578987664208256196909,1774605638,2026-03-27T10:00:38+00:00,0.38
11966409881281293602137861492007400834690026843003461391578987664208256196909,1774609242,2026-03-27T11:00:42+00:00,0.385
11966409881281293602137861492007400834690026843003461391578987664208256196909,1774612852,2026-03-27T12:00:52+00:00,0.385
11966409881281293602137861492007400834690026843003461391578987664208256196909,1774616450,2026-03-27T13:00:50+00:00,0.41
11966409881281293602137861492007400834690026843003461391578987664208256196909,1774620044,2026-03-27T14:00:44+00:00,0.415
11966409881281293602137861492007400834690026843003461391578987664208256196909,1774623649,2026-03-27T15:00:49+00:00,0.425
11966409881281293602137861492007400834690026843003461391578987664208256196909,1774627243,2026-03-27T16:00:43+00:00,0.42
11966409881281293602137861492007400834690026843003461391578987664208256196909,1774634457,2026-03-27T18:00:57+00:00,0.3
11966409881281293602137861492007400834690026843003461391578987664208256196909,1774638044,2026-03-27T19:00:44+00:00,0.27
11966409881281293602137861492007400834690026843003461391578987664208256196909,1774641655,2026-03-27T20:00:55+00:00,0.305
11966409881281293602137861492007400834690026843003461391578987664208256196909,1774645255,2026-03-27T21:00:55+00:00,0.29
11966409881281293602137861492007400834690026843003461391578987664208256196909,1774648844,2026-03-27T22:00:44+00:00,0.29
11966409881281293602137861492007400834690026843003461391578987664208256196909,1774652457,2026-03-27T23:00:57+00:00,0.265
11966409881281293602137861492007400834690026843003461391578987664208256196909,1774656058,2026-03-28T00:00:58+00:00,0.26
11966409881281293602137861492007400834690026843003461391578987664208256196909,1774659645,2026-03-28T01:00:45+00:00,0.26
11966409881281293602137861492007400834690026843003461391578987664208256196909,1774663244,2026-03-28T02:00:44+00:00,0.25
11966409881281293602137861492007400834690026843003461391578987664208256196909,1774666851,2026-03-28T03:00:51+00:00,0.25
11966409881281293602137861492007400834690026843003461391578987664208256196909,1774670444,2026-03-28T04:00:44+00:00,0.25
11966409881281293602137861492007400834690026843003461391578987664208256196909,1774674041,2026-03-28T05:00:41+00:00,0.255
11966409881281293602137861492007400834690026843003461391578987664208256196909,1774677657,2026-03-28T06:00:57+00:00,0.275
11966409881281293602137861492007400834690026843003461391578987664208256196909,1774681243,2026-03-28T07:00:43+00:00,0.285
11966409881281293602137861492007400834690026843003461391578987664208256196909,1774684846,2026-03-28T08:00:46+00:00,0.29
11966409881281293602137861492007400834690026843003461391578987664208256196909,1774688456,2026-03-28T09:00:56+00:00,0.29
11966409881281293602137861492007400834690026843003461391578987664208256196909,1774692054,2026-03-28T10:00:54+00:00,0.29
11966409881281293602137861492007400834690026843003461391578987664208256196909,1774695655,2026-03-28T11:00:55+00:00,0.28
11966409881281293602137861492007400834690026843003461391578987664208256196909,1774699258,2026-03-28T12:00:58+00:00,0.295
11966409881281293602137861492007400834690026843003461391578987664208256196909,1774706459,2026-03-28T14:00:59+00:00,0.295
11966409881281293602137861492007400834690026843003461391578987664208256196909,1774713648,2026-03-28T16:00:48+00:00,0.305
11966409881281293602137861492007400834690026843003461391578987664208256196909,1774724448,2026-03-28T19:00:48+00:00,0.29
11966409881281293602137861492007400834690026843003461391578987664208256196909,1774728048,2026-03-28T20:00:48+00:00,0.29
11966409881281293602137861492007400834690026843003461391578987664208256196909,1774731657,2026-03-28T21:00:57+00:00,0.29
11966409881281293602137861492007400834690026843003461391578987664208256196909,1774735254,2026-03-28T22:00:54+00:00,0.29
11966409881281293602137861492007400834690026843003461391578987664208256196909,1774738853,2026-03-28T23:00:53+00:00,0.29
11966409881281293602137861492007400834690026843003461391578987664208256196909,1774746057,2026-03-29T01:00:57+00:00,0.285
11966409881281293602137861492007400834690026843003461391578987664208256196909,1774749659,2026-03-29T02:00:59+00:00,0.285
11966409881281293602137861492007400834690026843003461391578987664208256196909,1774756852,2026-03-29T04:00:52+00:00,0.285
11966409881281293602137861492007400834690026843003461391578987664208256196909,1774760459,2026-03-29T05:00:59+00:00,0.275
11966409881281293602137861492007400834690026843003461391578987664208256196909,1774767658,2026-03-29T07:00:58+00:00,0.275
11966409881281293602137861492007400834690026843003461391578987664208256196909,1774771253,2026-03-29T08:00:53+00:00,0.28
11966409881281293602137861492007400834690026843003461391578987664208256196909,1774782059,2026-03-29T11:00:59+00:00,0.26
11966409881281293602137861492007400834690026843003461391578987664208256196909,1774792858,2026-03-29T14:00:58+00:00,0.28
11966409881281293602137861492007400834690026843003461391578987664208256196909,1774800053,2026-03-29T16:00:53+00:00,0.265
11966409881281293602137861492007400834690026843003461391578987664208256196909,1774810854,2026-03-29T19:00:54+00:00,0.25
11966409881281293602137861492007400834690026843003461391578987664208256196909,1774814456,2026-03-29T20:00:56+00:00,0.25
11966409881281293602137861492007400834690026843003461391578987664208256196909,1774832459,2026-03-30T01:00:59+00:00,0.26
11966409881281293602137861492007400834690026843003461391578987664208256196909,1774864854,2026-03-30T10:00:54+00:00,0.25
11966409881281293602137861492007400834690026843003461391578987664208256196909,1774908057,2026-03-30T22:00:57+00:00,0.25
11966409881281293602137861492007400834690026843003461391578987664208256196909,1774933257,2026-03-31T05:00:57+00:00,0.25
11966409881281293602137861492007400834690026843003461391578987664208256196909,1774976435,2026-03-31T17:00:35+00:00,0.245
11966409881281293602137861492007400834690026843003461391578987664208256196909,1774987202,2026-03-31T20:00:02+00:00,0.245
11966409881281293602137861492007400834690026843003461391578987664208256196909,1775005251,2026-04-01T01:00:51+00:00,0.245
11966409881281293602137861492007400834690026843003461391578987664208256196909,1775008854,2026-04-01T02:00:54+00:00,0.245
11966409881281293602137861492007400834690026843003461391578987664208256196909,1775019651,2026-04-01T05:00:51+00:00,0.245
11966409881281293602137861492007400834690026843003461391578987664208256196909,1775023255,2026-04-01T06:00:55+00:00,0.245
11966409881281293602137861492007400834690026843003461391578987664208256196909,1775030458,2026-04-01T08:00:58+00:00,0.245
11966409881281293602137861492007400834690026843003461391578987664208256196909,1775034059,2026-04-01T09:00:59+00:00,0.245
11966409881281293602137861492007400834690026843003461391578987664208256196909,1775037651,2026-04-01T10:00:51+00:00,0.245
11966409881281293602137861492007400834690026843003461391578987664208256196909,1775041250,2026-04-01T11:00:50+00:00,0.245
11966409881281293602137861492007400834690026843003461391578987664208256196909,1775048451,2026-04-01T13:00:51+00:00,0.24
11966409881281293602137861492007400834690026843003461391578987664208256196909,1775052056,2026-04-01T14:00:56+00:00,0.23
11966409881281293602137861492007400834690026843003461391578987664208256196909,1775077225,2026-04-01T21:00:25+00:00,0.305
11966409881281293602137861492007400834690026843003461391578987664208256196909,1775080854,2026-04-01T22:00:54+00:00,0.295
11966409881281293602137861492007400834690026843003461391578987664208256196909,1775095256,2026-04-02T02:00:56+00:00,0.385
11966409881281293602137861492007400834690026843003461391578987664208256196909,1775102456,2026-04-02T04:00:56+00:00,0.24
11966409881281293602137861492007400834690026843003461391578987664208256196909,1775106055,2026-04-02T05:00:55+00:00,0.23
11966409881281293602137861492007400834690026843003461391578987664208256196909,1775113252,2026-04-02T07:00:52+00:00,0.245
11966409881281293602137861492007400834690026843003461391578987664208256196909,1775116853,2026-04-02T08:00:53+00:00,0.235
11966409881281293602137861492007400834690026843003461391578987664208256196909,1775120456,2026-04-02T09:00:56+00:00,0.235
11966409881281293602137861492007400834690026843003461391578987664208256196909,1775124052,2026-04-02T10:00:52+00:00,0.235
11966409881281293602137861492007400834690026843003461391578987664208256196909,1775127658,2026-04-02T11:00:58+00:00,0.235
11966409881281293602137861492007400834690026843003461391578987664208256196909,1775142010,2026-04-02T15:00:10+00:00,0.23
11966409881281293602137861492007400834690026843003461391578987664208256196909,1775145612,2026-04-02T16:00:12+00:00,0.22
11966409881281293602137861492007400834690026843003461391578987664208256196909,1775149224,2026-04-02T17:00:24+00:00,0.24
11966409881281293602137861492007400834690026843003461391578987664208256196909,1775152859,2026-04-02T18:00:59+00:00,0.235
11966409881281293602137861492007400834690026843003461391578987664208256196909,1775156453,2026-04-02T19:00:53+00:00,0.235
11966409881281293602137861492007400834690026843003461391578987664208256196909,1775160055,2026-04-02T20:00:55+00:00,0.225
11966409881281293602137861492007400834690026843003461391578987664208256196909,1775167258,2026-04-02T22:00:58+00:00,0.225
11966409881281293602137861492007400834690026843003461391578987664208256196909,1775170854,2026-04-02T23:00:54+00:00,0.225
11966409881281293602137861492007400834690026843003461391578987664208256196909,1775178054,2026-04-03T01:00:54+00:00,0.225
11966409881281293602137861492007400834690026843003461391578987664208256196909,1775181658,2026-04-03T02:00:58+00:00,0.225
11966409881281293602137861492007400834690026843003461391578987664208256196909,1775188854,2026-04-03T04:00:54+00:00,0.22
11966409881281293602137861492007400834690026843003461391578987664208256196909,1775192407,2026-04-03T05:00:07+00:00,0.22
11966409881281293602137861492007400834690026843003461391578987664208256196909,1775199656,2026-04-03T07:00:56+00:00,0.225
11966409881281293602137861492007400834690026843003461391578987664208256196909,1775203256,2026-04-03T08:00:56+00:00,0.225
11966409881281293602137861492007400834690026843003461391578987664208256196909,1775210457,2026-04-03T10:00:57+00:00,0.225
11966409881281293602137861492007400834690026843003461391578987664208256196909,1775214055,2026-04-03T11:00:55+00:00,0.225
11966409881281293602137861492007400834690026843003461391578987664208256196909,1775232057,2026-04-03T16:00:57+00:00,0.15
11966409881281293602137861492007400834690026843003461391578987664208256196909,1775235600,2026-04-03T17:00:00+00:00,0.155
11966409881281293602137861492007400834690026843003461391578987664208256196909,1775239225,2026-04-03T18:00:25+00:00,0.145
11966409881281293602137861492007400834690026843003461391578987664208256196909,1775242822,2026-04-03T19:00:22+00:00,0.13
11966409881281293602137861492007400834690026843003461391578987664208256196909,1775250010,2026-04-03T21:00:10+00:00,0.135
11966409881281293602137861492007400834690026843003461391578987664208256196909,1775286058,2026-04-04T07:00:58+00:00,0.105
11966409881281293602137861492007400834690026843003461391578987664208256196909,1775311205,2026-04-04T14:00:05+00:00,0.125
11966409881281293602137861492007400834690026843003461391578987664208256196909,1775322016,2026-04-04T17:00:16+00:00,0.12
11966409881281293602137861492007400834690026843003461391578987664208256196909,1775329212,2026-04-04T19:00:12+00:00,0.125
11966409881281293602137861492007400834690026843003461391578987664208256196909,1775347219,2026-04-05T00:00:19+00:00,0.125
11966409881281293602137861492007400834690026843003461391578987664208256196909,1775422809,2026-04-05T21:00:09+00:00,0.185
11966409881281293602137861492007400834690026843003461391578987664208256196909,1775466010,2026-04-06T09:00:10+00:00,0.17
11966409881281293602137861492007400834690026843003461391578987664208256196909,1775491208,2026-04-06T16:00:08+00:00,0.17
11966409881281293602137861492007400834690026843003461391578987664208256196909,1775498448,2026-04-06T18:00:48+00:00,0.215
11966409881281293602137861492007400834690026843003461391578987664208256196909,1775541608,2026-04-07T06:00:08+00:00,0.37
11966409881281293602137861492007400834690026843003461391578987664208256196909,1775570451,2026-04-07T14:00:51+00:00,0.33
11966409881281293602137861492007400834690026843003461391578987664208256196909,1775581241,2026-04-07T17:00:41+00:00,0.205
11966409881281293602137861492007400834690026843003461391578987664208256196909,1775584854,2026-04-07T18:00:54+00:00,0.325
11966409881281293602137861492007400834690026843003461391578987664208256196909,1775588457,2026-04-07T19:00:57+00:00,0.335
11966409881281293602137861492007400834690026843003461391578987664208256196909,1775592000,2026-04-07T20:00:00+00:00,0.355
11966409881281293602137861492007400834690026843003461391578987664208256196909,1775610001,2026-04-08T01:00:01+00:00,0.25
11966409881281293602137861492007400834690026843003461391578987664208256196909,1775613642,2026-04-08T02:00:42+00:00,0.3
11966409881281293602137861492007400834690026843003461391578987664208256196909,1775638818,2026-04-08T09:00:18+00:00,0.305
11966409881281293602137861492007400834690026843003461391578987664208256196909,1775649657,2026-04-08T12:00:57+00:00,0.31
11966409881281293602137861492007400834690026843003461391578987664208256196909,1775653254,2026-04-08T13:00:54+00:00,0.335
11966409881281293602137861492007400834690026843003461391578987664208256196909,1775660435,2026-04-08T15:00:35+00:00,0.315
11966409881281293602137861492007400834690026843003461391578987664208256196909,1775689246,2026-04-08T23:00:46+00:00,0.41
11966409881281293602137861492007400834690026843003461391578987664208256196909,1775692838,2026-04-09T00:00:38+00:00,0.39
11966409881281293602137861492007400834690026843003461391578987664208256196909,1775696455,2026-04-09T01:00:55+00:00,0.415
11966409881281293602137861492007400834690026843003461391578987664208256196909,1775700057,2026-04-09T02:00:57+00:00,0.415
11966409881281293602137861492007400834690026843003461391578987664208256196909,1775707256,2026-04-09T04:00:56+00:00,0.48
11966409881281293602137861492007400834690026843003461391578987664208256196909,1775710855,2026-04-09T05:00:55+00:00,0.465
11966409881281293602137861492007400834690026843003461391578987664208256196909,1775718053,2026-04-09T07:00:53+00:00,0.485
11966409881281293602137861492007400834690026843003461391578987664208256196909,1775721654,2026-04-09T08:00:54+00:00,0.51
11966409881281293602137861492007400834690026843003461391578987664208256196909,1775728855,2026-04-09T10:00:55+00:00,0.505
11966409881281293602137861492007400834690026843003461391578987664208256196909,1775732455,2026-04-09T11:00:55+00:00,0.51
11966409881281293602137861492007400834690026843003461391578987664208256196909,1775746816,2026-04-09T15:00:16+00:00,0.62
11966409881281293602137861492007400834690026843003461391578987664208256196909,1775800843,2026-04-10T06:00:43+00:00,0.155
11966409881281293602137861492007400834690026843003461391578987664208256196909,1775808011,2026-04-10T08:00:11+00:00,0.155
11966409881281293602137861492007400834690026843003461391578987664208256196909,1775811611,2026-04-10T09:00:11+00:00,0.155
11966409881281293602137861492007400834690026843003461391578987664208256196909,1775818859,2026-04-10T11:00:59+00:00,0.165
11966409881281293602137861492007400834690026843003461391578987664208256196909,1775826016,2026-04-10T13:00:16+00:00,0.145
11966409881281293602137861492007400834690026843003461391578987664208256196909,1775833243,2026-04-10T15:00:43+00:00,0.155
11966409881281293602137861492007400834690026843003461391578987664208256196909,1775836800,2026-04-10T16:00:00+00:00,0.145
11966409881281293602137861492007400834690026843003461391578987664208256196909,1775840435,2026-04-10T17:00:35+00:00,0.14
11966409881281293602137861492007400834690026843003461391578987664208256196909,1775851213,2026-04-10T20:00:13+00:00,0.095
11966409881281293602137861492007400834690026843003461391578987664208256196909,1775862021,2026-04-10T23:00:21+00:00,0.105
11966409881281293602137861492007400834690026843003461391578987664208256196909,1775887201,2026-04-11T06:00:01+00:00,0.065
11966409881281293602137861492007400834690026843003461391578987664208256196909,1775894458,2026-04-11T08:00:58+00:00,0.08
11966409881281293602137861492007400834690026843003461391578987664208256196909,1775901628,2026-04-11T10:00:28+00:00,0.07
11966409881281293602137861492007400834690026843003461391578987664208256196909,1775944810,2026-04-11T22:00:10+00:00,0.07
11966409881281293602137861492007400834690026843003461391578987664208256196909,1775952017,2026-04-12T00:00:17+00:00,0.055
11966409881281293602137861492007400834690026843003461391578987664208256196909,1776009612,2026-04-12T16:00:12+00:00,0.05
11966409881281293602137861492007400834690026843003461391578987664208256196909,1776052854,2026-04-13T04:00:54+00:00,0.0375
11966409881281293602137861492007400834690026843003461391578987664208256196909,1776096004,2026-04-13T16:00:04+00:00,0.038
11966409881281293602137861492007400834690026843003461391578987664208256196909,1776117600,2026-04-13T22:00:00+00:00,0.0475
11966409881281293602137861492007400834690026843003461391578987664208256196909,1776189624,2026-04-14T18:00:24+00:00,0.035
11966409881281293602137861492007400834690026843003461391578987664208256196909,1776258009,2026-04-15T13:00:09+00:00,0.0215
11966409881281293602137861492007400834690026843003461391578987664208256196909,1776279609,2026-04-15T19:00:09+00:00,0.0285
11966409881281293602137861492007400834690026843003461391578987664208256196909,1776286846,2026-04-15T21:00:46+00:00,0.0215
11966409881281293602137861492007400834690026843003461391578987664208256196909,1776387658,2026-04-17T01:00:58+00:00,0.007
11966409881281293602137861492007400834690026843003461391578987664208256196909,1776398454,2026-04-17T04:00:54+00:00,0.0085
11966409881281293602137861492007400834690026843003461391578987664208256196909,1776402056,2026-04-17T05:00:56+00:00,0.0085
11966409881281293602137861492007400834690026843003461391578987664208256196909,1776409259,2026-04-17T07:00:59+00:00,0.008
11966409881281293602137861492007400834690026843003461391578987664208256196909,1776412805,2026-04-17T08:00:05+00:00,0.0085
11966409881281293602137861492007400834690026843003461391578987664208256196909,1776423658,2026-04-17T11:00:58+00:00,0.0085
11966409881281293602137861492007400834690026843003461391578987664208256196909,1776438039,2026-04-17T15:00:39+00:00,0.008
11966409881281293602137861492007400834690026843003461391578987664208256196909,1776445222,2026-04-17T17:00:22+00:00,0.004
11966409881281293602137861492007400834690026843003461391578987664208256196909,1776448844,2026-04-17T18:00:44+00:00,0.0015
11966409881281293602137861492007400834690026843003461391578987664208256196909,1776452410,2026-04-17T19:00:10+00:00,0.0055
11966409881281293602137861492007400834690026843003461391578987664208256196909,1776456018,2026-04-17T20:00:18+00:00,0.005
11966409881281293602137861492007400834690026843003461391578987664208256196909,1776470432,2026-04-18T00:00:32+00:00,0.007
11966409881281293602137861492007400834690026843003461391578987664208256196909,1776488404,2026-04-18T05:00:04+00:00,0.005
11966409881281293602137861492007400834690026843003461391578987664208256196909,1776495659,2026-04-18T07:00:59+00:00,0.005
11966409881281293602137861492007400834690026843003461391578987664208256196909,1776510020,2026-04-18T11:00:20+00:00,0.007
11966409881281293602137861492007400834690026843003461391578987664208256196909,1776524441,2026-04-18T15:00:41+00:00,0.008
11966409881281293602137861492007400834690026843003461391578987664208256196909,1776535220,2026-04-18T18:00:20+00:00,0.0075
11966409881281293602137861492007400834690026843003461391578987664208256196909,1776542407,2026-04-18T20:00:07+00:00,0.0075
11966409881281293602137861492007400834690026843003461391578987664208256196909,1776574859,2026-04-19T05:00:59+00:00,0.008
11966409881281293602137861492007400834690026843003461391578987664208256196909,1776582054,2026-04-19T07:00:54+00:00,0.008
11966409881281293602137861492007400834690026843003461391578987664208256196909,1776585604,2026-04-19T08:00:04+00:00,0.008
11966409881281293602137861492007400834690026843003461391578987664208256196909,1776600011,2026-04-19T12:00:11+00:00,0.003
11966409881281293602137861492007400834690026843003461391578987664208256196909,1776614426,2026-04-19T16:00:26+00:00,0.0045
11966409881281293602137861492007400834690026843003461391578987664208256196909,1776659864,2026-04-20T04:37:44+00:00,0.002
67967023811721834738685695249992484419619114809767608640505747182577663027691,1773982836,2026-03-20T05:00:36+00:00,0.065
67967023811721834738685695249992484419619114809767608640505747182577663027691,1773986447,2026-03-20T06:00:47+00:00,0.065
67967023811721834738685695249992484419619114809767608640505747182577663027691,1773990035,2026-03-20T07:00:35+00:00,0.055
67967023811721834738685695249992484419619114809767608640505747182577663027691,1773993635,2026-03-20T08:00:35+00:00,0.065
67967023811721834738685695249992484419619114809767608640505747182577663027691,1773997239,2026-03-20T09:00:39+00:00,0.055
67967023811721834738685695249992484419619114809767608640505747182577663027691,1774000857,2026-03-20T10:00:57+00:00,0.065
67967023811721834738685695249992484419619114809767608640505747182577663027691,1774004432,2026-03-20T11:00:32+00:00,0.055
67967023811721834738685695249992484419619114809767608640505747182577663027691,1774008038,2026-03-20T12:00:38+00:00,0.065
67967023811721834738685695249992484419619114809767608640505747182577663027691,1774011631,2026-03-20T13:00:31+00:00,0.065
67967023811721834738685695249992484419619114809767608640505747182577663027691,1774015238,2026-03-20T14:00:38+00:00,0.065
67967023811721834738685695249992484419619114809767608640505747182577663027691,1774018840,2026-03-20T15:00:40+00:00,0.065
67967023811721834738685695249992484419619114809767608640505747182577663027691,1774022432,2026-03-20T16:00:32+00:00,0.065
67967023811721834738685695249992484419619114809767608640505747182577663027691,1774026033,2026-03-20T17:00:33+00:00,0.065
67967023811721834738685695249992484419619114809767608640505747182577663027691,1774029643,2026-03-20T18:00:43+00:00,0.065
67967023811721834738685695249992484419619114809767608640505747182577663027691,1774033235,2026-03-20T19:00:35+00:00,0.065
67967023811721834738685695249992484419619114809767608640505747182577663027691,1774036835,2026-03-20T20:00:35+00:00,0.065
67967023811721834738685695249992484419619114809767608640505747182577663027691,1774040448,2026-03-20T21:00:48+00:00,0.065
67967023811721834738685695249992484419619114809767608640505747182577663027691,1774044041,2026-03-20T22:00:41+00:00,0.065
67967023811721834738685695249992484419619114809767608640505747182577663027691,1774047638,2026-03-20T23:00:38+00:00,0.065
67967023811721834738685695249992484419619114809767608640505747182577663027691,1774051242,2026-03-21T00:00:42+00:00,0.065
67967023811721834738685695249992484419619114809767608640505747182577663027691,1774054839,2026-03-21T01:00:39+00:00,0.065
67967023811721834738685695249992484419619114809767608640505747182577663027691,1774058449,2026-03-21T02:00:49+00:00,0.065
67967023811721834738685695249992484419619114809767608640505747182577663027691,1774062034,2026-03-21T03:00:34+00:00,0.065
67967023811721834738685695249992484419619114809767608640505747182577663027691,1774065635,2026-03-21T04:00:35+00:00,0.06
67967023811721834738685695249992484419619114809767608640505747182577663027691,1774069233,2026-03-21T05:00:33+00:00,0.065
67967023811721834738685695249992484419619114809767608640505747182577663027691,1774072838,2026-03-21T06:00:38+00:00,0.06
67967023811721834738685695249992484419619114809767608640505747182577663027691,1774076434,2026-03-21T07:00:34+00:00,0.065
67967023811721834738685695249992484419619114809767608640505747182577663027691,1774080033,2026-03-21T08:00:33+00:00,0.065
67967023811721834738685695249992484419619114809767608640505747182577663027691,1774083632,2026-03-21T09:00:32+00:00,0.065
67967023811721834738685695249992484419619114809767608640505747182577663027691,1774087229,2026-03-21T10:00:29+00:00,0.065
67967023811721834738685695249992484419619114809767608640505747182577663027691,1774090837,2026-03-21T11:00:37+00:00,0.065
67967023811721834738685695249992484419619114809767608640505747182577663027691,1774094435,2026-03-21T12:00:35+00:00,0.065
67967023811721834738685695249992484419619114809767608640505747182577663027691,1774098037,2026-03-21T13:00:37+00:00,0.06
67967023811721834738685695249992484419619114809767608640505747182577663027691,1774101640,2026-03-21T14:00:40+00:00,0.065
67967023811721834738685695249992484419619114809767608640505747182577663027691,1774105244,2026-03-21T15:00:44+00:00,0.065
67967023811721834738685695249992484419619114809767608640505747182577663027691,1774108851,2026-03-21T16:00:51+00:00,0.065
67967023811721834738685695249992484419619114809767608640505747182577663027691,1774112448,2026-03-21T17:00:48+00:00,0.065
67967023811721834738685695249992484419619114809767608640505747182577663027691,1774116038,2026-03-21T18:00:38+00:00,0.065
67967023811721834738685695249992484419619114809767608640505747182577663027691,1774119635,2026-03-21T19:00:35+00:00,0.065
67967023811721834738685695249992484419619114809767608640505747182577663027691,1774123233,2026-03-21T20:00:33+00:00,0.055
67967023811721834738685695249992484419619114809767608640505747182577663027691,1774126836,2026-03-21T21:00:36+00:00,0.065
67967023811721834738685695249992484419619114809767608640505747182577663027691,1774130436,2026-03-21T22:00:36+00:00,0.055
67967023811721834738685695249992484419619114809767608640505747182577663027691,1774134032,2026-03-21T23:00:32+00:00,0.065
67967023811721834738685695249992484419619114809767608640505747182577663027691,1774137639,2026-03-22T00:00:39+00:00,0.065
67967023811721834738685695249992484419619114809767608640505747182577663027691,1774141233,2026-03-22T01:00:33+00:00,0.065
67967023811721834738685695249992484419619114809767608640505747182577663027691,1774144828,2026-03-22T02:00:28+00:00,0.07
67967023811721834738685695249992484419619114809767608640505747182577663027691,1774148429,2026-03-22T03:00:29+00:00,0.065
67967023811721834738685695249992484419619114809767608640505747182577663027691,1774152028,2026-03-22T04:00:28+00:00,0.07
67967023811721834738685695249992484419619114809767608640505747182577663027691,1774155632,2026-03-22T05:00:32+00:00,0.055
67967023811721834738685695249992484419619114809767608640505747182577663027691,1774159231,2026-03-22T06:00:31+00:00,0.07
67967023811721834738685695249992484419619114809767608640505747182577663027691,1774162826,2026-03-22T07:00:26+00:00,0.07
67967023811721834738685695249992484419619114809767608640505747182577663027691,1774166429,2026-03-22T08:00:29+00:00,0.065
67967023811721834738685695249992484419619114809767608640505747182577663027691,1774170029,2026-03-22T09:00:29+00:00,0.07
67967023811721834738685695249992484419619114809767608640505747182577663027691,1774173628,2026-03-22T10:00:28+00:00,0.06
67967023811721834738685695249992484419619114809767608640505747182577663027691,1774177226,2026-03-22T11:00:26+00:00,0.07
67967023811721834738685695249992484419619114809767608640505747182577663027691,1774180846,2026-03-22T12:00:46+00:00,0.07
67967023811721834738685695249992484419619114809767608640505747182577663027691,1774184439,2026-03-22T13:00:39+00:00,0.07
67967023811721834738685695249992484419619114809767608640505747182577663027691,1774188028,2026-03-22T14:00:28+00:00,0.07
67967023811721834738685695249992484419619114809767608640505747182577663027691,1774191629,2026-03-22T15:00:29+00:00,0.055
67967023811721834738685695249992484419619114809767608640505747182577663027691,1774195231,2026-03-22T16:00:31+00:00,0.07
67967023811721834738685695249992484419619114809767608640505747182577663027691,1774198855,2026-03-22T17:00:55+00:00,0.065
67967023811721834738685695249992484419619114809767608640505747182577663027691,1774202432,2026-03-22T18:00:32+00:00,0.07
67967023811721834738685695249992484419619114809767608640505747182577663027691,1774206030,2026-03-22T19:00:30+00:00,0.07
67967023811721834738685695249992484419619114809767608640505747182577663027691,1774209629,2026-03-22T20:00:29+00:00,0.065
67967023811721834738685695249992484419619114809767608640505747182577663027691,1774213231,2026-03-22T21:00:31+00:00,0.07
67967023811721834738685695249992484419619114809767608640505747182577663027691,1774216830,2026-03-22T22:00:30+00:00,0.07
67967023811721834738685695249992484419619114809767608640505747182577663027691,1774220432,2026-03-22T23:00:32+00:00,0.07
67967023811721834738685695249992484419619114809767608640505747182577663027691,1774224033,2026-03-23T00:00:33+00:00,0.07
67967023811721834738685695249992484419619114809767608640505747182577663027691,1774227629,2026-03-23T01:00:29+00:00,0.07
67967023811721834738685695249992484419619114809767608640505747182577663027691,1774231231,2026-03-23T02:00:31+00:00,0.07
67967023811721834738685695249992484419619114809767608640505747182577663027691,1774234834,2026-03-23T03:00:34+00:00,0.065
67967023811721834738685695249992484419619114809767608640505747182577663027691,1774238426,2026-03-23T04:00:26+00:00,0.07
67967023811721834738685695249992484419619114809767608640505747182577663027691,1774242034,2026-03-23T05:00:34+00:00,0.06
67967023811721834738685695249992484419619114809767608640505747182577663027691,1774245634,2026-03-23T06:00:34+00:00,0.07
67967023811721834738685695249992484419619114809767608640505747182577663027691,1774249231,2026-03-23T07:00:31+00:00,0.07
67967023811721834738685695249992484419619114809767608640505747182577663027691,1774252834,2026-03-23T08:00:34+00:00,0.07
67967023811721834738685695249992484419619114809767608640505747182577663027691,1774256443,2026-03-23T09:00:43+00:00,0.07
67967023811721834738685695249992484419619114809767608640505747182577663027691,1774260029,2026-03-23T10:00:29+00:00,0.065
67967023811721834738685695249992484419619114809767608640505747182577663027691,1774263626,2026-03-23T11:00:26+00:00,0.065
67967023811721834738685695249992484419619114809767608640505747182577663027691,1774267232,2026-03-23T12:00:32+00:00,0.065
67967023811721834738685695249992484419619114809767608640505747182577663027691,1774270834,2026-03-23T13:00:34+00:00,0.075
67967023811721834738685695249992484419619114809767608640505747182577663027691,1774274429,2026-03-23T14:00:29+00:00,0.075
67967023811721834738685695249992484419619114809767608640505747182577663027691,1774278027,2026-03-23T15:00:27+00:00,0.07
67967023811721834738685695249992484419619114809767608640505747182577663027691,1774281627,2026-03-23T16:00:27+00:00,0.07
67967023811721834738685695249992484419619114809767608640505747182577663027691,1774285240,2026-03-23T17:00:40+00:00,0.07
67967023811721834738685695249992484419619114809767608640505747182577663027691,1774288828,2026-03-23T18:00:28+00:00,0.075
67967023811721834738685695249992484419619114809767608640505747182577663027691,1774292444,2026-03-23T19:00:44+00:00,0.055
67967023811721834738685695249992484419619114809767608640505747182577663027691,1774296029,2026-03-23T20:00:29+00:00,0.06
67967023811721834738685695249992484419619114809767608640505747182577663027691,1774299632,2026-03-23T21:00:32+00:00,0.06
67967023811721834738685695249992484419619114809767608640505747182577663027691,1774303229,2026-03-23T22:00:29+00:00,0.065
67967023811721834738685695249992484419619114809767608640505747182577663027691,1774306828,2026-03-23T23:00:28+00:00,0.07
67967023811721834738685695249992484419619114809767608640505747182577663027691,1774310430,2026-03-24T00:00:30+00:00,0.065
67967023811721834738685695249992484419619114809767608640505747182577663027691,1774314025,2026-03-24T01:00:25+00:00,0.07
67967023811721834738685695249992484419619114809767608640505747182577663027691,1774317628,2026-03-24T02:00:28+00:00,0.07
67967023811721834738685695249992484419619114809767608640505747182577663027691,1774321228,2026-03-24T03:00:28+00:00,0.07
67967023811721834738685695249992484419619114809767608640505747182577663027691,1774324830,2026-03-24T04:00:30+00:00,0.075
67967023811721834738685695249992484419619114809767608640505747182577663027691,1774328430,2026-03-24T05:00:30+00:00,0.075
67967023811721834738685695249992484419619114809767608640505747182577663027691,1774332033,2026-03-24T06:00:33+00:00,0.08
67967023811721834738685695249992484419619114809767608640505747182577663027691,1774335626,2026-03-24T07:00:26+00:00,0.08
67967023811721834738685695249992484419619114809767608640505747182577663027691,1774339226,2026-03-24T08:00:26+00:00,0.08
67967023811721834738685695249992484419619114809767608640505747182577663027691,1774342830,2026-03-24T09:00:30+00:00,0.08
67967023811721834738685695249992484419619114809767608640505747182577663027691,1774346426,2026-03-24T10:00:26+00:00,0.08
67967023811721834738685695249992484419619114809767608640505747182577663027691,1774350049,2026-03-24T11:00:49+00:00,0.08
67967023811721834738685695249992484419619114809767608640505747182577663027691,1774353636,2026-03-24T12:00:36+00:00,0.08
67967023811721834738685695249992484419619114809767608640505747182577663027691,1774357244,2026-03-24T13:00:44+00:00,0.08
67967023811721834738685695249992484419619114809767608640505747182577663027691,1774360833,2026-03-24T14:00:33+00:00,0.08
67967023811721834738685695249992484419619114809767608640505747182577663027691,1774364438,2026-03-24T15:00:38+00:00,0.08
67967023811721834738685695249992484419619114809767608640505747182577663027691,1774368032,2026-03-24T16:00:32+00:00,0.08
67967023811721834738685695249992484419619114809767608640505747182577663027691,1774371634,2026-03-24T17:00:34+00:00,0.08
67967023811721834738685695249992484419619114809767608640505747182577663027691,1774375243,2026-03-24T18:00:43+00:00,0.08
67967023811721834738685695249992484419619114809767608640505747182577663027691,1774378834,2026-03-24T19:00:34+00:00,0.08
67967023811721834738685695249992484419619114809767608640505747182577663027691,1774382436,2026-03-24T20:00:36+00:00,0.08
67967023811721834738685695249992484419619114809767608640505747182577663027691,1774386050,2026-03-24T21:00:50+00:00,0.08
67967023811721834738685695249992484419619114809767608640505747182577663027691,1774389631,2026-03-24T22:00:31+00:00,0.08
67967023811721834738685695249992484419619114809767608640505747182577663027691,1774393235,2026-03-24T23:00:35+00:00,0.08
67967023811721834738685695249992484419619114809767608640505747182577663027691,1774396843,2026-03-25T00:00:43+00:00,0.08
67967023811721834738685695249992484419619114809767608640505747182577663027691,1774400433,2026-03-25T01:00:33+00:00,0.0395
67967023811721834738685695249992484419619114809767608640505747182577663027691,1774404034,2026-03-25T02:00:34+00:00,0.042
67967023811721834738685695249992484419619114809767608640505747182577663027691,1774407637,2026-03-25T03:00:37+00:00,0.0195
67967023811721834738685695249992484419619114809767608640505747182577663027691,1774411237,2026-03-25T04:00:37+00:00,0.0315
67967023811721834738685695249992484419619114809767608640505747182577663027691,1774414836,2026-03-25T05:00:36+00:00,0.02
67967023811721834738685695249992484419619114809767608640505747182577663027691,1774418441,2026-03-25T06:00:41+00:00,0.028
67967023811721834738685695249992484419619114809767608640505747182577663027691,1774422033,2026-03-25T07:00:33+00:00,0.0325
67967023811721834738685695249992484419619114809767608640505747182577663027691,1774425632,2026-03-25T08:00:32+00:00,0.03
67967023811721834738685695249992484419619114809767608640505747182577663027691,1774429240,2026-03-25T09:00:40+00:00,0.042
67967023811721834738685695249992484419619114809767608640505747182577663027691,1774432838,2026-03-25T10:00:38+00:00,0.037
67967023811721834738685695249992484419619114809767608640505747182577663027691,1774436439,2026-03-25T11:00:39+00:00,0.028
67967023811721834738685695249992484419619114809767608640505747182577663027691,1774440046,2026-03-25T12:00:46+00:00,0.035
67967023811721834738685695249992484419619114809767608640505747182577663027691,1774443638,2026-03-25T13:00:38+00:00,0.0315
67967023811721834738685695249992484419619114809767608640505747182577663027691,1774447247,2026-03-25T14:00:47+00:00,0.028
67967023811721834738685695249992484419619114809767608640505747182577663027691,1774450843,2026-03-25T15:00:43+00:00,0.0245
67967023811721834738685695249992484419619114809767608640505747182577663027691,1774454438,2026-03-25T16:00:38+00:00,0.029
67967023811721834738685695249992484419619114809767608640505747182577663027691,1774458035,2026-03-25T17:00:35+00:00,0.0255
67967023811721834738685695249992484419619114809767608640505747182577663027691,1774461644,2026-03-25T18:00:44+00:00,0.0205
67967023811721834738685695249992484419619114809767608640505747182577663027691,1774465237,2026-03-25T19:00:37+00:00,0.044
67967023811721834738685695249992484419619114809767608640505747182577663027691,1774468838,2026-03-25T20:00:38+00:00,0.0365
67967023811721834738685695249992484419619114809767608640505747182577663027691,1774472439,2026-03-25T21:00:39+00:00,0.0225
67967023811721834738685695249992484419619114809767608640505747182577663027691,1774476034,2026-03-25T22:00:34+00:00,0.0295
67967023811721834738685695249992484419619114809767608640505747182577663027691,1774479635,2026-03-25T23:00:35+00:00,0.0295
67967023811721834738685695249992484419619114809767608640505747182577663027691,1774483247,2026-03-26T00:00:47+00:00,0.029
67967023811721834738685695249992484419619114809767608640505747182577663027691,1774486838,2026-03-26T01:00:38+00:00,0.023
67967023811721834738685695249992484419619114809767608640505747182577663027691,1774490436,2026-03-26T02:00:36+00:00,0.0145
67967023811721834738685695249992484419619114809767608640505747182577663027691,1774494043,2026-03-26T03:00:43+00:00,0.0145
67967023811721834738685695249992484419619114809767608640505747182577663027691,1774497639,2026-03-26T04:00:39+00:00,0.0145
67967023811721834738685695249992484419619114809767608640505747182577663027691,1774501235,2026-03-26T05:00:35+00:00,0.015
67967023811721834738685695249992484419619114809767608640505747182577663027691,1774504846,2026-03-26T06:00:46+00:00,0.015
67967023811721834738685695249992484419619114809767608640505747182577663027691,1774508448,2026-03-26T07:00:48+00:00,0.0145
67967023811721834738685695249992484419619114809767608640505747182577663027691,1774512040,2026-03-26T08:00:40+00:00,0.0145
67967023811721834738685695249992484419619114809767608640505747182577663027691,1774515639,2026-03-26T09:00:39+00:00,0.0145
67967023811721834738685695249992484419619114809767608640505747182577663027691,1774519241,2026-03-26T10:00:41+00:00,0.0145
67967023811721834738685695249992484419619114809767608640505747182577663027691,1774522832,2026-03-26T11:00:32+00:00,0.015
67967023811721834738685695249992484419619114809767608640505747182577663027691,1774526458,2026-03-26T12:00:58+00:00,0.0145
67967023811721834738685695249992484419619114809767608640505747182577663027691,1774530049,2026-03-26T13:00:49+00:00,0.015
67967023811721834738685695249992484419619114809767608640505747182577663027691,1774533638,2026-03-26T14:00:38+00:00,0.015
67967023811721834738685695249992484419619114809767608640505747182577663027691,1774537243,2026-03-26T15:00:43+00:00,0.0145
67967023811721834738685695249992484419619114809767608640505747182577663027691,1774540842,2026-03-26T16:00:42+00:00,0.0145
67967023811721834738685695249992484419619114809767608640505747182577663027691,1774548042,2026-03-26T18:00:42+00:00,0.0145
67967023811721834738685695249992484419619114809767608640505747182577663027691,1774551646,2026-03-26T19:00:46+00:00,0.0395
67967023811721834738685695249992484419619114809767608640505747182577663027691,1774555240,2026-03-26T20:00:40+00:00,0.041
67967023811721834738685695249992484419619114809767608640505747182577663027691,1774558846,2026-03-26T21:00:46+00:00,0.049
67967023811721834738685695249992484419619114809767608640505747182577663027691,1774562440,2026-03-26T22:00:40+00:00,0.045
67967023811721834738685695249992484419619114809767608640505747182577663027691,1774566037,2026-03-26T23:00:37+00:00,0.0495
67967023811721834738685695249992484419619114809767608640505747182577663027691,1774569653,2026-03-27T00:00:53+00:00,0.0535
67967023811721834738685695249992484419619114809767608640505747182577663027691,1774573246,2026-03-27T01:00:46+00:00,0.0525
67967023811721834738685695249992484419619114809767608640505747182577663027691,1774576847,2026-03-27T02:00:47+00:00,0.0555
67967023811721834738685695249992484419619114809767608640505747182577663027691,1774580451,2026-03-27T03:00:51+00:00,0.05
67967023811721834738685695249992484419619114809767608640505747182577663027691,1774584041,2026-03-27T04:00:41+00:00,0.054
67967023811721834738685695249992484419619114809767608640505747182577663027691,1774587643,2026-03-27T05:00:43+00:00,0.0565
67967023811721834738685695249992484419619114809767608640505747182577663027691,1774591249,2026-03-27T06:00:49+00:00,0.0525
67967023811721834738685695249992484419619114809767608640505747182577663027691,1774594841,2026-03-27T07:00:41+00:00,0.0565
67967023811721834738685695249992484419619114809767608640505747182577663027691,1774598437,2026-03-27T08:00:37+00:00,0.055
67967023811721834738685695249992484419619114809767608640505747182577663027691,1774602046,2026-03-27T09:00:46+00:00,0.0585
67967023811721834738685695249992484419619114809767608640505747182577663027691,1774605638,2026-03-27T10:00:38+00:00,0.0595
67967023811721834738685695249992484419619114809767608640505747182577663027691,1774609241,2026-03-27T11:00:41+00:00,0.055
67967023811721834738685695249992484419619114809767608640505747182577663027691,1774612852,2026-03-27T12:00:52+00:00,0.059
67967023811721834738685695249992484419619114809767608640505747182577663027691,1774616450,2026-03-27T13:00:50+00:00,0.055
67967023811721834738685695249992484419619114809767608640505747182577663027691,1774620043,2026-03-27T14:00:43+00:00,0.058
67967023811721834738685695249992484419619114809767608640505747182577663027691,1774623648,2026-03-27T15:00:48+00:00,0.062
67967023811721834738685695249992484419619114809767608640505747182577663027691,1774627242,2026-03-27T16:00:42+00:00,0.058
67967023811721834738685695249992484419619114809767608640505747182577663027691,1774634456,2026-03-27T18:00:56+00:00,0.0545
67967023811721834738685695249992484419619114809767608640505747182577663027691,1774638044,2026-03-27T19:00:44+00:00,0.058
67967023811721834738685695249992484419619114809767608640505747182577663027691,1774641655,2026-03-27T20:00:55+00:00,0.0605
67967023811721834738685695249992484419619114809767608640505747182577663027691,1774645254,2026-03-27T21:00:54+00:00,0.0555
67967023811721834738685695249992484419619114809767608640505747182577663027691,1774648843,2026-03-27T22:00:43+00:00,0.059
67967023811721834738685695249992484419619114809767608640505747182577663027691,1774652457,2026-03-27T23:00:57+00:00,0.055
67967023811721834738685695249992484419619114809767608640505747182577663027691,1774656057,2026-03-28T00:00:57+00:00,0.0585
67967023811721834738685695249992484419619114809767608640505747182577663027691,1774659644,2026-03-28T01:00:44+00:00,0.0595
67967023811721834738685695249992484419619114809767608640505747182577663027691,1774663244,2026-03-28T02:00:44+00:00,0.057
67967023811721834738685695249992484419619114809767608640505747182577663027691,1774666851,2026-03-28T03:00:51+00:00,0.0605
67967023811721834738685695249992484419619114809767608640505747182577663027691,1774670444,2026-03-28T04:00:44+00:00,0.071
67967023811721834738685695249992484419619114809767608640505747182577663027691,1774674041,2026-03-28T05:00:41+00:00,0.075
67967023811721834738685695249992484419619114809767608640505747182577663027691,1774677656,2026-03-28T06:00:56+00:00,0.0765
67967023811721834738685695249992484419619114809767608640505747182577663027691,1774681243,2026-03-28T07:00:43+00:00,0.072
67967023811721834738685695249992484419619114809767608640505747182577663027691,1774684846,2026-03-28T08:00:46+00:00,0.0745
67967023811721834738685695249992484419619114809767608640505747182577663027691,1774688456,2026-03-28T09:00:56+00:00,0.075
67967023811721834738685695249992484419619114809767608640505747182577663027691,1774692054,2026-03-28T10:00:54+00:00,0.076
67967023811721834738685695249992484419619114809767608640505747182577663027691,1774695654,2026-03-28T11:00:54+00:00,0.0775
67967023811721834738685695249992484419619114809767608640505747182577663027691,1774699258,2026-03-28T12:00:58+00:00,0.077
67967023811721834738685695249992484419619114809767608640505747182577663027691,1774706459,2026-03-28T14:00:59+00:00,0.062
67967023811721834738685695249992484419619114809767608640505747182577663027691,1774713648,2026-03-28T16:00:48+00:00,0.064
67967023811721834738685695249992484419619114809767608640505747182577663027691,1774724448,2026-03-28T19:00:48+00:00,0.062
67967023811721834738685695249992484419619114809767608640505747182577663027691,1774728047,2026-03-28T20:00:47+00:00,0.063
67967023811721834738685695249992484419619114809767608640505747182577663027691,1774731657,2026-03-28T21:00:57+00:00,0.0655
67967023811721834738685695249992484419619114809767608640505747182577663027691,1774735254,2026-03-28T22:00:54+00:00,0.061
67967023811721834738685695249992484419619114809767608640505747182577663027691,1774738853,2026-03-28T23:00:53+00:00,0.064
67967023811721834738685695249992484419619114809767608640505747182577663027691,1774746057,2026-03-29T01:00:57+00:00,0.064
67967023811721834738685695249992484419619114809767608640505747182577663027691,1774749659,2026-03-29T02:00:59+00:00,0.064
67967023811721834738685695249992484419619114809767608640505747182577663027691,1774753259,2026-03-29T03:00:59+00:00,0.061
67967023811721834738685695249992484419619114809767608640505747182577663027691,1774756851,2026-03-29T04:00:51+00:00,0.065
67967023811721834738685695249992484419619114809767608640505747182577663027691,1774760459,2026-03-29T05:00:59+00:00,0.0605
67967023811721834738685695249992484419619114809767608640505747182577663027691,1774767657,2026-03-29T07:00:57+00:00,0.0625
67967023811721834738685695249992484419619114809767608640505747182577663027691,1774771253,2026-03-29T08:00:53+00:00,0.067
67967023811721834738685695249992484419619114809767608640505747182577663027691,1774782058,2026-03-29T11:00:58+00:00,0.065
67967023811721834738685695249992484419619114809767608640505747182577663027691,1774792857,2026-03-29T14:00:57+00:00,0.067
67967023811721834738685695249992484419619114809767608640505747182577663027691,1774800053,2026-03-29T16:00:53+00:00,0.068
67967023811721834738685695249992484419619114809767608640505747182577663027691,1774810853,2026-03-29T19:00:53+00:00,0.076
67967023811721834738685695249992484419619114809767608640505747182577663027691,1774814455,2026-03-29T20:00:55+00:00,0.0735
67967023811721834738685695249992484419619114809767608640505747182577663027691,1774832458,2026-03-30T01:00:58+00:00,0.07
67967023811721834738685695249992484419619114809767608640505747182577663027691,1774836059,2026-03-30T02:00:59+00:00,0.0615
67967023811721834738685695249992484419619114809767608640505747182577663027691,1774857659,2026-03-30T08:00:59+00:00,0.0635
67967023811721834738685695249992484419619114809767608640505747182577663027691,1774864853,2026-03-30T10:00:53+00:00,0.0625
67967023811721834738685695249992484419619114809767608640505747182577663027691,1774886459,2026-03-30T16:00:59+00:00,0.066
67967023811721834738685695249992484419619114809767608640505747182577663027691,1774908057,2026-03-30T22:00:57+00:00,0.049
67967023811721834738685695249992484419619114809767608640505747182577663027691,1774929659,2026-03-31T04:00:59+00:00,0.0735
67967023811721834738685695249992484419619114809767608640505747182577663027691,1774933257,2026-03-31T05:00:57+00:00,0.072
67967023811721834738685695249992484419619114809767608640505747182577663027691,1774976435,2026-03-31T17:00:35+00:00,0.0655
67967023811721834738685695249992484419619114809767608640505747182577663027691,1774987202,2026-03-31T20:00:02+00:00,0.0705
67967023811721834738685695249992484419619114809767608640505747182577663027691,1775005250,2026-04-01T01:00:50+00:00,0.0665
67967023811721834738685695249992484419619114809767608640505747182577663027691,1775008853,2026-04-01T02:00:53+00:00,0.0725
67967023811721834738685695249992484419619114809767608640505747182577663027691,1775012459,2026-04-01T03:00:59+00:00,0.069
67967023811721834738685695249992484419619114809767608640505747182577663027691,1775019650,2026-04-01T05:00:50+00:00,0.0735
67967023811721834738685695249992484419619114809767608640505747182577663027691,1775023255,2026-04-01T06:00:55+00:00,0.0625
67967023811721834738685695249992484419619114809767608640505747182577663027691,1775030458,2026-04-01T08:00:58+00:00,0.066
67967023811721834738685695249992484419619114809767608640505747182577663027691,1775034059,2026-04-01T09:00:59+00:00,0.0745
67967023811721834738685695249992484419619114809767608640505747182577663027691,1775037650,2026-04-01T10:00:50+00:00,0.0785
67967023811721834738685695249992484419619114809767608640505747182577663027691,1775041249,2026-04-01T11:00:49+00:00,0.0685
67967023811721834738685695249992484419619114809767608640505747182577663027691,1775048450,2026-04-01T13:00:50+00:00,0.079
67967023811721834738685695249992484419619114809767608640505747182577663027691,1775052056,2026-04-01T14:00:56+00:00,0.083
67967023811721834738685695249992484419619114809767608640505747182577663027691,1775066459,2026-04-01T18:00:59+00:00,0.0705
67967023811721834738685695249992484419619114809767608640505747182577663027691,1775077224,2026-04-01T21:00:24+00:00,0.07
67967023811721834738685695249992484419619114809767608640505747182577663027691,1775080854,2026-04-01T22:00:54+00:00,0.0745
67967023811721834738685695249992484419619114809767608640505747182577663027691,1775095256,2026-04-02T02:00:56+00:00,0.0655
67967023811721834738685695249992484419619114809767608640505747182577663027691,1775102456,2026-04-02T04:00:56+00:00,0.0665
67967023811721834738685695249992484419619114809767608640505747182577663027691,1775106055,2026-04-02T05:00:55+00:00,0.068
67967023811721834738685695249992484419619114809767608640505747182577663027691,1775113252,2026-04-02T07:00:52+00:00,0.067
67967023811721834738685695249992484419619114809767608640505747182577663027691,1775116852,2026-04-02T08:00:52+00:00,0.069
67967023811721834738685695249992484419619114809767608640505747182577663027691,1775120455,2026-04-02T09:00:55+00:00,0.07
67967023811721834738685695249992484419619114809767608640505747182577663027691,1775124051,2026-04-02T10:00:51+00:00,0.073
67967023811721834738685695249992484419619114809767608640505747182577663027691,1775127657,2026-04-02T11:00:57+00:00,0.082
67967023811721834738685695249992484419619114809767608640505747182577663027691,1775142009,2026-04-02T15:00:09+00:00,0.057
67967023811721834738685695249992484419619114809767608640505747182577663027691,1775145612,2026-04-02T16:00:12+00:00,0.0605
67967023811721834738685695249992484419619114809767608640505747182577663027691,1775149224,2026-04-02T17:00:24+00:00,0.066
67967023811721834738685695249992484419619114809767608640505747182577663027691,1775152859,2026-04-02T18:00:59+00:00,0.065
67967023811721834738685695249992484419619114809767608640505747182577663027691,1775156453,2026-04-02T19:00:53+00:00,0.07
67967023811721834738685695249992484419619114809767608640505747182577663027691,1775160055,2026-04-02T20:00:55+00:00,0.0765
67967023811721834738685695249992484419619114809767608640505747182577663027691,1775167258,2026-04-02T22:00:58+00:00,0.0585
67967023811721834738685695249992484419619114809767608640505747182577663027691,1775170853,2026-04-02T23:00:53+00:00,0.0595
67967023811721834738685695249992484419619114809767608640505747182577663027691,1775178053,2026-04-03T01:00:53+00:00,0.0625
67967023811721834738685695249992484419619114809767608640505747182577663027691,1775181657,2026-04-03T02:00:57+00:00,0.066
67967023811721834738685695249992484419619114809767608640505747182577663027691,1775188854,2026-04-03T04:00:54+00:00,0.0635
67967023811721834738685695249992484419619114809767608640505747182577663027691,1775192406,2026-04-03T05:00:06+00:00,0.0615
67967023811721834738685695249992484419619114809767608640505747182577663027691,1775199655,2026-04-03T07:00:55+00:00,0.062
67967023811721834738685695249992484419619114809767608640505747182577663027691,1775203256,2026-04-03T08:00:56+00:00,0.0585
67967023811721834738685695249992484419619114809767608640505747182577663027691,1775210457,2026-04-03T10:00:57+00:00,0.056
67967023811721834738685695249992484419619114809767608640505747182577663027691,1775214054,2026-04-03T11:00:54+00:00,0.057
67967023811721834738685695249992484419619114809767608640505747182577663027691,1775232056,2026-04-03T16:00:56+00:00,0.061
67967023811721834738685695249992484419619114809767608640505747182577663027691,1775235600,2026-04-03T17:00:00+00:00,0.0625
67967023811721834738685695249992484419619114809767608640505747182577663027691,1775239225,2026-04-03T18:00:25+00:00,0.0635
67967023811721834738685695249992484419619114809767608640505747182577663027691,1775242821,2026-04-03T19:00:21+00:00,0.063
67967023811721834738685695249992484419619114809767608640505747182577663027691,1775250009,2026-04-03T21:00:09+00:00,0.0665
67967023811721834738685695249992484419619114809767608640505747182577663027691,1775286058,2026-04-04T07:00:58+00:00,0.066
67967023811721834738685695249992484419619114809767608640505747182577663027691,1775311204,2026-04-04T14:00:04+00:00,0.0565
67967023811721834738685695249992484419619114809767608640505747182577663027691,1775322015,2026-04-04T17:00:15+00:00,0.055
67967023811721834738685695249992484419619114809767608640505747182577663027691,1775329211,2026-04-04T19:00:11+00:00,0.061
67967023811721834738685695249992484419619114809767608640505747182577663027691,1775347219,2026-04-05T00:00:19+00:00,0.072
67967023811721834738685695249992484419619114809767608640505747182577663027691,1775422807,2026-04-05T21:00:07+00:00,0.0625
67967023811721834738685695249992484419619114809767608640505747182577663027691,1775466008,2026-04-06T09:00:08+00:00,0.059
67967023811721834738685695249992484419619114809767608640505747182577663027691,1775491207,2026-04-06T16:00:07+00:00,0.0525
67967023811721834738685695249992484419619114809767608640505747182577663027691,1775498448,2026-04-06T18:00:48+00:00,0.0695
67967023811721834738685695249992484419619114809767608640505747182577663027691,1775541607,2026-04-07T06:00:07+00:00,0.0705
67967023811721834738685695249992484419619114809767608640505747182577663027691,1775570450,2026-04-07T14:00:50+00:00,0.0715
67967023811721834738685695249992484419619114809767608640505747182577663027691,1775581240,2026-04-07T17:00:40+00:00,0.0505
67967023811721834738685695249992484419619114809767608640505747182577663027691,1775584854,2026-04-07T18:00:54+00:00,0.0505
67967023811721834738685695249992484419619114809767608640505747182577663027691,1775588456,2026-04-07T19:00:56+00:00,0.0505
67967023811721834738685695249992484419619114809767608640505747182577663027691,1775610000,2026-04-08T01:00:00+00:00,0.044
67967023811721834738685695249992484419619114809767608640505747182577663027691,1775613642,2026-04-08T02:00:42+00:00,0.0485
67967023811721834738685695249992484419619114809767608640505747182577663027691,1775638817,2026-04-08T09:00:17+00:00,0.0635
67967023811721834738685695249992484419619114809767608640505747182577663027691,1775649657,2026-04-08T12:00:57+00:00,0.0625
67967023811721834738685695249992484419619114809767608640505747182577663027691,1775653253,2026-04-08T13:00:53+00:00,0.0665
67967023811721834738685695249992484419619114809767608640505747182577663027691,1775660435,2026-04-08T15:00:35+00:00,0.064
67967023811721834738685695249992484419619114809767608640505747182577663027691,1775689245,2026-04-08T23:00:45+00:00,0.047
67967023811721834738685695249992484419619114809767608640505747182577663027691,1775692838,2026-04-09T00:00:38+00:00,0.0475
67967023811721834738685695249992484419619114809767608640505747182577663027691,1775696455,2026-04-09T01:00:55+00:00,0.048
67967023811721834738685695249992484419619114809767608640505747182577663027691,1775700056,2026-04-09T02:00:56+00:00,0.0495
67967023811721834738685695249992484419619114809767608640505747182577663027691,1775707255,2026-04-09T04:00:55+00:00,0.0515
67967023811721834738685695249992484419619114809767608640505747182577663027691,1775710854,2026-04-09T05:00:54+00:00,0.049
67967023811721834738685695249992484419619114809767608640505747182577663027691,1775718053,2026-04-09T07:00:53+00:00,0.0505
67967023811721834738685695249992484419619114809767608640505747182577663027691,1775721653,2026-04-09T08:00:53+00:00,0.064
67967023811721834738685695249992484419619114809767608640505747182577663027691,1775728855,2026-04-09T10:00:55+00:00,0.0665
67967023811721834738685695249992484419619114809767608640505747182577663027691,1775732455,2026-04-09T11:00:55+00:00,0.0715
67967023811721834738685695249992484419619114809767608640505747182577663027691,1775746815,2026-04-09T15:00:15+00:00,0.0645
67967023811721834738685695249992484419619114809767608640505747182577663027691,1775800842,2026-04-10T06:00:42+00:00,0.055
67967023811721834738685695249992484419619114809767608640505747182577663027691,1775808010,2026-04-10T08:00:10+00:00,0.053
67967023811721834738685695249992484419619114809767608640505747182577663027691,1775811611,2026-04-10T09:00:11+00:00,0.055
67967023811721834738685695249992484419619114809767608640505747182577663027691,1775818859,2026-04-10T11:00:59+00:00,0.052
67967023811721834738685695249992484419619114809767608640505747182577663027691,1775826015,2026-04-10T13:00:15+00:00,0.0555
67967023811721834738685695249992484419619114809767608640505747182577663027691,1775833241,2026-04-10T15:00:41+00:00,0.0545
67967023811721834738685695249992484419619114809767608640505747182577663027691,1775840435,2026-04-10T17:00:35+00:00,0.062
67967023811721834738685695249992484419619114809767608640505747182577663027691,1775851213,2026-04-10T20:00:13+00:00,0.0595
67967023811721834738685695249992484419619114809767608640505747182577663027691,1775862020,2026-04-10T23:00:20+00:00,0.0635
67967023811721834738685695249992484419619114809767608640505747182577663027691,1775887200,2026-04-11T06:00:00+00:00,0.0625
67967023811721834738685695249992484419619114809767608640505747182577663027691,1775894458,2026-04-11T08:00:58+00:00,0.0635
67967023811721834738685695249992484419619114809767608640505747182577663027691,1775901627,2026-04-11T10:00:27+00:00,0.0635
67967023811721834738685695249992484419619114809767608640505747182577663027691,1775944809,2026-04-11T22:00:09+00:00,0.0605
67967023811721834738685695249992484419619114809767608640505747182577663027691,1775952016,2026-04-12T00:00:16+00:00,0.0535
67967023811721834738685695249992484419619114809767608640505747182577663027691,1776009612,2026-04-12T16:00:12+00:00,0.054
67967023811721834738685695249992484419619114809767608640505747182577663027691,1776052854,2026-04-13T04:00:54+00:00,0.0435
67967023811721834738685695249992484419619114809767608640505747182577663027691,1776096003,2026-04-13T16:00:03+00:00,0.0455
67967023811721834738685695249992484419619114809767608640505747182577663027691,1776160859,2026-04-14T10:00:59+00:00,0.0655
67967023811721834738685695249992484419619114809767608640505747182577663027691,1776189623,2026-04-14T18:00:23+00:00,0.066
67967023811721834738685695249992484419619114809767608640505747182577663027691,1776258009,2026-04-15T13:00:09+00:00,0.068
67967023811721834738685695249992484419619114809767608640505747182577663027691,1776279608,2026-04-15T19:00:08+00:00,0.065
67967023811721834738685695249992484419619114809767608640505747182577663027691,1776286845,2026-04-15T21:00:45+00:00,0.071
67967023811721834738685695249992484419619114809767608640505747182577663027691,1776362422,2026-04-16T18:00:22+00:00,0.0785
67967023811721834738685695249992484419619114809767608640505747182577663027691,1776387650,2026-04-17T01:00:50+00:00,0.0785
67967023811721834738685695249992484419619114809767608640505747182577663027691,1776391253,2026-04-17T02:00:53+00:00,0.0785
67967023811721834738685695249992484419619114809767608640505747182577663027691,1776394858,2026-04-17T03:00:58+00:00,0.0785
67967023811721834738685695249992484419619114809767608640505747182577663027691,1776398445,2026-04-17T04:00:45+00:00,0.0785
67967023811721834738685695249992484419619114809767608640505747182577663027691,1776402047,2026-04-17T05:00:47+00:00,0.0785
67967023811721834738685695249992484419619114809767608640505747182577663027691,1776409249,2026-04-17T07:00:49+00:00,0.0785
67967023811721834738685695249992484419619114809767608640505747182577663027691,1776420054,2026-04-17T10:00:54+00:00,0.0785
67967023811721834738685695249992484419619114809767608640505747182577663027691,1776423648,2026-04-17T11:00:48+00:00,0.0785
67967023811721834738685695249992484419619114809767608640505747182577663027691,1776430855,2026-04-17T13:00:55+00:00,0.0785
67967023811721834738685695249992484419619114809767608640505747182577663027691,1776438019,2026-04-17T15:00:19+00:00,0.0785
67967023811721834738685695249992484419619114809767608640505747182577663027691,1776441657,2026-04-17T16:00:57+00:00,0.084
67967023811721834738685695249992484419619114809767608640505747182577663027691,1776445210,2026-04-17T17:00:10+00:00,0.0855
67967023811721834738685695249992484419619114809767608640505747182577663027691,1776448828,2026-04-17T18:00:28+00:00,0.087
67967023811721834738685695249992484419619114809767608640505747182577663027691,1776452400,2026-04-17T19:00:00+00:00,0.087
67967023811721834738685695249992484419619114809767608640505747182577663027691,1776456007,2026-04-17T20:00:07+00:00,0.088
67967023811721834738685695249992484419619114809767608640505747182577663027691,1776466855,2026-04-17T23:00:55+00:00,0.056
67967023811721834738685695249992484419619114809767608640505747182577663027691,1776484856,2026-04-18T04:00:56+00:00,0.051
67967023811721834738685695249992484419619114809767608640505747182577663027691,1776488459,2026-04-18T05:00:59+00:00,0.0515
67967023811721834738685695249992484419619114809767608640505747182577663027691,1776495648,2026-04-18T07:00:48+00:00,0.052
67967023811721834738685695249992484419619114809767608640505747182577663027691,1776499251,2026-04-18T08:00:51+00:00,0.0525
67967023811721834738685695249992484419619114809767608640505747182577663027691,1776502853,2026-04-18T09:00:53+00:00,0.053
67967023811721834738685695249992484419619114809767608640505747182577663027691,1776506452,2026-04-18T10:00:52+00:00,0.053
67967023811721834738685695249992484419619114809767608640505747182577663027691,1776510001,2026-04-18T11:00:01+00:00,0.0535
67967023811721834738685695249992484419619114809767608640505747182577663027691,1776524409,2026-04-18T15:00:09+00:00,0.0405
67967023811721834738685695249992484419619114809767608640505747182577663027691,1776531653,2026-04-18T17:00:53+00:00,0.0235
67967023811721834738685695249992484419619114809767608640505747182577663027691,1776549657,2026-04-18T22:00:57+00:00,0.0195
67967023811721834738685695249992484419619114809767608640505747182577663027691,1776553257,2026-04-18T23:00:57+00:00,0.02
67967023811721834738685695249992484419619114809767608640505747182577663027691,1776560452,2026-04-19T01:00:52+00:00,0.02
67967023811721834738685695249992484419619114809767608640505747182577663027691,1776564055,2026-04-19T02:00:55+00:00,0.0205
67967023811721834738685695249992484419619114809767608640505747182577663027691,1776571258,2026-04-19T04:00:58+00:00,0.02
67967023811721834738685695249992484419619114809767608640505747182577663027691,1776574849,2026-04-19T05:00:49+00:00,0.0205
67967023811721834738685695249992484419619114809767608640505747182577663027691,1776582044,2026-04-19T07:00:44+00:00,0.0205
67967023811721834738685695249992484419619114809767608640505747182577663027691,1776592859,2026-04-19T10:00:59+00:00,0.0205
67967023811721834738685695249992484419619114809767608640505747182577663027691,1776614411,2026-04-19T16:00:11+00:00,0.0185
67967023811721834738685695249992484419619114809767608640505747182577663027691,1776639658,2026-04-19T23:00:58+00:00,0.0185
67967023811721834738685695249992484419619114809767608640505747182577663027691,1776646855,2026-04-20T01:00:55+00:00,0.0185
67967023811721834738685695249992484419619114809767608640505747182577663027691,1776650458,2026-04-20T02:00:58+00:00,0.0185
67967023811721834738685695249992484419619114809767608640505747182577663027691,1776657654,2026-04-20T04:00:54+00:00,0.0185
67967023811721834738685695249992484419619114809767608640505747182577663027691,1776659859,2026-04-20T04:37:39+00:00,0.0185
5644679982684846699855787022092402984369447277920326773883608030240292167917,1773982841,2026-03-20T05:00:41+00:00,0.0055
5644679982684846699855787022092402984369447277920326773883608030240292167917,1773986452,2026-03-20T06:00:52+00:00,0.0055
5644679982684846699855787022092402984369447277920326773883608030240292167917,1773990040,2026-03-20T07:00:40+00:00,0.0055
5644679982684846699855787022092402984369447277920326773883608030240292167917,1773993639,2026-03-20T08:00:39+00:00,0.0055
5644679982684846699855787022092402984369447277920326773883608030240292167917,1773997246,2026-03-20T09:00:46+00:00,0.0055
5644679982684846699855787022092402984369447277920326773883608030240292167917,1774004437,2026-03-20T11:00:37+00:00,0.0055
5644679982684846699855787022092402984369447277920326773883608030240292167917,1774008045,2026-03-20T12:00:45+00:00,0.0055
5644679982684846699855787022092402984369447277920326773883608030240292167917,1774011641,2026-03-20T13:00:41+00:00,0.0055
5644679982684846699855787022092402984369447277920326773883608030240292167917,1774015242,2026-03-20T14:00:42+00:00,0.0055
5644679982684846699855787022092402984369447277920326773883608030240292167917,1774018845,2026-03-20T15:00:45+00:00,0.0055
5644679982684846699855787022092402984369447277920326773883608030240292167917,1774022437,2026-03-20T16:00:37+00:00,0.0055
5644679982684846699855787022092402984369447277920326773883608030240292167917,1774026038,2026-03-20T17:00:38+00:00,0.0055
5644679982684846699855787022092402984369447277920326773883608030240292167917,1774029649,2026-03-20T18:00:49+00:00,0.0055
5644679982684846699855787022092402984369447277920326773883608030240292167917,1774033239,2026-03-20T19:00:39+00:00,0.0055
5644679982684846699855787022092402984369447277920326773883608030240292167917,1774036839,2026-03-20T20:00:39+00:00,0.0055
5644679982684846699855787022092402984369447277920326773883608030240292167917,1774040457,2026-03-20T21:00:57+00:00,0.0055
5644679982684846699855787022092402984369447277920326773883608030240292167917,1774044046,2026-03-20T22:00:46+00:00,0.0055
5644679982684846699855787022092402984369447277920326773883608030240292167917,1774047644,2026-03-20T23:00:44+00:00,0.0055
5644679982684846699855787022092402984369447277920326773883608030240292167917,1774051248,2026-03-21T00:00:48+00:00,0.0055
5644679982684846699855787022092402984369447277920326773883608030240292167917,1774054846,2026-03-21T01:00:46+00:00,0.0055
5644679982684846699855787022092402984369447277920326773883608030240292167917,1774058453,2026-03-21T02:00:53+00:00,0.0055
5644679982684846699855787022092402984369447277920326773883608030240292167917,1774062039,2026-03-21T03:00:39+00:00,0.0055
5644679982684846699855787022092402984369447277920326773883608030240292167917,1774065640,2026-03-21T04:00:40+00:00,0.0055
5644679982684846699855787022092402984369447277920326773883608030240292167917,1774069238,2026-03-21T05:00:38+00:00,0.0055
5644679982684846699855787022092402984369447277920326773883608030240292167917,1774072844,2026-03-21T06:00:44+00:00,0.0055
5644679982684846699855787022092402984369447277920326773883608030240292167917,1774076443,2026-03-21T07:00:43+00:00,0.0055
5644679982684846699855787022092402984369447277920326773883608030240292167917,1774080037,2026-03-21T08:00:37+00:00,0.0055
5644679982684846699855787022092402984369447277920326773883608030240292167917,1774083638,2026-03-21T09:00:38+00:00,0.0055
5644679982684846699855787022092402984369447277920326773883608030240292167917,1774087235,2026-03-21T10:00:35+00:00,0.0055
5644679982684846699855787022092402984369447277920326773883608030240292167917,1774090842,2026-03-21T11:00:42+00:00,0.0055
5644679982684846699855787022092402984369447277920326773883608030240292167917,1774094441,2026-03-21T12:00:41+00:00,0.0055
5644679982684846699855787022092402984369447277920326773883608030240292167917,1774098042,2026-03-21T13:00:42+00:00,0.0055
5644679982684846699855787022092402984369447277920326773883608030240292167917,1774101647,2026-03-21T14:00:47+00:00,0.0055
5644679982684846699855787022092402984369447277920326773883608030240292167917,1774105252,2026-03-21T15:00:52+00:00,0.0055
5644679982684846699855787022092402984369447277920326773883608030240292167917,1774108858,2026-03-21T16:00:58+00:00,0.0055
5644679982684846699855787022092402984369447277920326773883608030240292167917,1774116045,2026-03-21T18:00:45+00:00,0.0055
5644679982684846699855787022092402984369447277920326773883608030240292167917,1774119640,2026-03-21T19:00:40+00:00,0.0055
5644679982684846699855787022092402984369447277920326773883608030240292167917,1774123239,2026-03-21T20:00:39+00:00,0.0055
5644679982684846699855787022092402984369447277920326773883608030240292167917,1774126842,2026-03-21T21:00:42+00:00,0.0055
5644679982684846699855787022092402984369447277920326773883608030240292167917,1774130441,2026-03-21T22:00:41+00:00,0.0055
5644679982684846699855787022092402984369447277920326773883608030240292167917,1774134039,2026-03-21T23:00:39+00:00,0.0055
5644679982684846699855787022092402984369447277920326773883608030240292167917,1774137645,2026-03-22T00:00:45+00:00,0.0055
5644679982684846699855787022092402984369447277920326773883608030240292167917,1774141237,2026-03-22T01:00:37+00:00,0.0055
5644679982684846699855787022092402984369447277920326773883608030240292167917,1774144833,2026-03-22T02:00:33+00:00,0.0055
5644679982684846699855787022092402984369447277920326773883608030240292167917,1774148435,2026-03-22T03:00:35+00:00,0.0055
5644679982684846699855787022092402984369447277920326773883608030240292167917,1774152032,2026-03-22T04:00:32+00:00,0.0055
5644679982684846699855787022092402984369447277920326773883608030240292167917,1774155638,2026-03-22T05:00:38+00:00,0.0055
5644679982684846699855787022092402984369447277920326773883608030240292167917,1774159236,2026-03-22T06:00:36+00:00,0.0055
5644679982684846699855787022092402984369447277920326773883608030240292167917,1774162830,2026-03-22T07:00:30+00:00,0.0055
5644679982684846699855787022092402984369447277920326773883608030240292167917,1774166433,2026-03-22T08:00:33+00:00,0.0055
5644679982684846699855787022092402984369447277920326773883608030240292167917,1774170034,2026-03-22T09:00:34+00:00,0.0055
5644679982684846699855787022092402984369447277920326773883608030240292167917,1774173632,2026-03-22T10:00:32+00:00,0.0055
5644679982684846699855787022092402984369447277920326773883608030240292167917,1774177230,2026-03-22T11:00:30+00:00,0.0055
5644679982684846699855787022092402984369447277920326773883608030240292167917,1774180852,2026-03-22T12:00:52+00:00,0.0055
5644679982684846699855787022092402984369447277920326773883608030240292167917,1774184447,2026-03-22T13:00:47+00:00,0.0065
5644679982684846699855787022092402984369447277920326773883608030240292167917,1774188033,2026-03-22T14:00:33+00:00,0.0065
5644679982684846699855787022092402984369447277920326773883608030240292167917,1774191634,2026-03-22T15:00:34+00:00,0.0065
5644679982684846699855787022092402984369447277920326773883608030240292167917,1774195235,2026-03-22T16:00:35+00:00,0.0065
5644679982684846699855787022092402984369447277920326773883608030240292167917,1774202437,2026-03-22T18:00:37+00:00,0.0065
5644679982684846699855787022092402984369447277920326773883608030240292167917,1774206034,2026-03-22T19:00:34+00:00,0.0065
5644679982684846699855787022092402984369447277920326773883608030240292167917,1774209633,2026-03-22T20:00:33+00:00,0.0065
5644679982684846699855787022092402984369447277920326773883608030240292167917,1774213236,2026-03-22T21:00:36+00:00,0.0065
5644679982684846699855787022092402984369447277920326773883608030240292167917,1774216834,2026-03-22T22:00:34+00:00,0.0065
5644679982684846699855787022092402984369447277920326773883608030240292167917,1774220436,2026-03-22T23:00:36+00:00,0.0065
5644679982684846699855787022092402984369447277920326773883608030240292167917,1774224039,2026-03-23T00:00:39+00:00,0.0065
5644679982684846699855787022092402984369447277920326773883608030240292167917,1774227632,2026-03-23T01:00:32+00:00,0.0065
5644679982684846699855787022092402984369447277920326773883608030240292167917,1774231234,2026-03-23T02:00:34+00:00,0.0065
5644679982684846699855787022092402984369447277920326773883608030240292167917,1774234839,2026-03-23T03:00:39+00:00,0.0055
5644679982684846699855787022092402984369447277920326773883608030240292167917,1774238429,2026-03-23T04:00:29+00:00,0.0055
5644679982684846699855787022092402984369447277920326773883608030240292167917,1774242038,2026-03-23T05:00:38+00:00,0.0055
5644679982684846699855787022092402984369447277920326773883608030240292167917,1774245640,2026-03-23T06:00:40+00:00,0.0055
5644679982684846699855787022092402984369447277920326773883608030240292167917,1774249235,2026-03-23T07:00:35+00:00,0.0055
5644679982684846699855787022092402984369447277920326773883608030240292167917,1774252839,2026-03-23T08:00:39+00:00,0.0055
5644679982684846699855787022092402984369447277920326773883608030240292167917,1774256448,2026-03-23T09:00:48+00:00,0.0055
5644679982684846699855787022092402984369447277920326773883608030240292167917,1774260033,2026-03-23T10:00:33+00:00,0.0055
5644679982684846699855787022092402984369447277920326773883608030240292167917,1774263630,2026-03-23T11:00:30+00:00,0.0055
5644679982684846699855787022092402984369447277920326773883608030240292167917,1774267237,2026-03-23T12:00:37+00:00,0.0055
5644679982684846699855787022092402984369447277920326773883608030240292167917,1774270839,2026-03-23T13:00:39+00:00,0.0055
5644679982684846699855787022092402984369447277920326773883608030240292167917,1774274433,2026-03-23T14:00:33+00:00,0.0055
5644679982684846699855787022092402984369447277920326773883608030240292167917,1774278032,2026-03-23T15:00:32+00:00,0.0055
5644679982684846699855787022092402984369447277920326773883608030240292167917,1774281632,2026-03-23T16:00:32+00:00,0.0055
5644679982684846699855787022092402984369447277920326773883608030240292167917,1774285251,2026-03-23T17:00:51+00:00,0.0055
5644679982684846699855787022092402984369447277920326773883608030240292167917,1774288833,2026-03-23T18:00:33+00:00,0.0055
5644679982684846699855787022092402984369447277920326773883608030240292167917,1774292449,2026-03-23T19:00:49+00:00,0.0055
5644679982684846699855787022092402984369447277920326773883608030240292167917,1774296035,2026-03-23T20:00:35+00:00,0.0055
5644679982684846699855787022092402984369447277920326773883608030240292167917,1774299638,2026-03-23T21:00:38+00:00,0.0055
5644679982684846699855787022092402984369447277920326773883608030240292167917,1774303233,2026-03-23T22:00:33+00:00,0.0055
5644679982684846699855787022092402984369447277920326773883608030240292167917,1774306833,2026-03-23T23:00:33+00:00,0.0055
5644679982684846699855787022092402984369447277920326773883608030240292167917,1774310435,2026-03-24T00:00:35+00:00,0.0055
5644679982684846699855787022092402984369447277920326773883608030240292167917,1774314028,2026-03-24T01:00:28+00:00,0.0055
5644679982684846699855787022092402984369447277920326773883608030240292167917,1774317631,2026-03-24T02:00:31+00:00,0.0055
5644679982684846699855787022092402984369447277920326773883608030240292167917,1774321232,2026-03-24T03:00:32+00:00,0.0055
5644679982684846699855787022092402984369447277920326773883608030240292167917,1774324833,2026-03-24T04:00:33+00:00,0.0055
5644679982684846699855787022092402984369447277920326773883608030240292167917,1774328433,2026-03-24T05:00:33+00:00,0.0055
5644679982684846699855787022092402984369447277920326773883608030240292167917,1774332041,2026-03-24T06:00:41+00:00,0.0055
5644679982684846699855787022092402984369447277920326773883608030240292167917,1774335629,2026-03-24T07:00:29+00:00,0.0055
5644679982684846699855787022092402984369447277920326773883608030240292167917,1774339229,2026-03-24T08:00:29+00:00,0.0055
5644679982684846699855787022092402984369447277920326773883608030240292167917,1774342835,2026-03-24T09:00:35+00:00,0.0055
5644679982684846699855787022092402984369447277920326773883608030240292167917,1774346429,2026-03-24T10:00:29+00:00,0.0055
5644679982684846699855787022092402984369447277920326773883608030240292167917,1774350055,2026-03-24T11:00:55+00:00,0.0055
5644679982684846699855787022092402984369447277920326773883608030240292167917,1774353641,2026-03-24T12:00:41+00:00,0.0055
5644679982684846699855787022092402984369447277920326773883608030240292167917,1774357246,2026-03-24T13:00:46+00:00,0.0055
5644679982684846699855787022092402984369447277920326773883608030240292167917,1774360835,2026-03-24T14:00:35+00:00,0.0055
5644679982684846699855787022092402984369447277920326773883608030240292167917,1774364441,2026-03-24T15:00:41+00:00,0.0055
5644679982684846699855787022092402984369447277920326773883608030240292167917,1774368034,2026-03-24T16:00:34+00:00,0.0055
5644679982684846699855787022092402984369447277920326773883608030240292167917,1774371635,2026-03-24T17:00:35+00:00,0.0055
5644679982684846699855787022092402984369447277920326773883608030240292167917,1774375245,2026-03-24T18:00:45+00:00,0.0055
5644679982684846699855787022092402984369447277920326773883608030240292167917,1774378835,2026-03-24T19:00:35+00:00,0.0055
5644679982684846699855787022092402984369447277920326773883608030240292167917,1774382438,2026-03-24T20:00:38+00:00,0.0055
5644679982684846699855787022092402984369447277920326773883608030240292167917,1774386054,2026-03-24T21:00:54+00:00,0.0055
5644679982684846699855787022092402984369447277920326773883608030240292167917,1774389633,2026-03-24T22:00:33+00:00,0.0055
5644679982684846699855787022092402984369447277920326773883608030240292167917,1774393237,2026-03-24T23:00:37+00:00,0.0055
5644679982684846699855787022092402984369447277920326773883608030240292167917,1774396846,2026-03-25T00:00:46+00:00,0.0055
5644679982684846699855787022092402984369447277920326773883608030240292167917,1774400435,2026-03-25T01:00:35+00:00,0.0055
5644679982684846699855787022092402984369447277920326773883608030240292167917,1774404036,2026-03-25T02:00:36+00:00,0.0055
5644679982684846699855787022092402984369447277920326773883608030240292167917,1774407639,2026-03-25T03:00:39+00:00,0.0055
5644679982684846699855787022092402984369447277920326773883608030240292167917,1774411238,2026-03-25T04:00:38+00:00,0.0055
5644679982684846699855787022092402984369447277920326773883608030240292167917,1774414838,2026-03-25T05:00:38+00:00,0.0055
5644679982684846699855787022092402984369447277920326773883608030240292167917,1774418444,2026-03-25T06:00:44+00:00,0.0055
5644679982684846699855787022092402984369447277920326773883608030240292167917,1774422035,2026-03-25T07:00:35+00:00,0.0055
5644679982684846699855787022092402984369447277920326773883608030240292167917,1774425634,2026-03-25T08:00:34+00:00,0.0055
5644679982684846699855787022092402984369447277920326773883608030240292167917,1774429243,2026-03-25T09:00:43+00:00,0.0055
5644679982684846699855787022092402984369447277920326773883608030240292167917,1774432839,2026-03-25T10:00:39+00:00,0.0045
5644679982684846699855787022092402984369447277920326773883608030240292167917,1774436441,2026-03-25T11:00:41+00:00,0.0045
5644679982684846699855787022092402984369447277920326773883608030240292167917,1774440049,2026-03-25T12:00:49+00:00,0.0045
5644679982684846699855787022092402984369447277920326773883608030240292167917,1774443640,2026-03-25T13:00:40+00:00,0.0045
5644679982684846699855787022092402984369447277920326773883608030240292167917,1774447249,2026-03-25T14:00:49+00:00,0.0045
5644679982684846699855787022092402984369447277920326773883608030240292167917,1774450846,2026-03-25T15:00:46+00:00,0.0045
5644679982684846699855787022092402984369447277920326773883608030240292167917,1774454439,2026-03-25T16:00:39+00:00,0.0045
5644679982684846699855787022092402984369447277920326773883608030240292167917,1774458037,2026-03-25T17:00:37+00:00,0.0045
5644679982684846699855787022092402984369447277920326773883608030240292167917,1774461646,2026-03-25T18:00:46+00:00,0.0045
5644679982684846699855787022092402984369447277920326773883608030240292167917,1774465239,2026-03-25T19:00:39+00:00,0.005
5644679982684846699855787022092402984369447277920326773883608030240292167917,1774468839,2026-03-25T20:00:39+00:00,0.005
5644679982684846699855787022092402984369447277920326773883608030240292167917,1774472442,2026-03-25T21:00:42+00:00,0.005
5644679982684846699855787022092402984369447277920326773883608030240292167917,1774476036,2026-03-25T22:00:36+00:00,0.005
5644679982684846699855787022092402984369447277920326773883608030240292167917,1774479637,2026-03-25T23:00:37+00:00,0.005
5644679982684846699855787022092402984369447277920326773883608030240292167917,1774483250,2026-03-26T00:00:50+00:00,0.005
5644679982684846699855787022092402984369447277920326773883608030240292167917,1774486840,2026-03-26T01:00:40+00:00,0.005
5644679982684846699855787022092402984369447277920326773883608030240292167917,1774490438,2026-03-26T02:00:38+00:00,0.0055
5644679982684846699855787022092402984369447277920326773883608030240292167917,1774494046,2026-03-26T03:00:46+00:00,0.005
5644679982684846699855787022092402984369447277920326773883608030240292167917,1774497640,2026-03-26T04:00:40+00:00,0.0055
5644679982684846699855787022092402984369447277920326773883608030240292167917,1774501236,2026-03-26T05:00:36+00:00,0.006
5644679982684846699855787022092402984369447277920326773883608030240292167917,1774504849,2026-03-26T06:00:49+00:00,0.0055
5644679982684846699855787022092402984369447277920326773883608030240292167917,1774508450,2026-03-26T07:00:50+00:00,0.0055
5644679982684846699855787022092402984369447277920326773883608030240292167917,1774512043,2026-03-26T08:00:43+00:00,0.0055
5644679982684846699855787022092402984369447277920326773883608030240292167917,1774515641,2026-03-26T09:00:41+00:00,0.0055
5644679982684846699855787022092402984369447277920326773883608030240292167917,1774519244,2026-03-26T10:00:44+00:00,0.0055
5644679982684846699855787022092402984369447277920326773883608030240292167917,1774522834,2026-03-26T11:00:34+00:00,0.0055
5644679982684846699855787022092402984369447277920326773883608030240292167917,1774530052,2026-03-26T13:00:52+00:00,0.0055
5644679982684846699855787022092402984369447277920326773883608030240292167917,1774533640,2026-03-26T14:00:40+00:00,0.0055
5644679982684846699855787022092402984369447277920326773883608030240292167917,1774537246,2026-03-26T15:00:46+00:00,0.0055
5644679982684846699855787022092402984369447277920326773883608030240292167917,1774540845,2026-03-26T16:00:45+00:00,0.0055
5644679982684846699855787022092402984369447277920326773883608030240292167917,1774548046,2026-03-26T18:00:46+00:00,0.0055
5644679982684846699855787022092402984369447277920326773883608030240292167917,1774551633,2026-03-26T19:00:33+00:00,0.006
5644679982684846699855787022092402984369447277920326773883608030240292167917,1774555233,2026-03-26T20:00:33+00:00,0.006
5644679982684846699855787022092402984369447277920326773883608030240292167917,1774558836,2026-03-26T21:00:36+00:00,0.006
5644679982684846699855787022092402984369447277920326773883608030240292167917,1774562433,2026-03-26T22:00:33+00:00,0.006
5644679982684846699855787022092402984369447277920326773883608030240292167917,1774566030,2026-03-26T23:00:30+00:00,0.0055
5644679982684846699855787022092402984369447277920326773883608030240292167917,1774569642,2026-03-27T00:00:42+00:00,0.0085
5644679982684846699855787022092402984369447277920326773883608030240292167917,1774573234,2026-03-27T01:00:34+00:00,0.0085
5644679982684846699855787022092402984369447277920326773883608030240292167917,1774576837,2026-03-27T02:00:37+00:00,0.0085
5644679982684846699855787022092402984369447277920326773883608030240292167917,1774580440,2026-03-27T03:00:40+00:00,0.009
5644679982684846699855787022092402984369447277920326773883608030240292167917,1774584032,2026-03-27T04:00:32+00:00,0.0085
5644679982684846699855787022092402984369447277920326773883608030240292167917,1774587634,2026-03-27T05:00:34+00:00,0.0085
5644679982684846699855787022092402984369447277920326773883608030240292167917,1774591238,2026-03-27T06:00:38+00:00,0.007
5644679982684846699855787022092402984369447277920326773883608030240292167917,1774594833,2026-03-27T07:00:33+00:00,0.007
5644679982684846699855787022092402984369447277920326773883608030240292167917,1774598429,2026-03-27T08:00:29+00:00,0.0065
5644679982684846699855787022092402984369447277920326773883608030240292167917,1774602036,2026-03-27T09:00:36+00:00,0.0065
5644679982684846699855787022092402984369447277920326773883608030240292167917,1774605629,2026-03-27T10:00:29+00:00,0.0065
5644679982684846699855787022092402984369447277920326773883608030240292167917,1774609234,2026-03-27T11:00:34+00:00,0.0065
5644679982684846699855787022092402984369447277920326773883608030240292167917,1774612840,2026-03-27T12:00:40+00:00,0.0065
5644679982684846699855787022092402984369447277920326773883608030240292167917,1774616438,2026-03-27T13:00:38+00:00,0.0065
5644679982684846699855787022092402984369447277920326773883608030240292167917,1774620035,2026-03-27T14:00:35+00:00,0.0065
5644679982684846699855787022092402984369447277920326773883608030240292167917,1774623636,2026-03-27T15:00:36+00:00,0.0065
5644679982684846699855787022092402984369447277920326773883608030240292167917,1774627235,2026-03-27T16:00:35+00:00,0.0065
5644679982684846699855787022092402984369447277920326773883608030240292167917,1774630844,2026-03-27T17:00:44+00:00,0.0065
5644679982684846699855787022092402984369447277920326773883608030240292167917,1774634443,2026-03-27T18:00:43+00:00,0.0065
5644679982684846699855787022092402984369447277920326773883608030240292167917,1774638036,2026-03-27T19:00:36+00:00,0.0065
5644679982684846699855787022092402984369447277920326773883608030240292167917,1774641643,2026-03-27T20:00:43+00:00,0.0065
5644679982684846699855787022092402984369447277920326773883608030240292167917,1774645243,2026-03-27T21:00:43+00:00,0.0065
5644679982684846699855787022092402984369447277920326773883608030240292167917,1774648835,2026-03-27T22:00:35+00:00,0.0065
5644679982684846699855787022092402984369447277920326773883608030240292167917,1774652449,2026-03-27T23:00:49+00:00,0.0065
5644679982684846699855787022092402984369447277920326773883608030240292167917,1774656044,2026-03-28T00:00:44+00:00,0.0065
5644679982684846699855787022092402984369447277920326773883608030240292167917,1774659637,2026-03-28T01:00:37+00:00,0.0065
5644679982684846699855787022092402984369447277920326773883608030240292167917,1774663236,2026-03-28T02:00:36+00:00,0.0065
5644679982684846699855787022092402984369447277920326773883608030240292167917,1774666839,2026-03-28T03:00:39+00:00,0.0065
5644679982684846699855787022092402984369447277920326773883608030240292167917,1774670436,2026-03-28T04:00:36+00:00,0.0065
5644679982684846699855787022092402984369447277920326773883608030240292167917,1774674033,2026-03-28T05:00:33+00:00,0.0065
5644679982684846699855787022092402984369447277920326773883608030240292167917,1774677643,2026-03-28T06:00:43+00:00,0.0065
5644679982684846699855787022092402984369447277920326773883608030240292167917,1774681234,2026-03-28T07:00:34+00:00,0.0065
5644679982684846699855787022092402984369447277920326773883608030240292167917,1774684838,2026-03-28T08:00:38+00:00,0.0065
5644679982684846699855787022092402984369447277920326773883608030240292167917,1774688442,2026-03-28T09:00:42+00:00,0.0065
5644679982684846699855787022092402984369447277920326773883608030240292167917,1774692040,2026-03-28T10:00:40+00:00,0.0065
5644679982684846699855787022092402984369447277920326773883608030240292167917,1774695646,2026-03-28T11:00:46+00:00,0.0065
5644679982684846699855787022092402984369447277920326773883608030240292167917,1774699244,2026-03-28T12:00:44+00:00,0.008
5644679982684846699855787022092402984369447277920326773883608030240292167917,1774702845,2026-03-28T13:00:45+00:00,0.0065
5644679982684846699855787022092402984369447277920326773883608030240292167917,1774706445,2026-03-28T14:00:45+00:00,0.0085
5644679982684846699855787022092402984369447277920326773883608030240292167917,1774710048,2026-03-28T15:00:48+00:00,0.0085
5644679982684846699855787022092402984369447277920326773883608030240292167917,1774713638,2026-03-28T16:00:38+00:00,0.0085
5644679982684846699855787022092402984369447277920326773883608030240292167917,1774717250,2026-03-28T17:00:50+00:00,0.0065
5644679982684846699855787022092402984369447277920326773883608030240292167917,1774720850,2026-03-28T18:00:50+00:00,0.0065
5644679982684846699855787022092402984369447277920326773883608030240292167917,1774724440,2026-03-28T19:00:40+00:00,0.0065
5644679982684846699855787022092402984369447277920326773883608030240292167917,1774728037,2026-03-28T20:00:37+00:00,0.0065
5644679982684846699855787022092402984369447277920326773883608030240292167917,1774731644,2026-03-28T21:00:44+00:00,0.0065
5644679982684846699855787022092402984369447277920326773883608030240292167917,1774735240,2026-03-28T22:00:40+00:00,0.0065
5644679982684846699855787022092402984369447277920326773883608030240292167917,1774738841,2026-03-28T23:00:41+00:00,0.0065
5644679982684846699855787022092402984369447277920326773883608030240292167917,1774742449,2026-03-29T00:00:49+00:00,0.0065
5644679982684846699855787022092402984369447277920326773883608030240292167917,1774746047,2026-03-29T01:00:47+00:00,0.0065
5644679982684846699855787022092402984369447277920326773883608030240292167917,1774749644,2026-03-29T02:00:44+00:00,0.0065
5644679982684846699855787022092402984369447277920326773883608030240292167917,1774753243,2026-03-29T03:00:43+00:00,0.0065
5644679982684846699855787022092402984369447277920326773883608030240292167917,1774756840,2026-03-29T04:00:40+00:00,0.007
5644679982684846699855787022092402984369447277920326773883608030240292167917,1774760445,2026-03-29T05:00:45+00:00,0.0075
5644679982684846699855787022092402984369447277920326773883608030240292167917,1774764053,2026-03-29T06:00:53+00:00,0.007
5644679982684846699855787022092402984369447277920326773883608030240292167917,1774767642,2026-03-29T07:00:42+00:00,0.009
5644679982684846699855787022092402984369447277920326773883608030240292167917,1774771244,2026-03-29T08:00:44+00:00,0.009
5644679982684846699855787022092402984369447277920326773883608030240292167917,1774774850,2026-03-29T09:00:50+00:00,0.0085
5644679982684846699855787022092402984369447277920326773883608030240292167917,1774778444,2026-03-29T10:00:44+00:00,0.009
5644679982684846699855787022092402984369447277920326773883608030240292167917,1774782043,2026-03-29T11:00:43+00:00,0.009
5644679982684846699855787022092402984369447277920326773883608030240292167917,1774785659,2026-03-29T12:00:59+00:00,0.008
5644679982684846699855787022092402984369447277920326773883608030240292167917,1774789245,2026-03-29T13:00:45+00:00,0.007
5644679982684846699855787022092402984369447277920326773883608030240292167917,1774792845,2026-03-29T14:00:45+00:00,0.0065
5644679982684846699855787022092402984369447277920326773883608030240292167917,1774796449,2026-03-29T15:00:49+00:00,0.0065
5644679982684846699855787022092402984369447277920326773883608030240292167917,1774800044,2026-03-29T16:00:44+00:00,0.0065
5644679982684846699855787022092402984369447277920326773883608030240292167917,1774803650,2026-03-29T17:00:50+00:00,0.0065
5644679982684846699855787022092402984369447277920326773883608030240292167917,1774807255,2026-03-29T18:00:55+00:00,0.0065
5644679982684846699855787022092402984369447277920326773883608030240292167917,1774810842,2026-03-29T19:00:42+00:00,0.0065
5644679982684846699855787022092402984369447277920326773883608030240292167917,1774814443,2026-03-29T20:00:43+00:00,0.0065
5644679982684846699855787022092402984369447277920326773883608030240292167917,1774818051,2026-03-29T21:00:51+00:00,0.0065
5644679982684846699855787022092402984369447277920326773883608030240292167917,1774832444,2026-03-30T01:00:44+00:00,0.008
5644679982684846699855787022092402984369447277920326773883608030240292167917,1774836046,2026-03-30T02:00:46+00:00,0.008
5644679982684846699855787022092402984369447277920326773883608030240292167917,1774839654,2026-03-30T03:00:54+00:00,0.0075
5644679982684846699855787022092402984369447277920326773883608030240292167917,1774843256,2026-03-30T04:00:56+00:00,0.0075
5644679982684846699855787022092402984369447277920326773883608030240292167917,1774846859,2026-03-30T05:00:59+00:00,0.0075
5644679982684846699855787022092402984369447277920326773883608030240292167917,1774850449,2026-03-30T06:00:49+00:00,0.0075
5644679982684846699855787022092402984369447277920326773883608030240292167917,1774857645,2026-03-30T08:00:45+00:00,0.0075
5644679982684846699855787022092402984369447277920326773883608030240292167917,1774861252,2026-03-30T09:00:52+00:00,0.0075
5644679982684846699855787022092402984369447277920326773883608030240292167917,1774864843,2026-03-30T10:00:43+00:00,0.0075
5644679982684846699855787022092402984369447277920326773883608030240292167917,1774868445,2026-03-30T11:00:45+00:00,0.0075
5644679982684846699855787022092402984369447277920326773883608030240292167917,1774872056,2026-03-30T12:00:56+00:00,0.0075
5644679982684846699855787022092402984369447277920326773883608030240292167917,1774879259,2026-03-30T14:00:59+00:00,0.0085
5644679982684846699855787022092402984369447277920326773883608030240292167917,1774882854,2026-03-30T15:00:54+00:00,0.0085
5644679982684846699855787022092402984369447277920326773883608030240292167917,1774886448,2026-03-30T16:00:48+00:00,0.0085
5644679982684846699855787022092402984369447277920326773883608030240292167917,1774893658,2026-03-30T18:00:58+00:00,0.0085
5644679982684846699855787022092402984369447277920326773883608030240292167917,1774897257,2026-03-30T19:00:57+00:00,0.009
5644679982684846699855787022092402984369447277920326773883608030240292167917,1774904452,2026-03-30T21:00:52+00:00,0.0075
5644679982684846699855787022092402984369447277920326773883608030240292167917,1774908045,2026-03-30T22:00:45+00:00,0.0075
5644679982684846699855787022092402984369447277920326773883608030240292167917,1774911646,2026-03-30T23:00:46+00:00,0.0075
5644679982684846699855787022092402984369447277920326773883608030240292167917,1774915258,2026-03-31T00:00:58+00:00,0.0075
5644679982684846699855787022092402984369447277920326773883608030240292167917,1774918849,2026-03-31T01:00:49+00:00,0.009
5644679982684846699855787022092402984369447277920326773883608030240292167917,1774929644,2026-03-31T04:00:44+00:00,0.0085
5644679982684846699855787022092402984369447277920326773883608030240292167917,1774933246,2026-03-31T05:00:46+00:00,0.0085
5644679982684846699855787022092402984369447277920326773883608030240292167917,1774936855,2026-03-31T06:00:55+00:00,0.009
5644679982684846699855787022092402984369447277920326773883608030240292167917,1774940455,2026-03-31T07:00:55+00:00,0.0085
5644679982684846699855787022092402984369447277920326773883608030240292167917,1774944045,2026-03-31T08:00:45+00:00,0.0085
5644679982684846699855787022092402984369447277920326773883608030240292167917,1774947659,2026-03-31T09:00:59+00:00,0.0105
5644679982684846699855787022092402984369447277920326773883608030240292167917,1774951249,2026-03-31T10:00:49+00:00,0.0095
5644679982684846699855787022092402984369447277920326773883608030240292167917,1774954853,2026-03-31T11:00:53+00:00,0.0095
5644679982684846699855787022092402984369447277920326773883608030240292167917,1774962051,2026-03-31T13:00:51+00:00,0.0065
5644679982684846699855787022092402984369447277920326773883608030240292167917,1774965656,2026-03-31T14:00:56+00:00,0.0085
5644679982684846699855787022092402984369447277920326773883608030240292167917,1774969232,2026-03-31T15:00:32+00:00,0.0075
5644679982684846699855787022092402984369447277920326773883608030240292167917,1774972857,2026-03-31T16:00:57+00:00,0.0075
5644679982684846699855787022092402984369447277920326773883608030240292167917,1774976416,2026-03-31T17:00:16+00:00,0.0075
5644679982684846699855787022092402984369447277920326773883608030240292167917,1774980047,2026-03-31T18:00:47+00:00,0.0075
5644679982684846699855787022092402984369447277920326773883608030240292167917,1774990856,2026-03-31T21:00:56+00:00,0.0075
5644679982684846699855787022092402984369447277920326773883608030240292167917,1774994454,2026-03-31T22:00:54+00:00,0.0075
5644679982684846699855787022092402984369447277920326773883608030240292167917,1774998051,2026-03-31T23:00:51+00:00,0.0075
5644679982684846699855787022092402984369447277920326773883608030240292167917,1775005243,2026-04-01T01:00:43+00:00,0.0075
5644679982684846699855787022092402984369447277920326773883608030240292167917,1775008845,2026-04-01T02:00:45+00:00,0.0075
5644679982684846699855787022092402984369447277920326773883608030240292167917,1775012450,2026-04-01T03:00:50+00:00,0.0075
5644679982684846699855787022092402984369447277920326773883608030240292167917,1775016058,2026-04-01T04:00:58+00:00,0.009
5644679982684846699855787022092402984369447277920326773883608030240292167917,1775019642,2026-04-01T05:00:42+00:00,0.009
5644679982684846699855787022092402984369447277920326773883608030240292167917,1775023245,2026-04-01T06:00:45+00:00,0.0085
5644679982684846699855787022092402984369447277920326773883608030240292167917,1775026845,2026-04-01T07:00:45+00:00,0.009
5644679982684846699855787022092402984369447277920326773883608030240292167917,1775030450,2026-04-01T08:00:50+00:00,0.0085
5644679982684846699855787022092402984369447277920326773883608030240292167917,1775034049,2026-04-01T09:00:49+00:00,0.0085
5644679982684846699855787022092402984369447277920326773883608030240292167917,1775037641,2026-04-01T10:00:41+00:00,0.0085
5644679982684846699855787022092402984369447277920326773883608030240292167917,1775041242,2026-04-01T11:00:42+00:00,0.0085
5644679982684846699855787022092402984369447277920326773883608030240292167917,1775048442,2026-04-01T13:00:42+00:00,0.008
5644679982684846699855787022092402984369447277920326773883608030240292167917,1775052048,2026-04-01T14:00:48+00:00,0.0085
5644679982684846699855787022092402984369447277920326773883608030240292167917,1775055650,2026-04-01T15:00:50+00:00,0.0075
5644679982684846699855787022092402984369447277920326773883608030240292167917,1775059251,2026-04-01T16:00:51+00:00,0.008
5644679982684846699855787022092402984369447277920326773883608030240292167917,1775066449,2026-04-01T18:00:49+00:00,0.0085
5644679982684846699855787022092402984369447277920326773883608030240292167917,1775070055,2026-04-01T19:00:55+00:00,0.0085
5644679982684846699855787022092402984369447277920326773883608030240292167917,1775073656,2026-04-01T20:00:56+00:00,0.0085
5644679982684846699855787022092402984369447277920326773883608030240292167917,1775077205,2026-04-01T21:00:05+00:00,0.0085
5644679982684846699855787022092402984369447277920326773883608030240292167917,1775080846,2026-04-01T22:00:46+00:00,0.0085
5644679982684846699855787022092402984369447277920326773883608030240292167917,1775084457,2026-04-01T23:00:57+00:00,0.0085
5644679982684846699855787022092402984369447277920326773883608030240292167917,1775088058,2026-04-02T00:00:58+00:00,0.0085
5644679982684846699855787022092402984369447277920326773883608030240292167917,1775091656,2026-04-02T01:00:56+00:00,0.0095
5644679982684846699855787022092402984369447277920326773883608030240292167917,1775095245,2026-04-02T02:00:45+00:00,0.01
5644679982684846699855787022092402984369447277920326773883608030240292167917,1775102447,2026-04-02T04:00:47+00:00,0.0095
5644679982684846699855787022092402984369447277920326773883608030240292167917,1775106046,2026-04-02T05:00:46+00:00,0.0095
5644679982684846699855787022092402984369447277920326773883608030240292167917,1775109659,2026-04-02T06:00:59+00:00,0.0095
5644679982684846699855787022092402984369447277920326773883608030240292167917,1775113243,2026-04-02T07:00:43+00:00,0.0095
5644679982684846699855787022092402984369447277920326773883608030240292167917,1775116843,2026-04-02T08:00:43+00:00,0.0095
5644679982684846699855787022092402984369447277920326773883608030240292167917,1775120445,2026-04-02T09:00:45+00:00,0.0095
5644679982684846699855787022092402984369447277920326773883608030240292167917,1775124043,2026-04-02T10:00:43+00:00,0.0095
5644679982684846699855787022092402984369447277920326773883608030240292167917,1775127647,2026-04-02T11:00:47+00:00,0.0095
5644679982684846699855787022092402984369447277920326773883608030240292167917,1775131254,2026-04-02T12:00:54+00:00,0.0095
5644679982684846699855787022092402984369447277920326773883608030240292167917,1775149215,2026-04-02T17:00:15+00:00,0.0105
5644679982684846699855787022092402984369447277920326773883608030240292167917,1775152847,2026-04-02T18:00:47+00:00,0.0105
5644679982684846699855787022092402984369447277920326773883608030240292167917,1775156444,2026-04-02T19:00:44+00:00,0.0105
5644679982684846699855787022092402984369447277920326773883608030240292167917,1775160046,2026-04-02T20:00:46+00:00,0.0105
5644679982684846699855787022092402984369447277920326773883608030240292167917,1775167248,2026-04-02T22:00:48+00:00,0.01
5644679982684846699855787022092402984369447277920326773883608030240292167917,1775170845,2026-04-02T23:00:45+00:00,0.01
5644679982684846699855787022092402984369447277920326773883608030240292167917,1775178045,2026-04-03T01:00:45+00:00,0.01
5644679982684846699855787022092402984369447277920326773883608030240292167917,1775181648,2026-04-03T02:00:48+00:00,0.0095
5644679982684846699855787022092402984369447277920326773883608030240292167917,1775188845,2026-04-03T04:00:45+00:00,0.0085
5644679982684846699855787022092402984369447277920326773883608030240292167917,1775192457,2026-04-03T05:00:57+00:00,0.0085
5644679982684846699855787022092402984369447277920326773883608030240292167917,1775199646,2026-04-03T07:00:46+00:00,0.0085
5644679982684846699855787022092402984369447277920326773883608030240292167917,1775203246,2026-04-03T08:00:46+00:00,0.0085
5644679982684846699855787022092402984369447277920326773883608030240292167917,1775206851,2026-04-03T09:00:51+00:00,0.0085
5644679982684846699855787022092402984369447277920326773883608030240292167917,1775210446,2026-04-03T10:00:46+00:00,0.0085
5644679982684846699855787022092402984369447277920326773883608030240292167917,1775214045,2026-04-03T11:00:45+00:00,0.0075
5644679982684846699855787022092402984369447277920326773883608030240292167917,1775217658,2026-04-03T12:00:58+00:00,0.0075
5644679982684846699855787022092402984369447277920326773883608030240292167917,1775221256,2026-04-03T13:00:56+00:00,0.0075
5644679982684846699855787022092402984369447277920326773883608030240292167917,1775224851,2026-04-03T14:00:51+00:00,0.0075
5644679982684846699855787022092402984369447277920326773883608030240292167917,1775228457,2026-04-03T15:00:57+00:00,0.0075
5644679982684846699855787022092402984369447277920326773883608030240292167917,1775232046,2026-04-03T16:00:46+00:00,0.008
5644679982684846699855787022092402984369447277920326773883608030240292167917,1775239202,2026-04-03T18:00:02+00:00,0.0075
5644679982684846699855787022092402984369447277920326773883608030240292167917,1775242805,2026-04-03T19:00:05+00:00,0.0075
5644679982684846699855787022092402984369447277920326773883608030240292167917,1775246456,2026-04-03T20:00:56+00:00,0.0085
5644679982684846699855787022092402984369447277920326773883608030240292167917,1775253651,2026-04-03T22:00:51+00:00,0.0085
5644679982684846699855787022092402984369447277920326773883608030240292167917,1775268047,2026-04-04T02:00:47+00:00,0.0095
5644679982684846699855787022092402984369447277920326773883608030240292167917,1775271652,2026-04-04T03:00:52+00:00,0.0095
5644679982684846699855787022092402984369447277920326773883608030240292167917,1775278855,2026-04-04T05:00:55+00:00,0.0085
5644679982684846699855787022092402984369447277920326773883608030240292167917,1775286047,2026-04-04T07:00:47+00:00,0.0085
5644679982684846699855787022092402984369447277920326773883608030240292167917,1775289650,2026-04-04T08:00:50+00:00,0.0085
5644679982684846699855787022092402984369447277920326773883608030240292167917,1775293258,2026-04-04T09:00:58+00:00,0.008
5644679982684846699855787022092402984369447277920326773883608030240292167917,1775307657,2026-04-04T13:00:57+00:00,0.0095
5644679982684846699855787022092402984369447277920326773883608030240292167917,1775318458,2026-04-04T16:00:58+00:00,0.0085
5644679982684846699855787022092402984369447277920326773883608030240292167917,1775350853,2026-04-05T01:00:53+00:00,0.0095
5644679982684846699855787022092402984369447277920326773883608030240292167917,1775361650,2026-04-05T04:00:50+00:00,0.0075
5644679982684846699855787022092402984369447277920326773883608030240292167917,1775365253,2026-04-05T05:00:53+00:00,0.0075
5644679982684846699855787022092402984369447277920326773883608030240292167917,1775372457,2026-04-05T07:00:57+00:00,0.0075
5644679982684846699855787022092402984369447277920326773883608030240292167917,1775383248,2026-04-05T10:00:48+00:00,0.0075
5644679982684846699855787022092402984369447277920326773883608030240292167917,1775386851,2026-04-05T11:00:51+00:00,0.0075
5644679982684846699855787022092402984369447277920326773883608030240292167917,1775394056,2026-04-05T13:00:56+00:00,0.0075
5644679982684846699855787022092402984369447277920326773883608030240292167917,1775397659,2026-04-05T14:00:59+00:00,0.0075
5644679982684846699855787022092402984369447277920326773883608030240292167917,1775401257,2026-04-05T15:00:57+00:00,0.0075
5644679982684846699855787022092402984369447277920326773883608030240292167917,1775404859,2026-04-05T16:00:59+00:00,0.0075
5644679982684846699855787022092402984369447277920326773883608030240292167917,1775408459,2026-04-05T17:00:59+00:00,0.0075
5644679982684846699855787022092402984369447277920326773883608030240292167917,1775415652,2026-04-05T19:00:52+00:00,0.0075
5644679982684846699855787022092402984369447277920326773883608030240292167917,1775426459,2026-04-05T22:00:59+00:00,0.0075
5644679982684846699855787022092402984369447277920326773883608030240292167917,1775430054,2026-04-05T23:00:54+00:00,0.0075
5644679982684846699855787022092402984369447277920326773883608030240292167917,1775437251,2026-04-06T01:00:51+00:00,0.0075
5644679982684846699855787022092402984369447277920326773883608030240292167917,1775440855,2026-04-06T02:00:55+00:00,0.0075
5644679982684846699855787022092402984369447277920326773883608030240292167917,1775444457,2026-04-06T03:00:57+00:00,0.0075
5644679982684846699855787022092402984369447277920326773883608030240292167917,1775448049,2026-04-06T04:00:49+00:00,0.0075
5644679982684846699855787022092402984369447277920326773883608030240292167917,1775451651,2026-04-06T05:00:51+00:00,0.0075
5644679982684846699855787022092402984369447277920326773883608030240292167917,1775458850,2026-04-06T07:00:50+00:00,0.0075
5644679982684846699855787022092402984369447277920326773883608030240292167917,1775462448,2026-04-06T08:00:48+00:00,0.0075
5644679982684846699855787022092402984369447277920326773883608030240292167917,1775469646,2026-04-06T10:00:46+00:00,0.0075
5644679982684846699855787022092402984369447277920326773883608030240292167917,1775473249,2026-04-06T11:00:49+00:00,0.008
5644679982684846699855787022092402984369447277920326773883608030240292167917,1775480449,2026-04-06T13:00:49+00:00,0.0095
5644679982684846699855787022092402984369447277920326773883608030240292167917,1775484050,2026-04-06T14:00:50+00:00,0.0085
5644679982684846699855787022092402984369447277920326773883608030240292167917,1775487657,2026-04-06T15:00:57+00:00,0.0085
5644679982684846699855787022092402984369447277920326773883608030240292167917,1775498424,2026-04-06T18:00:24+00:00,0.0085
5644679982684846699855787022092402984369447277920326773883608030240292167917,1775502057,2026-04-06T19:00:57+00:00,0.0075
5644679982684846699855787022092402984369447277920326773883608030240292167917,1775505650,2026-04-06T20:00:50+00:00,0.0075
5644679982684846699855787022092402984369447277920326773883608030240292167917,1775509256,2026-04-06T21:00:56+00:00,0.0075
5644679982684846699855787022092402984369447277920326773883608030240292167917,1775512851,2026-04-06T22:00:51+00:00,0.0075
5644679982684846699855787022092402984369447277920326773883608030240292167917,1775516454,2026-04-06T23:00:54+00:00,0.0075
5644679982684846699855787022092402984369447277920326773883608030240292167917,1775523653,2026-04-07T01:00:53+00:00,0.0075
5644679982684846699855787022092402984369447277920326773883608030240292167917,1775527249,2026-04-07T02:00:49+00:00,0.0075
5644679982684846699855787022092402984369447277920326773883608030240292167917,1775530853,2026-04-07T03:00:53+00:00,0.0075
5644679982684846699855787022092402984369447277920326773883608030240292167917,1775534448,2026-04-07T04:00:48+00:00,0.0075
5644679982684846699855787022092402984369447277920326773883608030240292167917,1775545251,2026-04-07T07:00:51+00:00,0.0075
5644679982684846699855787022092402984369447277920326773883608030240292167917,1775559649,2026-04-07T11:00:49+00:00,0.0075
5644679982684846699855787022092402984369447277920326773883608030240292167917,1775566854,2026-04-07T13:00:54+00:00,0.0085
5644679982684846699855787022092402984369447277920326773883608030240292167917,1775570429,2026-04-07T14:00:29+00:00,0.0085
5644679982684846699855787022092402984369447277920326773883608030240292167917,1775581217,2026-04-07T17:00:17+00:00,0.008
5644679982684846699855787022092402984369447277920326773883608030240292167917,1775584832,2026-04-07T18:00:32+00:00,0.008
5644679982684846699855787022092402984369447277920326773883608030240292167917,1775588443,2026-04-07T19:00:43+00:00,0.0075
5644679982684846699855787022092402984369447277920326773883608030240292167917,1775613624,2026-04-08T02:00:24+00:00,0.0075
5644679982684846699855787022092402984369447277920326773883608030240292167917,1775635247,2026-04-08T08:00:47+00:00,0.0075
5644679982684846699855787022092402984369447277920326773883608030240292167917,1775646054,2026-04-08T11:00:54+00:00,0.008
5644679982684846699855787022092402984369447277920326773883608030240292167917,1775649624,2026-04-08T12:00:24+00:00,0.008
5644679982684846699855787022092402984369447277920326773883608030240292167917,1775653231,2026-04-08T13:00:31+00:00,0.0085
5644679982684846699855787022092402984369447277920326773883608030240292167917,1775660411,2026-04-08T15:00:11+00:00,0.0085
5644679982684846699855787022092402984369447277920326773883608030240292167917,1775667659,2026-04-08T17:00:59+00:00,0.0085
5644679982684846699855787022092402984369447277920326773883608030240292167917,1775674855,2026-04-08T19:00:55+00:00,0.0075
5644679982684846699855787022092402984369447277920326773883608030240292167917,1775678452,2026-04-08T20:00:52+00:00,0.0075
5644679982684846699855787022092402984369447277920326773883608030240292167917,1775685658,2026-04-08T22:00:58+00:00,0.008
5644679982684846699855787022092402984369447277920326773883608030240292167917,1775689226,2026-04-08T23:00:26+00:00,0.0075
5644679982684846699855787022092402984369447277920326773883608030240292167917,1775692824,2026-04-09T00:00:24+00:00,0.0075
5644679982684846699855787022092402984369447277920326773883608030240292167917,1775696447,2026-04-09T01:00:47+00:00,0.0075
5644679982684846699855787022092402984369447277920326773883608030240292167917,1775700048,2026-04-09T02:00:48+00:00,0.0075
5644679982684846699855787022092402984369447277920326773883608030240292167917,1775703654,2026-04-09T03:00:54+00:00,0.0075
5644679982684846699855787022092402984369447277920326773883608030240292167917,1775707246,2026-04-09T04:00:46+00:00,0.008
5644679982684846699855787022092402984369447277920326773883608030240292167917,1775710846,2026-04-09T05:00:46+00:00,0.0075
5644679982684846699855787022092402984369447277920326773883608030240292167917,1775714455,2026-04-09T06:00:55+00:00,0.0075
5644679982684846699855787022092402984369447277920326773883608030240292167917,1775718044,2026-04-09T07:00:44+00:00,0.0105
5644679982684846699855787022092402984369447277920326773883608030240292167917,1775721645,2026-04-09T08:00:45+00:00,0.0105
5644679982684846699855787022092402984369447277920326773883608030240292167917,1775725255,2026-04-09T09:00:55+00:00,0.0125
5644679982684846699855787022092402984369447277920326773883608030240292167917,1775728846,2026-04-09T10:00:46+00:00,0.012
5644679982684846699855787022092402984369447277920326773883608030240292167917,1775732447,2026-04-09T11:00:47+00:00,0.0115
5644679982684846699855787022092402984369447277920326773883608030240292167917,1775739651,2026-04-09T13:00:51+00:00,0.0105
5644679982684846699855787022092402984369447277920326773883608030240292167917,1775743255,2026-04-09T14:00:55+00:00,0.011
5644679982684846699855787022092402984369447277920326773883608030240292167917,1775750452,2026-04-09T16:00:52+00:00,0.0085
5644679982684846699855787022092402984369447277920326773883608030240292167917,1775764855,2026-04-09T20:00:55+00:00,0.0075
5644679982684846699855787022092402984369447277920326773883608030240292167917,1775772056,2026-04-09T22:00:56+00:00,0.0065
5644679982684846699855787022092402984369447277920326773883608030240292167917,1775775656,2026-04-09T23:00:56+00:00,0.0065
5644679982684846699855787022092402984369447277920326773883608030240292167917,1775782854,2026-04-10T01:00:54+00:00,0.0045
5644679982684846699855787022092402984369447277920326773883608030240292167917,1775786451,2026-04-10T02:00:51+00:00,0.0035
5644679982684846699855787022092402984369447277920326773883608030240292167917,1775793656,2026-04-10T04:00:56+00:00,0.0035
5644679982684846699855787022092402984369447277920326773883608030240292167917,1775797255,2026-04-10T05:00:55+00:00,0.0055
5644679982684846699855787022092402984369447277920326773883608030240292167917,1775800811,2026-04-10T06:00:11+00:00,0.0055
5644679982684846699855787022092402984369447277920326773883608030240292167917,1775804450,2026-04-10T07:00:50+00:00,0.0045
5644679982684846699855787022092402984369447277920326773883608030240292167917,1775815259,2026-04-10T10:00:59+00:00,0.0045
5644679982684846699855787022092402984369447277920326773883608030240292167917,1775818850,2026-04-10T11:00:50+00:00,0.0045
5644679982684846699855787022092402984369447277920326773883608030240292167917,1775829658,2026-04-10T14:00:58+00:00,0.0045
5644679982684846699855787022092402984369447277920326773883608030240292167917,1775840411,2026-04-10T17:00:11+00:00,0.0045
5644679982684846699855787022092402984369447277920326773883608030240292167917,1775847658,2026-04-10T19:00:58+00:00,0.0045
5644679982684846699855787022092402984369447277920326773883608030240292167917,1775869252,2026-04-11T01:00:52+00:00,0.0045
5644679982684846699855787022092402984369447277920326773883608030240292167917,1775876459,2026-04-11T03:00:59+00:00,0.0045
5644679982684846699855787022092402984369447277920326773883608030240292167917,1775880058,2026-04-11T04:00:58+00:00,0.0045
5644679982684846699855787022092402984369447277920326773883608030240292167917,1775890850,2026-04-11T07:00:50+00:00,0.0045
5644679982684846699855787022092402984369447277920326773883608030240292167917,1775894449,2026-04-11T08:00:49+00:00,0.0045
5644679982684846699855787022092402984369447277920326773883608030240292167917,1775901616,2026-04-11T10:00:16+00:00,0.0045
5644679982684846699855787022092402984369447277920326773883608030240292167917,1775905250,2026-04-11T11:00:50+00:00,0.0045
5644679982684846699855787022092402984369447277920326773883608030240292167917,1775912456,2026-04-11T13:00:56+00:00,0.0045
5644679982684846699855787022092402984369447277920326773883608030240292167917,1775916056,2026-04-11T14:00:56+00:00,0.0065
5644679982684846699855787022092402984369447277920326773883608030240292167917,1775923255,2026-04-11T16:00:55+00:00,0.0045
5644679982684846699855787022092402984369447277920326773883608030240292167917,1775934057,2026-04-11T19:00:57+00:00,0.0045
5644679982684846699855787022092402984369447277920326773883608030240292167917,1775948458,2026-04-11T23:00:58+00:00,0.0045
5644679982684846699855787022092402984369447277920326773883608030240292167917,1775955650,2026-04-12T01:00:50+00:00,0.0045
5644679982684846699855787022092402984369447277920326773883608030240292167917,1775959254,2026-04-12T02:00:54+00:00,0.0055
5644679982684846699855787022092402984369447277920326773883608030240292167917,1775962855,2026-04-12T03:00:55+00:00,0.0045
5644679982684846699855787022092402984369447277920326773883608030240292167917,1775966453,2026-04-12T04:00:53+00:00,0.0045
5644679982684846699855787022092402984369447277920326773883608030240292167917,1775970055,2026-04-12T05:00:55+00:00,0.0035
5644679982684846699855787022092402984369447277920326773883608030240292167917,1775977250,2026-04-12T07:00:50+00:00,0.0035
5644679982684846699855787022092402984369447277920326773883608030240292167917,1775980854,2026-04-12T08:00:54+00:00,0.0045
5644679982684846699855787022092402984369447277920326773883608030240292167917,1775988055,2026-04-12T10:00:55+00:00,0.005
5644679982684846699855787022092402984369447277920326773883608030240292167917,1775991650,2026-04-12T11:00:50+00:00,0.005
5644679982684846699855787022092402984369447277920326773883608030240292167917,1775998857,2026-04-12T13:00:57+00:00,0.0045
5644679982684846699855787022092402984369447277920326773883608030240292167917,1776002458,2026-04-12T14:00:58+00:00,0.0045
5644679982684846699855787022092402984369447277920326773883608030240292167917,1776013259,2026-04-12T17:00:59+00:00,0.0045
5644679982684846699855787022092402984369447277920326773883608030240292167917,1776020457,2026-04-12T19:00:57+00:00,0.0045
5644679982684846699855787022092402984369447277920326773883608030240292167917,1776024057,2026-04-12T20:00:57+00:00,0.0045
5644679982684846699855787022092402984369447277920326773883608030240292167917,1776031259,2026-04-12T22:00:59+00:00,0.0045
5644679982684846699855787022092402984369447277920326773883608030240292167917,1776034858,2026-04-12T23:00:58+00:00,0.0045
5644679982684846699855787022092402984369447277920326773883608030240292167917,1776042048,2026-04-13T01:00:48+00:00,0.0045
5644679982684846699855787022092402984369447277920326773883608030240292167917,1776045658,2026-04-13T02:00:58+00:00,0.0045
5644679982684846699855787022092402984369447277920326773883608030240292167917,1776049253,2026-04-13T03:00:53+00:00,0.0045
5644679982684846699855787022092402984369447277920326773883608030240292167917,1776052844,2026-04-13T04:00:44+00:00,0.0045
5644679982684846699855787022092402984369447277920326773883608030240292167917,1776056456,2026-04-13T05:00:56+00:00,0.0045
5644679982684846699855787022092402984369447277920326773883608030240292167917,1776063651,2026-04-13T07:00:51+00:00,0.0045
5644679982684846699855787022092402984369447277920326773883608030240292167917,1776067251,2026-04-13T08:00:51+00:00,0.0045
5644679982684846699855787022092402984369447277920326773883608030240292167917,1776074455,2026-04-13T10:00:55+00:00,0.0045
5644679982684846699855787022092402984369447277920326773883608030240292167917,1776078055,2026-04-13T11:00:55+00:00,0.0045
5644679982684846699855787022092402984369447277920326773883608030240292167917,1776085255,2026-04-13T13:00:55+00:00,0.0045
5644679982684846699855787022092402984369447277920326773883608030240292167917,1776106859,2026-04-13T19:00:59+00:00,0.0045
5644679982684846699855787022092402984369447277920326773883608030240292167917,1776110458,2026-04-13T20:00:58+00:00,0.0045
5644679982684846699855787022092402984369447277920326773883608030240292167917,1776128447,2026-04-14T01:00:47+00:00,0.0035
5644679982684846699855787022092402984369447277920326773883608030240292167917,1776153649,2026-04-14T08:00:49+00:00,0.0035
5644679982684846699855787022092402984369447277920326773883608030240292167917,1776160847,2026-04-14T10:00:47+00:00,0.0045
5644679982684846699855787022092402984369447277920326773883608030240292167917,1776164457,2026-04-14T11:00:57+00:00,0.0045
5644679982684846699855787022092402984369447277920326773883608030240292167917,1776171659,2026-04-14T13:00:59+00:00,0.0045
5644679982684846699855787022092402984369447277920326773883608030240292167917,1776175259,2026-04-14T14:00:59+00:00,0.0045
5644679982684846699855787022092402984369447277920326773883608030240292167917,1776182457,2026-04-14T16:00:57+00:00,0.0045
5644679982684846699855787022092402984369447277920326773883608030240292167917,1776214847,2026-04-15T01:00:47+00:00,0.0045
5644679982684846699855787022092402984369447277920326773883608030240292167917,1776218459,2026-04-15T02:00:59+00:00,0.0045
5644679982684846699855787022092402984369447277920326773883608030240292167917,1776222057,2026-04-15T03:00:57+00:00,0.0045
5644679982684846699855787022092402984369447277920326773883608030240292167917,1776225652,2026-04-15T04:00:52+00:00,0.0045
5644679982684846699855787022092402984369447277920326773883608030240292167917,1776236457,2026-04-15T07:00:57+00:00,0.0035
5644679982684846699855787022092402984369447277920326773883608030240292167917,1776243659,2026-04-15T09:00:59+00:00,0.0035
5644679982684846699855787022092402984369447277920326773883608030240292167917,1776250852,2026-04-15T11:00:52+00:00,0.0035
5644679982684846699855787022092402984369447277920326773883608030240292167917,1776261652,2026-04-15T14:00:52+00:00,0.0035
5644679982684846699855787022092402984369447277920326773883608030240292167917,1776268857,2026-04-15T16:00:57+00:00,0.0025
5644679982684846699855787022092402984369447277920326773883608030240292167917,1776283257,2026-04-15T20:00:57+00:00,0.004
5644679982684846699855787022092402984369447277920326773883608030240292167917,1776286821,2026-04-15T21:00:21+00:00,0.0035
5644679982684846699855787022092402984369447277920326773883608030240292167917,1776290451,2026-04-15T22:00:51+00:00,0.0035
5644679982684846699855787022092402984369447277920326773883608030240292167917,1776294052,2026-04-15T23:00:52+00:00,0.0035
5644679982684846699855787022092402984369447277920326773883608030240292167917,1776301248,2026-04-16T01:00:48+00:00,0.003
5644679982684846699855787022092402984369447277920326773883608030240292167917,1776304856,2026-04-16T02:00:56+00:00,0.0025
5644679982684846699855787022092402984369447277920326773883608030240292167917,1776312054,2026-04-16T04:00:54+00:00,0.0045
5644679982684846699855787022092402984369447277920326773883608030240292167917,1776315653,2026-04-16T05:00:53+00:00,0.0045
5644679982684846699855787022092402984369447277920326773883608030240292167917,1776322853,2026-04-16T07:00:53+00:00,0.0045
5644679982684846699855787022092402984369447277920326773883608030240292167917,1776326455,2026-04-16T08:00:55+00:00,0.0045
5644679982684846699855787022092402984369447277920326773883608030240292167917,1776333658,2026-04-16T10:00:58+00:00,0.0045
5644679982684846699855787022092402984369447277920326773883608030240292167917,1776337246,2026-04-16T11:00:46+00:00,0.0045
5644679982684846699855787022092402984369447277920326773883608030240292167917,1776344457,2026-04-16T13:00:57+00:00,0.0045
5644679982684846699855787022092402984369447277920326773883608030240292167917,1776348056,2026-04-16T14:00:56+00:00,0.0045
5644679982684846699855787022092402984369447277920326773883608030240292167917,1776362454,2026-04-16T18:00:54+00:00,0.0045
5644679982684846699855787022092402984369447277920326773883608030240292167917,1776387654,2026-04-17T01:00:54+00:00,0.0045
5644679982684846699855787022092402984369447277920326773883608030240292167917,1776391258,2026-04-17T02:00:58+00:00,0.0045
5644679982684846699855787022092402984369447277920326773883608030240292167917,1776398450,2026-04-17T04:00:50+00:00,0.0045
5644679982684846699855787022092402984369447277920326773883608030240292167917,1776402052,2026-04-17T05:00:52+00:00,0.0045
5644679982684846699855787022092402984369447277920326773883608030240292167917,1776409255,2026-04-17T07:00:55+00:00,0.0045
5644679982684846699855787022092402984369447277920326773883608030240292167917,1776412801,2026-04-17T08:00:01+00:00,0.0045
5644679982684846699855787022092402984369447277920326773883608030240292167917,1776420059,2026-04-17T10:00:59+00:00,0.0045
5644679982684846699855787022092402984369447277920326773883608030240292167917,1776423654,2026-04-17T11:00:54+00:00,0.0045
5644679982684846699855787022092402984369447277920326773883608030240292167917,1776438031,2026-04-17T15:00:31+00:00,0.0045
5644679982684846699855787022092402984369447277920326773883608030240292167917,1776445217,2026-04-17T17:00:17+00:00,0.0045
5644679982684846699855787022092402984369447277920326773883608030240292167917,1776448837,2026-04-17T18:00:37+00:00,0.0045
5644679982684846699855787022092402984369447277920326773883608030240292167917,1776452406,2026-04-17T19:00:06+00:00,0.0045
5644679982684846699855787022092402984369447277920326773883608030240292167917,1776456013,2026-04-17T20:00:13+00:00,0.0045
5644679982684846699855787022092402984369447277920326773883608030240292167917,1776470418,2026-04-18T00:00:18+00:00,0.0045
5644679982684846699855787022092402984369447277920326773883608030240292167917,1776495654,2026-04-18T07:00:54+00:00,0.0045
5644679982684846699855787022092402984369447277920326773883608030240292167917,1776499257,2026-04-18T08:00:57+00:00,0.0045
5644679982684846699855787022092402984369447277920326773883608030240292167917,1776506458,2026-04-18T10:00:58+00:00,0.0045
5644679982684846699855787022092402984369447277920326773883608030240292167917,1776510013,2026-04-18T11:00:13+00:00,0.0045
5644679982684846699855787022092402984369447277920326773883608030240292167917,1776524433,2026-04-18T15:00:33+00:00,0.0035
5644679982684846699855787022092402984369447277920326773883608030240292167917,1776535210,2026-04-18T18:00:10+00:00,0.0035
5644679982684846699855787022092402984369447277920326773883608030240292167917,1776560458,2026-04-19T01:00:58+00:00,0.0035
5644679982684846699855787022092402984369447277920326773883608030240292167917,1776574855,2026-04-19T05:00:55+00:00,0.0035
5644679982684846699855787022092402984369447277920326773883608030240292167917,1776582050,2026-04-19T07:00:50+00:00,0.0035
5644679982684846699855787022092402984369447277920326773883608030240292167917,1776614421,2026-04-19T16:00:21+00:00,0.0015
5644679982684846699855787022092402984369447277920326773883608030240292167917,1776659803,2026-04-20T04:36:43+00:00,0.0015
54935126197359005865759470122412489520668573958432708236792605627229004170180,1773982834,2026-03-20T05:00:34+00:00,0.0085
54935126197359005865759470122412489520668573958432708236792605627229004170180,1773986445,2026-03-20T06:00:45+00:00,0.0085
54935126197359005865759470122412489520668573958432708236792605627229004170180,1773990033,2026-03-20T07:00:33+00:00,0.0085
54935126197359005865759470122412489520668573958432708236792605627229004170180,1773993633,2026-03-20T08:00:33+00:00,0.0085
54935126197359005865759470122412489520668573958432708236792605627229004170180,1773997236,2026-03-20T09:00:36+00:00,0.0085
54935126197359005865759470122412489520668573958432708236792605627229004170180,1774000851,2026-03-20T10:00:51+00:00,0.0085
54935126197359005865759470122412489520668573958432708236792605627229004170180,1774004430,2026-03-20T11:00:30+00:00,0.0085
54935126197359005865759470122412489520668573958432708236792605627229004170180,1774008036,2026-03-20T12:00:36+00:00,0.0085
54935126197359005865759470122412489520668573958432708236792605627229004170180,1774011630,2026-03-20T13:00:30+00:00,0.0085
54935126197359005865759470122412489520668573958432708236792605627229004170180,1774015237,2026-03-20T14:00:37+00:00,0.0085
54935126197359005865759470122412489520668573958432708236792605627229004170180,1774018838,2026-03-20T15:00:38+00:00,0.0085
54935126197359005865759470122412489520668573958432708236792605627229004170180,1774022431,2026-03-20T16:00:31+00:00,0.0085
54935126197359005865759470122412489520668573958432708236792605627229004170180,1774026031,2026-03-20T17:00:31+00:00,0.0085
54935126197359005865759470122412489520668573958432708236792605627229004170180,1774029641,2026-03-20T18:00:41+00:00,0.0085
54935126197359005865759470122412489520668573958432708236792605627229004170180,1774033233,2026-03-20T19:00:33+00:00,0.0085
54935126197359005865759470122412489520668573958432708236792605627229004170180,1774036834,2026-03-20T20:00:34+00:00,0.0085
54935126197359005865759470122412489520668573958432708236792605627229004170180,1774040444,2026-03-20T21:00:44+00:00,0.0085
54935126197359005865759470122412489520668573958432708236792605627229004170180,1774044040,2026-03-20T22:00:40+00:00,0.0085
54935126197359005865759470122412489520668573958432708236792605627229004170180,1774047636,2026-03-20T23:00:36+00:00,0.0085
54935126197359005865759470122412489520668573958432708236792605627229004170180,1774051239,2026-03-21T00:00:39+00:00,0.0085
54935126197359005865759470122412489520668573958432708236792605627229004170180,1774054837,2026-03-21T01:00:37+00:00,0.0085
54935126197359005865759470122412489520668573958432708236792605627229004170180,1774058448,2026-03-21T02:00:48+00:00,0.0085
54935126197359005865759470122412489520668573958432708236792605627229004170180,1774062032,2026-03-21T03:00:32+00:00,0.0085
54935126197359005865759470122412489520668573958432708236792605627229004170180,1774065633,2026-03-21T04:00:33+00:00,0.0085
54935126197359005865759470122412489520668573958432708236792605627229004170180,1774069232,2026-03-21T05:00:32+00:00,0.0085
54935126197359005865759470122412489520668573958432708236792605627229004170180,1774072835,2026-03-21T06:00:35+00:00,0.0085
54935126197359005865759470122412489520668573958432708236792605627229004170180,1774076432,2026-03-21T07:00:32+00:00,0.0085
54935126197359005865759470122412489520668573958432708236792605627229004170180,1774080031,2026-03-21T08:00:31+00:00,0.0085
54935126197359005865759470122412489520668573958432708236792605627229004170180,1774083631,2026-03-21T09:00:31+00:00,0.0085
54935126197359005865759470122412489520668573958432708236792605627229004170180,1774087228,2026-03-21T10:00:28+00:00,0.0085
54935126197359005865759470122412489520668573958432708236792605627229004170180,1774090834,2026-03-21T11:00:34+00:00,0.0085
54935126197359005865759470122412489520668573958432708236792605627229004170180,1774094433,2026-03-21T12:00:33+00:00,0.0085
54935126197359005865759470122412489520668573958432708236792605627229004170180,1774098035,2026-03-21T13:00:35+00:00,0.0085
54935126197359005865759470122412489520668573958432708236792605627229004170180,1774101637,2026-03-21T14:00:37+00:00,0.0085
54935126197359005865759470122412489520668573958432708236792605627229004170180,1774105241,2026-03-21T15:00:41+00:00,0.0085
54935126197359005865759470122412489520668573958432708236792605627229004170180,1774108849,2026-03-21T16:00:49+00:00,0.0085
54935126197359005865759470122412489520668573958432708236792605627229004170180,1774112444,2026-03-21T17:00:44+00:00,0.0085
54935126197359005865759470122412489520668573958432708236792605627229004170180,1774116037,2026-03-21T18:00:37+00:00,0.009
54935126197359005865759470122412489520668573958432708236792605627229004170180,1774119633,2026-03-21T19:00:33+00:00,0.009
54935126197359005865759470122412489520668573958432708236792605627229004170180,1774123231,2026-03-21T20:00:31+00:00,0.0085
54935126197359005865759470122412489520668573958432708236792605627229004170180,1774126834,2026-03-21T21:00:34+00:00,0.0085
54935126197359005865759470122412489520668573958432708236792605627229004170180,1774130434,2026-03-21T22:00:34+00:00,0.0085
54935126197359005865759470122412489520668573958432708236792605627229004170180,1774134030,2026-03-21T23:00:30+00:00,0.0085
54935126197359005865759470122412489520668573958432708236792605627229004170180,1774137637,2026-03-22T00:00:37+00:00,0.0085
54935126197359005865759470122412489520668573958432708236792605627229004170180,1774141232,2026-03-22T01:00:32+00:00,0.0085
54935126197359005865759470122412489520668573958432708236792605627229004170180,1774144826,2026-03-22T02:00:26+00:00,0.009
54935126197359005865759470122412489520668573958432708236792605627229004170180,1774148428,2026-03-22T03:00:28+00:00,0.009
54935126197359005865759470122412489520668573958432708236792605627229004170180,1774152027,2026-03-22T04:00:27+00:00,0.0085
54935126197359005865759470122412489520668573958432708236792605627229004170180,1774155630,2026-03-22T05:00:30+00:00,0.0085
54935126197359005865759470122412489520668573958432708236792605627229004170180,1774159229,2026-03-22T06:00:29+00:00,0.0085
54935126197359005865759470122412489520668573958432708236792605627229004170180,1774162825,2026-03-22T07:00:25+00:00,0.0085
54935126197359005865759470122412489520668573958432708236792605627229004170180,1774166427,2026-03-22T08:00:27+00:00,0.0085
54935126197359005865759470122412489520668573958432708236792605627229004170180,1774170027,2026-03-22T09:00:27+00:00,0.0085
54935126197359005865759470122412489520668573958432708236792605627229004170180,1774173627,2026-03-22T10:00:27+00:00,0.0085
54935126197359005865759470122412489520668573958432708236792605627229004170180,1774177225,2026-03-22T11:00:25+00:00,0.0085
54935126197359005865759470122412489520668573958432708236792605627229004170180,1774180843,2026-03-22T12:00:43+00:00,0.0085
54935126197359005865759470122412489520668573958432708236792605627229004170180,1774184435,2026-03-22T13:00:35+00:00,0.0085
54935126197359005865759470122412489520668573958432708236792605627229004170180,1774188027,2026-03-22T14:00:27+00:00,0.0085
54935126197359005865759470122412489520668573958432708236792605627229004170180,1774191627,2026-03-22T15:00:27+00:00,0.0085
54935126197359005865759470122412489520668573958432708236792605627229004170180,1774195229,2026-03-22T16:00:29+00:00,0.0085
54935126197359005865759470122412489520668573958432708236792605627229004170180,1774198849,2026-03-22T17:00:49+00:00,0.0085
54935126197359005865759470122412489520668573958432708236792605627229004170180,1774202430,2026-03-22T18:00:30+00:00,0.0085
54935126197359005865759470122412489520668573958432708236792605627229004170180,1774206029,2026-03-22T19:00:29+00:00,0.0085
54935126197359005865759470122412489520668573958432708236792605627229004170180,1774209627,2026-03-22T20:00:27+00:00,0.0085
54935126197359005865759470122412489520668573958432708236792605627229004170180,1774213229,2026-03-22T21:00:29+00:00,0.0085
54935126197359005865759470122412489520668573958432708236792605627229004170180,1774216828,2026-03-22T22:00:28+00:00,0.0085
54935126197359005865759470122412489520668573958432708236792605627229004170180,1774220431,2026-03-22T23:00:31+00:00,0.0085
54935126197359005865759470122412489520668573958432708236792605627229004170180,1774224031,2026-03-23T00:00:31+00:00,0.0085
54935126197359005865759470122412489520668573958432708236792605627229004170180,1774227628,2026-03-23T01:00:28+00:00,0.0085
54935126197359005865759470122412489520668573958432708236792605627229004170180,1774231229,2026-03-23T02:00:29+00:00,0.0085
54935126197359005865759470122412489520668573958432708236792605627229004170180,1774234832,2026-03-23T03:00:32+00:00,0.0085
54935126197359005865759470122412489520668573958432708236792605627229004170180,1774238425,2026-03-23T04:00:25+00:00,0.0085
54935126197359005865759470122412489520668573958432708236792605627229004170180,1774242032,2026-03-23T05:00:32+00:00,0.0085
54935126197359005865759470122412489520668573958432708236792605627229004170180,1774245633,2026-03-23T06:00:33+00:00,0.0085
54935126197359005865759470122412489520668573958432708236792605627229004170180,1774249230,2026-03-23T07:00:30+00:00,0.0085
54935126197359005865759470122412489520668573958432708236792605627229004170180,1774252832,2026-03-23T08:00:32+00:00,0.0085
54935126197359005865759470122412489520668573958432708236792605627229004170180,1774256441,2026-03-23T09:00:41+00:00,0.0085
54935126197359005865759470122412489520668573958432708236792605627229004170180,1774260027,2026-03-23T10:00:27+00:00,0.0085
54935126197359005865759470122412489520668573958432708236792605627229004170180,1774263625,2026-03-23T11:00:25+00:00,0.0085
54935126197359005865759470122412489520668573958432708236792605627229004170180,1774267230,2026-03-23T12:00:30+00:00,0.009
54935126197359005865759470122412489520668573958432708236792605627229004170180,1774270831,2026-03-23T13:00:31+00:00,0.0095
54935126197359005865759470122412489520668573958432708236792605627229004170180,1774274427,2026-03-23T14:00:27+00:00,0.0085
54935126197359005865759470122412489520668573958432708236792605627229004170180,1774278025,2026-03-23T15:00:25+00:00,0.009
54935126197359005865759470122412489520668573958432708236792605627229004170180,1774281626,2026-03-23T16:00:26+00:00,0.009
54935126197359005865759470122412489520668573958432708236792605627229004170180,1774285236,2026-03-23T17:00:36+00:00,0.009
54935126197359005865759470122412489520668573958432708236792605627229004170180,1774288826,2026-03-23T18:00:26+00:00,0.009
54935126197359005865759470122412489520668573958432708236792605627229004170180,1774292443,2026-03-23T19:00:43+00:00,0.009
54935126197359005865759470122412489520668573958432708236792605627229004170180,1774296027,2026-03-23T20:00:27+00:00,0.009
54935126197359005865759470122412489520668573958432708236792605627229004170180,1774299629,2026-03-23T21:00:29+00:00,0.009
54935126197359005865759470122412489520668573958432708236792605627229004170180,1774303228,2026-03-23T22:00:28+00:00,0.009
54935126197359005865759470122412489520668573958432708236792605627229004170180,1774306827,2026-03-23T23:00:27+00:00,0.009
54935126197359005865759470122412489520668573958432708236792605627229004170180,1774310428,2026-03-24T00:00:28+00:00,0.009
54935126197359005865759470122412489520668573958432708236792605627229004170180,1774314024,2026-03-24T01:00:24+00:00,0.009
54935126197359005865759470122412489520668573958432708236792605627229004170180,1774317627,2026-03-24T02:00:27+00:00,0.0085
54935126197359005865759470122412489520668573958432708236792605627229004170180,1774321226,2026-03-24T03:00:26+00:00,0.0085
54935126197359005865759470122412489520668573958432708236792605627229004170180,1774324829,2026-03-24T04:00:29+00:00,0.0085
54935126197359005865759470122412489520668573958432708236792605627229004170180,1774328429,2026-03-24T05:00:29+00:00,0.0085
54935126197359005865759470122412489520668573958432708236792605627229004170180,1774332030,2026-03-24T06:00:30+00:00,0.0085
54935126197359005865759470122412489520668573958432708236792605627229004170180,1774335625,2026-03-24T07:00:25+00:00,0.0085
54935126197359005865759470122412489520668573958432708236792605627229004170180,1774339225,2026-03-24T08:00:25+00:00,0.0085
54935126197359005865759470122412489520668573958432708236792605627229004170180,1774342828,2026-03-24T09:00:28+00:00,0.0085
54935126197359005865759470122412489520668573958432708236792605627229004170180,1774346424,2026-03-24T10:00:24+00:00,0.0085
54935126197359005865759470122412489520668573958432708236792605627229004170180,1774350047,2026-03-24T11:00:47+00:00,0.0085
54935126197359005865759470122412489520668573958432708236792605627229004170180,1774353634,2026-03-24T12:00:34+00:00,0.0085
54935126197359005865759470122412489520668573958432708236792605627229004170180,1774357237,2026-03-24T13:00:37+00:00,0.0085
54935126197359005865759470122412489520668573958432708236792605627229004170180,1774360826,2026-03-24T14:00:26+00:00,0.0085
54935126197359005865759470122412489520668573958432708236792605627229004170180,1774364426,2026-03-24T15:00:26+00:00,0.0085
54935126197359005865759470122412489520668573958432708236792605627229004170180,1774368024,2026-03-24T16:00:24+00:00,0.0085
54935126197359005865759470122412489520668573958432708236792605627229004170180,1774371625,2026-03-24T17:00:25+00:00,0.0085
54935126197359005865759470122412489520668573958432708236792605627229004170180,1774375229,2026-03-24T18:00:29+00:00,0.0085
54935126197359005865759470122412489520668573958432708236792605627229004170180,1774378825,2026-03-24T19:00:25+00:00,0.0085
54935126197359005865759470122412489520668573958432708236792605627229004170180,1774382427,2026-03-24T20:00:27+00:00,0.0085
54935126197359005865759470122412489520668573958432708236792605627229004170180,1774386029,2026-03-24T21:00:29+00:00,0.0085
54935126197359005865759470122412489520668573958432708236792605627229004170180,1774389622,2026-03-24T22:00:22+00:00,0.0085
54935126197359005865759470122412489520668573958432708236792605627229004170180,1774393227,2026-03-24T23:00:27+00:00,0.0085
54935126197359005865759470122412489520668573958432708236792605627229004170180,1774396830,2026-03-25T00:00:30+00:00,0.0085
54935126197359005865759470122412489520668573958432708236792605627229004170180,1774400425,2026-03-25T01:00:25+00:00,0.0085
54935126197359005865759470122412489520668573958432708236792605627229004170180,1774404026,2026-03-25T02:00:26+00:00,0.0085
54935126197359005865759470122412489520668573958432708236792605627229004170180,1774407624,2026-03-25T03:00:24+00:00,0.0085
54935126197359005865759470122412489520668573958432708236792605627229004170180,1774411228,2026-03-25T04:00:28+00:00,0.0085
54935126197359005865759470122412489520668573958432708236792605627229004170180,1774414828,2026-03-25T05:00:28+00:00,0.0085
54935126197359005865759470122412489520668573958432708236792605627229004170180,1774418428,2026-03-25T06:00:28+00:00,0.0085
54935126197359005865759470122412489520668573958432708236792605627229004170180,1774422025,2026-03-25T07:00:25+00:00,0.0085
54935126197359005865759470122412489520668573958432708236792605627229004170180,1774425624,2026-03-25T08:00:24+00:00,0.0085
54935126197359005865759470122412489520668573958432708236792605627229004170180,1774429228,2026-03-25T09:00:28+00:00,0.0085
54935126197359005865759470122412489520668573958432708236792605627229004170180,1774432828,2026-03-25T10:00:28+00:00,0.0085
54935126197359005865759470122412489520668573958432708236792605627229004170180,1774436429,2026-03-25T11:00:29+00:00,0.0085
54935126197359005865759470122412489520668573958432708236792605627229004170180,1774440031,2026-03-25T12:00:31+00:00,0.0085
54935126197359005865759470122412489520668573958432708236792605627229004170180,1774443629,2026-03-25T13:00:29+00:00,0.0085
54935126197359005865759470122412489520668573958432708236792605627229004170180,1774447238,2026-03-25T14:00:38+00:00,0.0085
54935126197359005865759470122412489520668573958432708236792605627229004170180,1774450830,2026-03-25T15:00:30+00:00,0.0085
54935126197359005865759470122412489520668573958432708236792605627229004170180,1774454429,2026-03-25T16:00:29+00:00,0.0085
54935126197359005865759470122412489520668573958432708236792605627229004170180,1774458026,2026-03-25T17:00:26+00:00,0.0085
54935126197359005865759470122412489520668573958432708236792605627229004170180,1774461629,2026-03-25T18:00:29+00:00,0.0085
54935126197359005865759470122412489520668573958432708236792605627229004170180,1774465228,2026-03-25T19:00:28+00:00,0.0085
54935126197359005865759470122412489520668573958432708236792605627229004170180,1774468829,2026-03-25T20:00:29+00:00,0.0085
54935126197359005865759470122412489520668573958432708236792605627229004170180,1774472426,2026-03-25T21:00:26+00:00,0.0085
54935126197359005865759470122412489520668573958432708236792605627229004170180,1774476025,2026-03-25T22:00:25+00:00,0.0085
54935126197359005865759470122412489520668573958432708236792605627229004170180,1774479624,2026-03-25T23:00:24+00:00,0.0085
54935126197359005865759470122412489520668573958432708236792605627229004170180,1774483233,2026-03-26T00:00:33+00:00,0.0085
54935126197359005865759470122412489520668573958432708236792605627229004170180,1774486827,2026-03-26T01:00:27+00:00,0.0085
54935126197359005865759470122412489520668573958432708236792605627229004170180,1774490428,2026-03-26T02:00:28+00:00,0.0085
54935126197359005865759470122412489520668573958432708236792605627229004170180,1774494030,2026-03-26T03:00:30+00:00,0.0085
54935126197359005865759470122412489520668573958432708236792605627229004170180,1774497629,2026-03-26T04:00:29+00:00,0.0085
54935126197359005865759470122412489520668573958432708236792605627229004170180,1774501224,2026-03-26T05:00:24+00:00,0.0085
54935126197359005865759470122412489520668573958432708236792605627229004170180,1774504830,2026-03-26T06:00:30+00:00,0.0085
54935126197359005865759470122412489520668573958432708236792605627229004170180,1774508439,2026-03-26T07:00:39+00:00,0.0085
54935126197359005865759470122412489520668573958432708236792605627229004170180,1774512025,2026-03-26T08:00:25+00:00,0.0085
54935126197359005865759470122412489520668573958432708236792605627229004170180,1774515625,2026-03-26T09:00:25+00:00,0.0085
54935126197359005865759470122412489520668573958432708236792605627229004170180,1774519229,2026-03-26T10:00:29+00:00,0.0085
54935126197359005865759470122412489520668573958432708236792605627229004170180,1774522823,2026-03-26T11:00:23+00:00,0.0085
54935126197359005865759470122412489520668573958432708236792605627229004170180,1774526442,2026-03-26T12:00:42+00:00,0.0085
54935126197359005865759470122412489520668573958432708236792605627229004170180,1774530030,2026-03-26T13:00:30+00:00,0.0085
54935126197359005865759470122412489520668573958432708236792605627229004170180,1774533629,2026-03-26T14:00:29+00:00,0.0085
54935126197359005865759470122412489520668573958432708236792605627229004170180,1774537227,2026-03-26T15:00:27+00:00,0.0085
54935126197359005865759470122412489520668573958432708236792605627229004170180,1774540826,2026-03-26T16:00:26+00:00,0.0085
54935126197359005865759470122412489520668573958432708236792605627229004170180,1774544438,2026-03-26T17:00:38+00:00,0.0085
54935126197359005865759470122412489520668573958432708236792605627229004170180,1774548027,2026-03-26T18:00:27+00:00,0.0085
54935126197359005865759470122412489520668573958432708236792605627229004170180,1774551639,2026-03-26T19:00:39+00:00,0.0085
54935126197359005865759470122412489520668573958432708236792605627229004170180,1774555236,2026-03-26T20:00:36+00:00,0.0085
54935126197359005865759470122412489520668573958432708236792605627229004170180,1774558840,2026-03-26T21:00:40+00:00,0.0085
54935126197359005865759470122412489520668573958432708236792605627229004170180,1774562436,2026-03-26T22:00:36+00:00,0.0085
54935126197359005865759470122412489520668573958432708236792605627229004170180,1774566033,2026-03-26T23:00:33+00:00,0.0085
54935126197359005865759470122412489520668573958432708236792605627229004170180,1774569647,2026-03-27T00:00:47+00:00,0.0085
54935126197359005865759470122412489520668573958432708236792605627229004170180,1774573239,2026-03-27T01:00:39+00:00,0.0085
54935126197359005865759470122412489520668573958432708236792605627229004170180,1774576841,2026-03-27T02:00:41+00:00,0.0085
54935126197359005865759470122412489520668573958432708236792605627229004170180,1774580444,2026-03-27T03:00:44+00:00,0.0085
54935126197359005865759470122412489520668573958432708236792605627229004170180,1774584036,2026-03-27T04:00:36+00:00,0.0085
54935126197359005865759470122412489520668573958432708236792605627229004170180,1774587638,2026-03-27T05:00:38+00:00,0.0085
54935126197359005865759470122412489520668573958432708236792605627229004170180,1774591243,2026-03-27T06:00:43+00:00,0.0085
54935126197359005865759470122412489520668573958432708236792605627229004170180,1774594836,2026-03-27T07:00:36+00:00,0.0085
54935126197359005865759470122412489520668573958432708236792605627229004170180,1774598432,2026-03-27T08:00:32+00:00,0.0085
54935126197359005865759470122412489520668573958432708236792605627229004170180,1774602040,2026-03-27T09:00:40+00:00,0.0085
54935126197359005865759470122412489520668573958432708236792605627229004170180,1774605633,2026-03-27T10:00:33+00:00,0.0085
54935126197359005865759470122412489520668573958432708236792605627229004170180,1774609237,2026-03-27T11:00:37+00:00,0.0085
54935126197359005865759470122412489520668573958432708236792605627229004170180,1774612845,2026-03-27T12:00:45+00:00,0.0085
54935126197359005865759470122412489520668573958432708236792605627229004170180,1774616443,2026-03-27T13:00:43+00:00,0.0085
54935126197359005865759470122412489520668573958432708236792605627229004170180,1774620038,2026-03-27T14:00:38+00:00,0.0085
54935126197359005865759470122412489520668573958432708236792605627229004170180,1774623641,2026-03-27T15:00:41+00:00,0.0085
54935126197359005865759470122412489520668573958432708236792605627229004170180,1774627238,2026-03-27T16:00:38+00:00,0.0085
54935126197359005865759470122412489520668573958432708236792605627229004170180,1774630851,2026-03-27T17:00:51+00:00,0.0085
54935126197359005865759470122412489520668573958432708236792605627229004170180,1774634448,2026-03-27T18:00:48+00:00,0.0085
54935126197359005865759470122412489520668573958432708236792605627229004170180,1774638039,2026-03-27T19:00:39+00:00,0.0085
54935126197359005865759470122412489520668573958432708236792605627229004170180,1774641647,2026-03-27T20:00:47+00:00,0.0085
54935126197359005865759470122412489520668573958432708236792605627229004170180,1774645247,2026-03-27T21:00:47+00:00,0.0085
54935126197359005865759470122412489520668573958432708236792605627229004170180,1774648838,2026-03-27T22:00:38+00:00,0.0085
54935126197359005865759470122412489520668573958432708236792605627229004170180,1774652452,2026-03-27T23:00:52+00:00,0.0085
54935126197359005865759470122412489520668573958432708236792605627229004170180,1774656050,2026-03-28T00:00:50+00:00,0.0085
54935126197359005865759470122412489520668573958432708236792605627229004170180,1774659640,2026-03-28T01:00:40+00:00,0.0085
54935126197359005865759470122412489520668573958432708236792605627229004170180,1774663239,2026-03-28T02:00:39+00:00,0.0085
54935126197359005865759470122412489520668573958432708236792605627229004170180,1774666844,2026-03-28T03:00:44+00:00,0.0085
54935126197359005865759470122412489520668573958432708236792605627229004170180,1774670439,2026-03-28T04:00:39+00:00,0.0085
54935126197359005865759470122412489520668573958432708236792605627229004170180,1774674036,2026-03-28T05:00:36+00:00,0.0085
54935126197359005865759470122412489520668573958432708236792605627229004170180,1774677648,2026-03-28T06:00:48+00:00,0.0085
54935126197359005865759470122412489520668573958432708236792605627229004170180,1774681238,2026-03-28T07:00:38+00:00,0.0085
54935126197359005865759470122412489520668573958432708236792605627229004170180,1774684841,2026-03-28T08:00:41+00:00,0.0085
54935126197359005865759470122412489520668573958432708236792605627229004170180,1774688448,2026-03-28T09:00:48+00:00,0.0085
54935126197359005865759470122412489520668573958432708236792605627229004170180,1774692046,2026-03-28T10:00:46+00:00,0.0085
54935126197359005865759470122412489520668573958432708236792605627229004170180,1774695650,2026-03-28T11:00:50+00:00,0.0085
54935126197359005865759470122412489520668573958432708236792605627229004170180,1774699250,2026-03-28T12:00:50+00:00,0.009
54935126197359005865759470122412489520668573958432708236792605627229004170180,1774702852,2026-03-28T13:00:52+00:00,0.0085
54935126197359005865759470122412489520668573958432708236792605627229004170180,1774706451,2026-03-28T14:00:51+00:00,0.0085
54935126197359005865759470122412489520668573958432708236792605627229004170180,1774710056,2026-03-28T15:00:56+00:00,0.0085
54935126197359005865759470122412489520668573958432708236792605627229004170180,1774713642,2026-03-28T16:00:42+00:00,0.0085
54935126197359005865759470122412489520668573958432708236792605627229004170180,1774717259,2026-03-28T17:00:59+00:00,0.009
54935126197359005865759470122412489520668573958432708236792605627229004170180,1774720858,2026-03-28T18:00:58+00:00,0.0085
54935126197359005865759470122412489520668573958432708236792605627229004170180,1774724443,2026-03-28T19:00:43+00:00,0.0085
54935126197359005865759470122412489520668573958432708236792605627229004170180,1774728041,2026-03-28T20:00:41+00:00,0.0085
54935126197359005865759470122412489520668573958432708236792605627229004170180,1774731649,2026-03-28T21:00:49+00:00,0.0085
54935126197359005865759470122412489520668573958432708236792605627229004170180,1774735245,2026-03-28T22:00:45+00:00,0.0085
54935126197359005865759470122412489520668573958432708236792605627229004170180,1774738845,2026-03-28T23:00:45+00:00,0.0085
54935126197359005865759470122412489520668573958432708236792605627229004170180,1774742455,2026-03-29T00:00:55+00:00,0.0085
54935126197359005865759470122412489520668573958432708236792605627229004170180,1774746051,2026-03-29T01:00:51+00:00,0.0085
54935126197359005865759470122412489520668573958432708236792605627229004170180,1774749650,2026-03-29T02:00:50+00:00,0.0085
54935126197359005865759470122412489520668573958432708236792605627229004170180,1774753249,2026-03-29T03:00:49+00:00,0.0085
54935126197359005865759470122412489520668573958432708236792605627229004170180,1774756843,2026-03-29T04:00:43+00:00,0.0085
54935126197359005865759470122412489520668573958432708236792605627229004170180,1774760450,2026-03-29T05:00:50+00:00,0.0085
54935126197359005865759470122412489520668573958432708236792605627229004170180,1774767647,2026-03-29T07:00:47+00:00,0.0085
54935126197359005865759470122412489520668573958432708236792605627229004170180,1774771248,2026-03-29T08:00:48+00:00,0.0085
54935126197359005865759470122412489520668573958432708236792605627229004170180,1774774856,2026-03-29T09:00:56+00:00,0.0085
54935126197359005865759470122412489520668573958432708236792605627229004170180,1774778452,2026-03-29T10:00:52+00:00,0.0085
54935126197359005865759470122412489520668573958432708236792605627229004170180,1774782050,2026-03-29T11:00:50+00:00,0.0085
54935126197359005865759470122412489520668573958432708236792605627229004170180,1774789253,2026-03-29T13:00:53+00:00,0.0085
54935126197359005865759470122412489520668573958432708236792605627229004170180,1774792850,2026-03-29T14:00:50+00:00,0.0085
54935126197359005865759470122412489520668573958432708236792605627229004170180,1774796456,2026-03-29T15:00:56+00:00,0.0085
54935126197359005865759470122412489520668573958432708236792605627229004170180,1774800047,2026-03-29T16:00:47+00:00,0.0085
54935126197359005865759470122412489520668573958432708236792605627229004170180,1774803656,2026-03-29T17:00:56+00:00,0.0085
54935126197359005865759470122412489520668573958432708236792605627229004170180,1774810846,2026-03-29T19:00:46+00:00,0.0085
54935126197359005865759470122412489520668573958432708236792605627229004170180,1774814447,2026-03-29T20:00:47+00:00,0.0085
54935126197359005865759470122412489520668573958432708236792605627229004170180,1774818057,2026-03-29T21:00:57+00:00,0.0085
54935126197359005865759470122412489520668573958432708236792605627229004170180,1774832448,2026-03-30T01:00:48+00:00,0.0085
54935126197359005865759470122412489520668573958432708236792605627229004170180,1774836051,2026-03-30T02:00:51+00:00,0.0085
54935126197359005865759470122412489520668573958432708236792605627229004170180,1774850455,2026-03-30T06:00:55+00:00,0.0085
54935126197359005865759470122412489520668573958432708236792605627229004170180,1774857649,2026-03-30T08:00:49+00:00,0.0085
54935126197359005865759470122412489520668573958432708236792605627229004170180,1774864847,2026-03-30T10:00:47+00:00,0.0085
54935126197359005865759470122412489520668573958432708236792605627229004170180,1774868450,2026-03-30T11:00:50+00:00,0.0085
54935126197359005865759470122412489520668573958432708236792605627229004170180,1774886452,2026-03-30T16:00:52+00:00,0.0085
54935126197359005865759470122412489520668573958432708236792605627229004170180,1774904458,2026-03-30T21:00:58+00:00,0.0085
54935126197359005865759470122412489520668573958432708236792605627229004170180,1774908050,2026-03-30T22:00:50+00:00,0.0085
54935126197359005865759470122412489520668573958432708236792605627229004170180,1774911651,2026-03-30T23:00:51+00:00,0.0085
54935126197359005865759470122412489520668573958432708236792605627229004170180,1774918853,2026-03-31T01:00:53+00:00,0.0085
54935126197359005865759470122412489520668573958432708236792605627229004170180,1774929649,2026-03-31T04:00:49+00:00,0.0085
54935126197359005865759470122412489520668573958432708236792605627229004170180,1774933251,2026-03-31T05:00:51+00:00,0.0085
54935126197359005865759470122412489520668573958432708236792605627229004170180,1774944051,2026-03-31T08:00:51+00:00,0.0085
54935126197359005865759470122412489520668573958432708236792605627229004170180,1774951255,2026-03-31T10:00:55+00:00,0.0085
54935126197359005865759470122412489520668573958432708236792605627229004170180,1774962057,2026-03-31T13:00:57+00:00,0.0085
54935126197359005865759470122412489520668573958432708236792605627229004170180,1774969243,2026-03-31T15:00:43+00:00,0.0085
54935126197359005865759470122412489520668573958432708236792605627229004170180,1774976422,2026-03-31T17:00:22+00:00,0.0085
54935126197359005865759470122412489520668573958432708236792605627229004170180,1774980055,2026-03-31T18:00:55+00:00,0.0085
54935126197359005865759470122412489520668573958432708236792605627229004170180,1774998055,2026-03-31T23:00:55+00:00,0.0085
54935126197359005865759470122412489520668573958432708236792605627229004170180,1775005246,2026-04-01T01:00:46+00:00,0.0085
54935126197359005865759470122412489520668573958432708236792605627229004170180,1775008849,2026-04-01T02:00:49+00:00,0.0085
54935126197359005865759470122412489520668573958432708236792605627229004170180,1775012454,2026-04-01T03:00:54+00:00,0.0085
54935126197359005865759470122412489520668573958432708236792605627229004170180,1775019645,2026-04-01T05:00:45+00:00,0.0085
54935126197359005865759470122412489520668573958432708236792605627229004170180,1775023249,2026-04-01T06:00:49+00:00,0.0085
54935126197359005865759470122412489520668573958432708236792605627229004170180,1775026851,2026-04-01T07:00:51+00:00,0.0085
54935126197359005865759470122412489520668573958432708236792605627229004170180,1775030453,2026-04-01T08:00:53+00:00,0.0085
54935126197359005865759470122412489520668573958432708236792605627229004170180,1775034053,2026-04-01T09:00:53+00:00,0.0085
54935126197359005865759470122412489520668573958432708236792605627229004170180,1775037645,2026-04-01T10:00:45+00:00,0.0085
54935126197359005865759470122412489520668573958432708236792605627229004170180,1775041245,2026-04-01T11:00:45+00:00,0.0085
54935126197359005865759470122412489520668573958432708236792605627229004170180,1775048445,2026-04-01T13:00:45+00:00,0.0085
54935126197359005865759470122412489520668573958432708236792605627229004170180,1775052051,2026-04-01T14:00:51+00:00,0.0085
54935126197359005865759470122412489520668573958432708236792605627229004170180,1775055654,2026-04-01T15:00:54+00:00,0.0085
54935126197359005865759470122412489520668573958432708236792605627229004170180,1775059255,2026-04-01T16:00:55+00:00,0.0085
54935126197359005865759470122412489520668573958432708236792605627229004170180,1775066453,2026-04-01T18:00:53+00:00,0.0085
54935126197359005865759470122412489520668573958432708236792605627229004170180,1775077213,2026-04-01T21:00:13+00:00,0.0085
54935126197359005865759470122412489520668573958432708236792605627229004170180,1775080849,2026-04-01T22:00:49+00:00,0.0085
54935126197359005865759470122412489520668573958432708236792605627229004170180,1775091659,2026-04-02T01:00:59+00:00,0.0085
54935126197359005865759470122412489520668573958432708236792605627229004170180,1775095250,2026-04-02T02:00:50+00:00,0.0085
54935126197359005865759470122412489520668573958432708236792605627229004170180,1775102451,2026-04-02T04:00:51+00:00,0.0085
54935126197359005865759470122412489520668573958432708236792605627229004170180,1775106050,2026-04-02T05:00:50+00:00,0.0085
54935126197359005865759470122412489520668573958432708236792605627229004170180,1775113246,2026-04-02T07:00:46+00:00,0.0085
54935126197359005865759470122412489520668573958432708236792605627229004170180,1775116847,2026-04-02T08:00:47+00:00,0.0085
54935126197359005865759470122412489520668573958432708236792605627229004170180,1775120449,2026-04-02T09:00:49+00:00,0.0085
54935126197359005865759470122412489520668573958432708236792605627229004170180,1775124046,2026-04-02T10:00:46+00:00,0.0085
54935126197359005865759470122412489520668573958432708236792605627229004170180,1775127651,2026-04-02T11:00:51+00:00,0.0085
54935126197359005865759470122412489520668573958432708236792605627229004170180,1775145602,2026-04-02T16:00:02+00:00,0.0085
54935126197359005865759470122412489520668573958432708236792605627229004170180,1775149218,2026-04-02T17:00:18+00:00,0.0085
54935126197359005865759470122412489520668573958432708236792605627229004170180,1775152852,2026-04-02T18:00:52+00:00,0.0085
54935126197359005865759470122412489520668573958432708236792605627229004170180,1775156447,2026-04-02T19:00:47+00:00,0.0085
54935126197359005865759470122412489520668573958432708236792605627229004170180,1775160050,2026-04-02T20:00:50+00:00,0.0085
54935126197359005865759470122412489520668573958432708236792605627229004170180,1775167252,2026-04-02T22:00:52+00:00,0.0085
54935126197359005865759470122412489520668573958432708236792605627229004170180,1775170848,2026-04-02T23:00:48+00:00,0.0085
54935126197359005865759470122412489520668573958432708236792605627229004170180,1775178048,2026-04-03T01:00:48+00:00,0.0085
54935126197359005865759470122412489520668573958432708236792605627229004170180,1775181652,2026-04-03T02:00:52+00:00,0.0085
54935126197359005865759470122412489520668573958432708236792605627229004170180,1775188848,2026-04-03T04:00:48+00:00,0.0085
54935126197359005865759470122412489520668573958432708236792605627229004170180,1775192400,2026-04-03T05:00:00+00:00,0.0085
54935126197359005865759470122412489520668573958432708236792605627229004170180,1775199649,2026-04-03T07:00:49+00:00,0.0085
54935126197359005865759470122412489520668573958432708236792605627229004170180,1775203250,2026-04-03T08:00:50+00:00,0.0085
54935126197359005865759470122412489520668573958432708236792605627229004170180,1775206856,2026-04-03T09:00:56+00:00,0.0085
54935126197359005865759470122412489520668573958432708236792605627229004170180,1775210450,2026-04-03T10:00:50+00:00,0.0085
54935126197359005865759470122412489520668573958432708236792605627229004170180,1775214049,2026-04-03T11:00:49+00:00,0.0085
54935126197359005865759470122412489520668573958432708236792605627229004170180,1775224856,2026-04-03T14:00:56+00:00,0.0085
54935126197359005865759470122412489520668573958432708236792605627229004170180,1775232050,2026-04-03T16:00:50+00:00,0.0085
54935126197359005865759470122412489520668573958432708236792605627229004170180,1775239212,2026-04-03T18:00:12+00:00,0.0085
54935126197359005865759470122412489520668573958432708236792605627229004170180,1775242811,2026-04-03T19:00:11+00:00,0.0085
54935126197359005865759470122412489520668573958432708236792605627229004170180,1775253659,2026-04-03T22:00:59+00:00,0.0085
54935126197359005865759470122412489520668573958432708236792605627229004170180,1775268056,2026-04-04T02:00:56+00:00,0.0085
54935126197359005865759470122412489520668573958432708236792605627229004170180,1775271658,2026-04-04T03:00:58+00:00,0.0085
54935126197359005865759470122412489520668573958432708236792605627229004170180,1775286052,2026-04-04T07:00:52+00:00,0.0085
54935126197359005865759470122412489520668573958432708236792605627229004170180,1775289654,2026-04-04T08:00:54+00:00,0.0085
54935126197359005865759470122412489520668573958432708236792605627229004170180,1775322001,2026-04-04T17:00:01+00:00,0.0085
54935126197359005865759470122412489520668573958432708236792605627229004170180,1775361653,2026-04-05T04:00:53+00:00,0.0085
54935126197359005865759470122412489520668573958432708236792605627229004170180,1775365259,2026-04-05T05:00:59+00:00,0.0085
54935126197359005865759470122412489520668573958432708236792605627229004170180,1775383255,2026-04-05T10:00:55+00:00,0.0085
54935126197359005865759470122412489520668573958432708236792605627229004170180,1775448053,2026-04-06T04:00:53+00:00,0.0085
54935126197359005865759470122412489520668573958432708236792605627229004170180,1775451658,2026-04-06T05:00:58+00:00,0.0085
54935126197359005865759470122412489520668573958432708236792605627229004170180,1775458857,2026-04-06T07:00:57+00:00,0.0085
54935126197359005865759470122412489520668573958432708236792605627229004170180,1775462455,2026-04-06T08:00:55+00:00,0.0085
54935126197359005865759470122412489520668573958432708236792605627229004170180,1775469653,2026-04-06T10:00:53+00:00,0.0085
54935126197359005865759470122412489520668573958432708236792605627229004170180,1775473255,2026-04-06T11:00:55+00:00,0.0085
54935126197359005865759470122412489520668573958432708236792605627229004170180,1775480456,2026-04-06T13:00:56+00:00,0.0085
54935126197359005865759470122412489520668573958432708236792605627229004170180,1775484057,2026-04-06T14:00:57+00:00,0.0085
54935126197359005865759470122412489520668573958432708236792605627229004170180,1775498434,2026-04-06T18:00:34+00:00,0.0085
54935126197359005865759470122412489520668573958432708236792605627229004170180,1775505658,2026-04-06T20:00:58+00:00,0.0085
54935126197359005865759470122412489520668573958432708236792605627229004170180,1775512858,2026-04-06T22:00:58+00:00,0.0085
54935126197359005865759470122412489520668573958432708236792605627229004170180,1775527256,2026-04-07T02:00:56+00:00,0.0085
54935126197359005865759470122412489520668573958432708236792605627229004170180,1775534452,2026-04-07T04:00:52+00:00,0.0085
54935126197359005865759470122412489520668573958432708236792605627229004170180,1775545259,2026-04-07T07:00:59+00:00,0.0085
54935126197359005865759470122412489520668573958432708236792605627229004170180,1775570439,2026-04-07T14:00:39+00:00,0.0085
54935126197359005865759470122412489520668573958432708236792605627229004170180,1775581227,2026-04-07T17:00:27+00:00,0.0085
54935126197359005865759470122412489520668573958432708236792605627229004170180,1775584841,2026-04-07T18:00:41+00:00,0.0085
54935126197359005865759470122412489520668573958432708236792605627229004170180,1775588449,2026-04-07T19:00:49+00:00,0.0085
54935126197359005865759470122412489520668573958432708236792605627229004170180,1775613632,2026-04-08T02:00:32+00:00,0.0085
54935126197359005865759470122412489520668573958432708236792605627229004170180,1775635254,2026-04-08T08:00:54+00:00,0.0085
54935126197359005865759470122412489520668573958432708236792605627229004170180,1775638803,2026-04-08T09:00:03+00:00,0.0085
54935126197359005865759470122412489520668573958432708236792605627229004170180,1775649640,2026-04-08T12:00:40+00:00,0.0085
54935126197359005865759470122412489520668573958432708236792605627229004170180,1775653241,2026-04-08T13:00:41+00:00,0.0085
54935126197359005865759470122412489520668573958432708236792605627229004170180,1775660422,2026-04-08T15:00:22+00:00,0.0085
54935126197359005865759470122412489520668573958432708236792605627229004170180,1775689235,2026-04-08T23:00:35+00:00,0.0085
54935126197359005865759470122412489520668573958432708236792605627229004170180,1775692830,2026-04-09T00:00:30+00:00,0.0085
54935126197359005865759470122412489520668573958432708236792605627229004170180,1775696450,2026-04-09T01:00:50+00:00,0.0085
54935126197359005865759470122412489520668573958432708236792605627229004170180,1775700051,2026-04-09T02:00:51+00:00,0.0085
54935126197359005865759470122412489520668573958432708236792605627229004170180,1775703659,2026-04-09T03:00:59+00:00,0.0085
54935126197359005865759470122412489520668573958432708236792605627229004170180,1775707249,2026-04-09T04:00:49+00:00,0.0085
54935126197359005865759470122412489520668573958432708236792605627229004170180,1775710849,2026-04-09T05:00:49+00:00,0.0085
54935126197359005865759470122412489520668573958432708236792605627229004170180,1775718048,2026-04-09T07:00:48+00:00,0.0085
54935126197359005865759470122412489520668573958432708236792605627229004170180,1775721648,2026-04-09T08:00:48+00:00,0.0085
54935126197359005865759470122412489520668573958432708236792605627229004170180,1775728850,2026-04-09T10:00:50+00:00,0.0085
54935126197359005865759470122412489520668573958432708236792605627229004170180,1775732450,2026-04-09T11:00:50+00:00,0.0085
54935126197359005865759470122412489520668573958432708236792605627229004170180,1775739655,2026-04-09T13:00:55+00:00,0.0085
54935126197359005865759470122412489520668573958432708236792605627229004170180,1775750456,2026-04-09T16:00:56+00:00,0.0085
54935126197359005865759470122412489520668573958432708236792605627229004170180,1775764859,2026-04-09T20:00:59+00:00,0.0085
54935126197359005865759470122412489520668573958432708236792605627229004170180,1775782858,2026-04-10T01:00:58+00:00,0.0085
54935126197359005865759470122412489520668573958432708236792605627229004170180,1775786455,2026-04-10T02:00:55+00:00,0.0085
54935126197359005865759470122412489520668573958432708236792605627229004170180,1775800828,2026-04-10T06:00:28+00:00,0.0085
54935126197359005865759470122412489520668573958432708236792605627229004170180,1775804454,2026-04-10T07:00:54+00:00,0.0085
54935126197359005865759470122412489520668573958432708236792605627229004170180,1775818853,2026-04-10T11:00:53+00:00,0.0095
54935126197359005865759470122412489520668573958432708236792605627229004170180,1775826005,2026-04-10T13:00:05+00:00,0.0095
54935126197359005865759470122412489520668573958432708236792605627229004170180,1775833213,2026-04-10T15:00:13+00:00,0.0095
54935126197359005865759470122412489520668573958432708236792605627229004170180,1775840421,2026-04-10T17:00:21+00:00,0.0095
54935126197359005865759470122412489520668573958432708236792605627229004170180,1775862004,2026-04-10T23:00:04+00:00,0.0095
54935126197359005865759470122412489520668573958432708236792605627229004170180,1775869258,2026-04-11T01:00:58+00:00,0.0095
54935126197359005865759470122412489520668573958432708236792605627229004170180,1775890855,2026-04-11T07:00:55+00:00,0.0095
54935126197359005865759470122412489520668573958432708236792605627229004170180,1775894452,2026-04-11T08:00:52+00:00,0.0095
54935126197359005865759470122412489520668573958432708236792605627229004170180,1775901621,2026-04-11T10:00:21+00:00,0.0095
54935126197359005865759470122412489520668573958432708236792605627229004170180,1775905255,2026-04-11T11:00:55+00:00,0.0095
54935126197359005865759470122412489520668573958432708236792605627229004170180,1775955655,2026-04-12T01:00:55+00:00,0.0095
54935126197359005865759470122412489520668573958432708236792605627229004170180,1775959259,2026-04-12T02:00:59+00:00,0.0095
54935126197359005865759470122412489520668573958432708236792605627229004170180,1775966459,2026-04-12T04:00:59+00:00,0.0095
54935126197359005865759470122412489520668573958432708236792605627229004170180,1775977254,2026-04-12T07:00:54+00:00,0.0095
54935126197359005865759470122412489520668573958432708236792605627229004170180,1775991655,2026-04-12T11:00:55+00:00,0.0095
54935126197359005865759470122412489520668573958432708236792605627229004170180,1776042055,2026-04-13T01:00:55+00:00,0.0095
54935126197359005865759470122412489520668573958432708236792605627229004170180,1776049258,2026-04-13T03:00:58+00:00,0.0095
54935126197359005865759470122412489520668573958432708236792605627229004170180,1776052847,2026-04-13T04:00:47+00:00,0.0095
54935126197359005865759470122412489520668573958432708236792605627229004170180,1776063657,2026-04-13T07:00:57+00:00,0.0095
54935126197359005865759470122412489520668573958432708236792605627229004170180,1776067255,2026-04-13T08:00:55+00:00,0.0095
54935126197359005865759470122412489520668573958432708236792605627229004170180,1776128455,2026-04-14T01:00:55+00:00,0.0095
54935126197359005865759470122412489520668573958432708236792605627229004170180,1776153654,2026-04-14T08:00:54+00:00,0.0095
54935126197359005865759470122412489520668573958432708236792605627229004170180,1776160853,2026-04-14T10:00:53+00:00,0.0095
54935126197359005865759470122412489520668573958432708236792605627229004170180,1776189601,2026-04-14T18:00:01+00:00,0.0095
54935126197359005865759470122412489520668573958432708236792605627229004170180,1776214854,2026-04-15T01:00:54+00:00,0.0095
54935126197359005865759470122412489520668573958432708236792605627229004170180,1776225659,2026-04-15T04:00:59+00:00,0.0095
54935126197359005865759470122412489520668573958432708236792605627229004170180,1776286832,2026-04-15T21:00:32+00:00,0.0095
54935126197359005865759470122412489520668573958432708236792605627229004170180,1776301254,2026-04-16T01:00:54+00:00,0.0095
54935126197359005865759470122412489520668573958432708236792605627229004170180,1776337256,2026-04-16T11:00:56+00:00,0.0095
54935126197359005865759470122412489520668573958432708236792605627229004170180,1776358859,2026-04-16T17:00:59+00:00,0.0095
54935126197359005865759470122412489520668573958432708236792605627229004170180,1776362408,2026-04-16T18:00:08+00:00,0.0095
54935126197359005865759470122412489520668573958432708236792605627229004170180,1776369652,2026-04-16T20:00:52+00:00,0.0095
54935126197359005865759470122412489520668573958432708236792605627229004170180,1776373247,2026-04-16T21:00:47+00:00,0.0095
54935126197359005865759470122412489520668573958432708236792605627229004170180,1776376859,2026-04-16T22:00:59+00:00,0.0095
54935126197359005865759470122412489520668573958432708236792605627229004170180,1776380457,2026-04-16T23:00:57+00:00,0.0095
54935126197359005865759470122412489520668573958432708236792605627229004170180,1776387647,2026-04-17T01:00:47+00:00,0.0095
54935126197359005865759470122412489520668573958432708236792605627229004170180,1776391251,2026-04-17T02:00:51+00:00,0.0095
54935126197359005865759470122412489520668573958432708236792605627229004170180,1776394854,2026-04-17T03:00:54+00:00,0.0095
54935126197359005865759470122412489520668573958432708236792605627229004170180,1776398443,2026-04-17T04:00:43+00:00,0.0095
54935126197359005865759470122412489520668573958432708236792605627229004170180,1776402044,2026-04-17T05:00:44+00:00,0.0095
54935126197359005865759470122412489520668573958432708236792605627229004170180,1776405658,2026-04-17T06:00:58+00:00,0.0095
54935126197359005865759470122412489520668573958432708236792605627229004170180,1776409247,2026-04-17T07:00:47+00:00,0.0095
54935126197359005865759470122412489520668573958432708236792605627229004170180,1776420051,2026-04-17T10:00:51+00:00,0.0095
54935126197359005865759470122412489520668573958432708236792605627229004170180,1776423646,2026-04-17T11:00:46+00:00,0.0095
54935126197359005865759470122412489520668573958432708236792605627229004170180,1776430851,2026-04-17T13:00:51+00:00,0.0095
54935126197359005865759470122412489520668573958432708236792605627229004170180,1776438014,2026-04-17T15:00:14+00:00,0.0095
54935126197359005865759470122412489520668573958432708236792605627229004170180,1776441655,2026-04-17T16:00:55+00:00,0.0095
54935126197359005865759470122412489520668573958432708236792605627229004170180,1776445206,2026-04-17T17:00:06+00:00,0.0095
54935126197359005865759470122412489520668573958432708236792605627229004170180,1776448823,2026-04-17T18:00:23+00:00,0.0095
54935126197359005865759470122412489520668573958432708236792605627229004170180,1776456004,2026-04-17T20:00:04+00:00,0.0095
54935126197359005865759470122412489520668573958432708236792605627229004170180,1776463256,2026-04-17T22:00:56+00:00,0.0095
54935126197359005865759470122412489520668573958432708236792605627229004170180,1776466850,2026-04-17T23:00:50+00:00,0.0095
54935126197359005865759470122412489520668573958432708236792605627229004170180,1776474057,2026-04-18T01:00:57+00:00,0.0095
54935126197359005865759470122412489520668573958432708236792605627229004170180,1776484853,2026-04-18T04:00:53+00:00,0.0095
54935126197359005865759470122412489520668573958432708236792605627229004170180,1776488456,2026-04-18T05:00:56+00:00,0.0095
54935126197359005865759470122412489520668573958432708236792605627229004170180,1776492058,2026-04-18T06:00:58+00:00,0.0095
54935126197359005865759470122412489520668573958432708236792605627229004170180,1776495646,2026-04-18T07:00:46+00:00,0.0095
54935126197359005865759470122412489520668573958432708236792605627229004170180,1776499248,2026-04-18T08:00:48+00:00,0.0095
54935126197359005865759470122412489520668573958432708236792605627229004170180,1776502847,2026-04-18T09:00:47+00:00,0.0095
54935126197359005865759470122412489520668573958432708236792605627229004170180,1776506448,2026-04-18T10:00:48+00:00,0.0095
54935126197359005865759470122412489520668573958432708236792605627229004170180,1776517258,2026-04-18T13:00:58+00:00,0.0095
54935126197359005865759470122412489520668573958432708236792605627229004170180,1776520856,2026-04-18T14:00:56+00:00,0.0095
54935126197359005865759470122412489520668573958432708236792605627229004170180,1776528057,2026-04-18T16:00:57+00:00,0.0095
54935126197359005865759470122412489520668573958432708236792605627229004170180,1776531649,2026-04-18T17:00:49+00:00,0.0095
54935126197359005865759470122412489520668573958432708236792605627229004170180,1776538855,2026-04-18T19:00:55+00:00,0.0095
54935126197359005865759470122412489520668573958432708236792605627229004170180,1776546059,2026-04-18T21:00:59+00:00,0.0095
54935126197359005865759470122412489520668573958432708236792605627229004170180,1776549653,2026-04-18T22:00:53+00:00,0.0095
54935126197359005865759470122412489520668573958432708236792605627229004170180,1776553253,2026-04-18T23:00:53+00:00,0.0095
54935126197359005865759470122412489520668573958432708236792605627229004170180,1776560449,2026-04-19T01:00:49+00:00,0.0095
54935126197359005865759470122412489520668573958432708236792605627229004170180,1776564051,2026-04-19T02:00:51+00:00,0.0095
54935126197359005865759470122412489520668573958432708236792605627229004170180,1776567656,2026-04-19T03:00:56+00:00,0.0095
54935126197359005865759470122412489520668573958432708236792605627229004170180,1776571256,2026-04-19T04:00:56+00:00,0.0095
54935126197359005865759470122412489520668573958432708236792605627229004170180,1776574846,2026-04-19T05:00:46+00:00,0.0095
54935126197359005865759470122412489520668573958432708236792605627229004170180,1776578458,2026-04-19T06:00:58+00:00,0.0095
54935126197359005865759470122412489520668573958432708236792605627229004170180,1776582041,2026-04-19T07:00:41+00:00,0.0095
54935126197359005865759470122412489520668573958432708236792605627229004170180,1776592854,2026-04-19T10:00:54+00:00,0.0075
54935126197359005865759470122412489520668573958432708236792605627229004170180,1776596455,2026-04-19T11:00:55+00:00,0.0075
54935126197359005865759470122412489520668573958432708236792605627229004170180,1776603655,2026-04-19T13:00:55+00:00,0.0075
54935126197359005865759470122412489520668573958432708236792605627229004170180,1776607259,2026-04-19T14:00:59+00:00,0.0075
54935126197359005865759470122412489520668573958432708236792605627229004170180,1776614405,2026-04-19T16:00:05+00:00,0.109
54935126197359005865759470122412489520668573958432708236792605627229004170180,1776618059,2026-04-19T17:00:59+00:00,0.056
54935126197359005865759470122412489520668573958432708236792605627229004170180,1776636058,2026-04-19T22:00:58+00:00,0.032
54935126197359005865759470122412489520668573958432708236792605627229004170180,1776639652,2026-04-19T23:00:52+00:00,0.032
54935126197359005865759470122412489520668573958432708236792605627229004170180,1776646849,2026-04-20T01:00:49+00:00,0.033
54935126197359005865759470122412489520668573958432708236792605627229004170180,1776650452,2026-04-20T02:00:52+00:00,0.033
54935126197359005865759470122412489520668573958432708236792605627229004170180,1776654059,2026-04-20T03:00:59+00:00,0.033
54935126197359005865759470122412489520668573958432708236792605627229004170180,1776657648,2026-04-20T04:00:48+00:00,0.033
54935126197359005865759470122412489520668573958432708236792605627229004170180,1776659857,2026-04-20T04:37:37+00:00,0.0335
24315108267836543154857233535536136482524552716493402526894829400485516895736,1773982831,2026-03-20T05:00:31+00:00,0.014
24315108267836543154857233535536136482524552716493402526894829400485516895736,1773986442,2026-03-20T06:00:42+00:00,0.014
24315108267836543154857233535536136482524552716493402526894829400485516895736,1773990031,2026-03-20T07:00:31+00:00,0.0145
24315108267836543154857233535536136482524552716493402526894829400485516895736,1773993630,2026-03-20T08:00:30+00:00,0.0145
24315108267836543154857233535536136482524552716493402526894829400485516895736,1773997232,2026-03-20T09:00:32+00:00,0.0145
24315108267836543154857233535536136482524552716493402526894829400485516895736,1774000841,2026-03-20T10:00:41+00:00,0.014
24315108267836543154857233535536136482524552716493402526894829400485516895736,1774004427,2026-03-20T11:00:27+00:00,0.014
24315108267836543154857233535536136482524552716493402526894829400485516895736,1774008032,2026-03-20T12:00:32+00:00,0.014
24315108267836543154857233535536136482524552716493402526894829400485516895736,1774011626,2026-03-20T13:00:26+00:00,0.0145
24315108267836543154857233535536136482524552716493402526894829400485516895736,1774015234,2026-03-20T14:00:34+00:00,0.016
24315108267836543154857233535536136482524552716493402526894829400485516895736,1774018834,2026-03-20T15:00:34+00:00,0.016
24315108267836543154857233535536136482524552716493402526894829400485516895736,1774022428,2026-03-20T16:00:28+00:00,0.0145
24315108267836543154857233535536136482524552716493402526894829400485516895736,1774026029,2026-03-20T17:00:29+00:00,0.0145
24315108267836543154857233535536136482524552716493402526894829400485516895736,1774029637,2026-03-20T18:00:37+00:00,0.0135
24315108267836543154857233535536136482524552716493402526894829400485516895736,1774033231,2026-03-20T19:00:31+00:00,0.0135
24315108267836543154857233535536136482524552716493402526894829400485516895736,1774036831,2026-03-20T20:00:31+00:00,0.0135
24315108267836543154857233535536136482524552716493402526894829400485516895736,1774040439,2026-03-20T21:00:39+00:00,0.0135
24315108267836543154857233535536136482524552716493402526894829400485516895736,1774044037,2026-03-20T22:00:37+00:00,0.0135
24315108267836543154857233535536136482524552716493402526894829400485516895736,1774047631,2026-03-20T23:00:31+00:00,0.0135
24315108267836543154857233535536136482524552716493402526894829400485516895736,1774051235,2026-03-21T00:00:35+00:00,0.013
24315108267836543154857233535536136482524552716493402526894829400485516895736,1774054834,2026-03-21T01:00:34+00:00,0.013
24315108267836543154857233535536136482524552716493402526894829400485516895736,1774058445,2026-03-21T02:00:45+00:00,0.013
24315108267836543154857233535536136482524552716493402526894829400485516895736,1774062028,2026-03-21T03:00:28+00:00,0.0125
24315108267836543154857233535536136482524552716493402526894829400485516895736,1774065630,2026-03-21T04:00:30+00:00,0.0125
24315108267836543154857233535536136482524552716493402526894829400485516895736,1774069229,2026-03-21T05:00:29+00:00,0.0125
24315108267836543154857233535536136482524552716493402526894829400485516895736,1774072831,2026-03-21T06:00:31+00:00,0.0125
24315108267836543154857233535536136482524552716493402526894829400485516895736,1774076429,2026-03-21T07:00:29+00:00,0.0125
24315108267836543154857233535536136482524552716493402526894829400485516895736,1774080028,2026-03-21T08:00:28+00:00,0.0125
24315108267836543154857233535536136482524552716493402526894829400485516895736,1774083627,2026-03-21T09:00:27+00:00,0.0125
24315108267836543154857233535536136482524552716493402526894829400485516895736,1774087225,2026-03-21T10:00:25+00:00,0.0125
24315108267836543154857233535536136482524552716493402526894829400485516895736,1774090830,2026-03-21T11:00:30+00:00,0.0125
24315108267836543154857233535536136482524552716493402526894829400485516895736,1774094429,2026-03-21T12:00:29+00:00,0.012
24315108267836543154857233535536136482524552716493402526894829400485516895736,1774098033,2026-03-21T13:00:33+00:00,0.012
24315108267836543154857233535536136482524552716493402526894829400485516895736,1774101632,2026-03-21T14:00:32+00:00,0.0125
24315108267836543154857233535536136482524552716493402526894829400485516895736,1774105235,2026-03-21T15:00:35+00:00,0.012
24315108267836543154857233535536136482524552716493402526894829400485516895736,1774108844,2026-03-21T16:00:44+00:00,0.012
24315108267836543154857233535536136482524552716493402526894829400485516895736,1774112437,2026-03-21T17:00:37+00:00,0.0125
24315108267836543154857233535536136482524552716493402526894829400485516895736,1774116033,2026-03-21T18:00:33+00:00,0.0125
24315108267836543154857233535536136482524552716493402526894829400485516895736,1774119630,2026-03-21T19:00:30+00:00,0.0125
24315108267836543154857233535536136482524552716493402526894829400485516895736,1774123228,2026-03-21T20:00:28+00:00,0.0125
24315108267836543154857233535536136482524552716493402526894829400485516895736,1774126830,2026-03-21T21:00:30+00:00,0.0125
24315108267836543154857233535536136482524552716493402526894829400485516895736,1774130430,2026-03-21T22:00:30+00:00,0.0125
24315108267836543154857233535536136482524552716493402526894829400485516895736,1774134028,2026-03-21T23:00:28+00:00,0.012
24315108267836543154857233535536136482524552716493402526894829400485516895736,1774137633,2026-03-22T00:00:33+00:00,0.012
24315108267836543154857233535536136482524552716493402526894829400485516895736,1774141229,2026-03-22T01:00:29+00:00,0.012
24315108267836543154857233535536136482524552716493402526894829400485516895736,1774144824,2026-03-22T02:00:24+00:00,0.012
24315108267836543154857233535536136482524552716493402526894829400485516895736,1774148424,2026-03-22T03:00:24+00:00,0.012
24315108267836543154857233535536136482524552716493402526894829400485516895736,1774152024,2026-03-22T04:00:24+00:00,0.012
24315108267836543154857233535536136482524552716493402526894829400485516895736,1774155626,2026-03-22T05:00:26+00:00,0.012
24315108267836543154857233535536136482524552716493402526894829400485516895736,1774159226,2026-03-22T06:00:26+00:00,0.0125
24315108267836543154857233535536136482524552716493402526894829400485516895736,1774162822,2026-03-22T07:00:22+00:00,0.0125
24315108267836543154857233535536136482524552716493402526894829400485516895736,1774166425,2026-03-22T08:00:25+00:00,0.0125
24315108267836543154857233535536136482524552716493402526894829400485516895736,1774170024,2026-03-22T09:00:24+00:00,0.0125
24315108267836543154857233535536136482524552716493402526894829400485516895736,1774173624,2026-03-22T10:00:24+00:00,0.0125
24315108267836543154857233535536136482524552716493402526894829400485516895736,1774177223,2026-03-22T11:00:23+00:00,0.0125
24315108267836543154857233535536136482524552716493402526894829400485516895736,1774180840,2026-03-22T12:00:40+00:00,0.0125
24315108267836543154857233535536136482524552716493402526894829400485516895736,1774184429,2026-03-22T13:00:29+00:00,0.0125
24315108267836543154857233535536136482524552716493402526894829400485516895736,1774188024,2026-03-22T14:00:24+00:00,0.0125
24315108267836543154857233535536136482524552716493402526894829400485516895736,1774191624,2026-03-22T15:00:24+00:00,0.0125
24315108267836543154857233535536136482524552716493402526894829400485516895736,1774195226,2026-03-22T16:00:26+00:00,0.0125
24315108267836543154857233535536136482524552716493402526894829400485516895736,1774198838,2026-03-22T17:00:38+00:00,0.0125
24315108267836543154857233535536136482524552716493402526894829400485516895736,1774202426,2026-03-22T18:00:26+00:00,0.0125
24315108267836543154857233535536136482524552716493402526894829400485516895736,1774206027,2026-03-22T19:00:27+00:00,0.0125
24315108267836543154857233535536136482524552716493402526894829400485516895736,1774209625,2026-03-22T20:00:25+00:00,0.0125
24315108267836543154857233535536136482524552716493402526894829400485516895736,1774213226,2026-03-22T21:00:26+00:00,0.0125
24315108267836543154857233535536136482524552716493402526894829400485516895736,1774216825,2026-03-22T22:00:25+00:00,0.0125
24315108267836543154857233535536136482524552716493402526894829400485516895736,1774220428,2026-03-22T23:00:28+00:00,0.012
24315108267836543154857233535536136482524552716493402526894829400485516895736,1774224027,2026-03-23T00:00:27+00:00,0.012
24315108267836543154857233535536136482524552716493402526894829400485516895736,1774227625,2026-03-23T01:00:25+00:00,0.012
24315108267836543154857233535536136482524552716493402526894829400485516895736,1774231227,2026-03-23T02:00:27+00:00,0.012
24315108267836543154857233535536136482524552716493402526894829400485516895736,1774234829,2026-03-23T03:00:29+00:00,0.012
24315108267836543154857233535536136482524552716493402526894829400485516895736,1774238422,2026-03-23T04:00:22+00:00,0.012
24315108267836543154857233535536136482524552716493402526894829400485516895736,1774242030,2026-03-23T05:00:30+00:00,0.012
24315108267836543154857233535536136482524552716493402526894829400485516895736,1774245629,2026-03-23T06:00:29+00:00,0.012
24315108267836543154857233535536136482524552716493402526894829400485516895736,1774249227,2026-03-23T07:00:27+00:00,0.012
24315108267836543154857233535536136482524552716493402526894829400485516895736,1774252829,2026-03-23T08:00:29+00:00,0.012
24315108267836543154857233535536136482524552716493402526894829400485516895736,1774256438,2026-03-23T09:00:38+00:00,0.012
24315108267836543154857233535536136482524552716493402526894829400485516895736,1774260024,2026-03-23T10:00:24+00:00,0.012
24315108267836543154857233535536136482524552716493402526894829400485516895736,1774263623,2026-03-23T11:00:23+00:00,0.012
24315108267836543154857233535536136482524552716493402526894829400485516895736,1774267226,2026-03-23T12:00:26+00:00,0.012
24315108267836543154857233535536136482524552716493402526894829400485516895736,1774270827,2026-03-23T13:00:27+00:00,0.012
24315108267836543154857233535536136482524552716493402526894829400485516895736,1774274425,2026-03-23T14:00:25+00:00,0.0115
24315108267836543154857233535536136482524552716493402526894829400485516895736,1774278022,2026-03-23T15:00:22+00:00,0.0115
24315108267836543154857233535536136482524552716493402526894829400485516895736,1774281623,2026-03-23T16:00:23+00:00,0.0115
24315108267836543154857233535536136482524552716493402526894829400485516895736,1774285230,2026-03-23T17:00:30+00:00,0.0115
24315108267836543154857233535536136482524552716493402526894829400485516895736,1774288823,2026-03-23T18:00:23+00:00,0.0115
24315108267836543154857233535536136482524552716493402526894829400485516895736,1774292439,2026-03-23T19:00:39+00:00,0.0115
24315108267836543154857233535536136482524552716493402526894829400485516895736,1774296024,2026-03-23T20:00:24+00:00,0.0115
24315108267836543154857233535536136482524552716493402526894829400485516895736,1774299625,2026-03-23T21:00:25+00:00,0.0115
24315108267836543154857233535536136482524552716493402526894829400485516895736,1774303225,2026-03-23T22:00:25+00:00,0.0115
24315108267836543154857233535536136482524552716493402526894829400485516895736,1774306824,2026-03-23T23:00:24+00:00,0.0115
24315108267836543154857233535536136482524552716493402526894829400485516895736,1774310425,2026-03-24T00:00:25+00:00,0.0115
24315108267836543154857233535536136482524552716493402526894829400485516895736,1774314023,2026-03-24T01:00:23+00:00,0.0115
24315108267836543154857233535536136482524552716493402526894829400485516895736,1774317625,2026-03-24T02:00:25+00:00,0.0115
24315108267836543154857233535536136482524552716493402526894829400485516895736,1774321224,2026-03-24T03:00:24+00:00,0.0115
24315108267836543154857233535536136482524552716493402526894829400485516895736,1774324826,2026-03-24T04:00:26+00:00,0.0115
24315108267836543154857233535536136482524552716493402526894829400485516895736,1774328427,2026-03-24T05:00:27+00:00,0.0115
24315108267836543154857233535536136482524552716493402526894829400485516895736,1774332026,2026-03-24T06:00:26+00:00,0.0165
24315108267836543154857233535536136482524552716493402526894829400485516895736,1774335623,2026-03-24T07:00:23+00:00,0.0165
24315108267836543154857233535536136482524552716493402526894829400485516895736,1774339223,2026-03-24T08:00:23+00:00,0.0165
24315108267836543154857233535536136482524552716493402526894829400485516895736,1774342825,2026-03-24T09:00:25+00:00,0.015
24315108267836543154857233535536136482524552716493402526894829400485516895736,1774346422,2026-03-24T10:00:22+00:00,0.015
24315108267836543154857233535536136482524552716493402526894829400485516895736,1774350043,2026-03-24T11:00:43+00:00,0.015
24315108267836543154857233535536136482524552716493402526894829400485516895736,1774353630,2026-03-24T12:00:30+00:00,0.015
24315108267836543154857233535536136482524552716493402526894829400485516895736,1774357236,2026-03-24T13:00:36+00:00,0.0155
24315108267836543154857233535536136482524552716493402526894829400485516895736,1774360824,2026-03-24T14:00:24+00:00,0.0155
24315108267836543154857233535536136482524552716493402526894829400485516895736,1774364424,2026-03-24T15:00:24+00:00,0.015
24315108267836543154857233535536136482524552716493402526894829400485516895736,1774368023,2026-03-24T16:00:23+00:00,0.016
24315108267836543154857233535536136482524552716493402526894829400485516895736,1774371624,2026-03-24T17:00:24+00:00,0.016
24315108267836543154857233535536136482524552716493402526894829400485516895736,1774375227,2026-03-24T18:00:27+00:00,0.0155
24315108267836543154857233535536136482524552716493402526894829400485516895736,1774378823,2026-03-24T19:00:23+00:00,0.0145
24315108267836543154857233535536136482524552716493402526894829400485516895736,1774382426,2026-03-24T20:00:26+00:00,0.0145
24315108267836543154857233535536136482524552716493402526894829400485516895736,1774386026,2026-03-24T21:00:26+00:00,0.0145
24315108267836543154857233535536136482524552716493402526894829400485516895736,1774389621,2026-03-24T22:00:21+00:00,0.0135
24315108267836543154857233535536136482524552716493402526894829400485516895736,1774393226,2026-03-24T23:00:26+00:00,0.0135
24315108267836543154857233535536136482524552716493402526894829400485516895736,1774396827,2026-03-25T00:00:27+00:00,0.0135
24315108267836543154857233535536136482524552716493402526894829400485516895736,1774400424,2026-03-25T01:00:24+00:00,0.0135
24315108267836543154857233535536136482524552716493402526894829400485516895736,1774404025,2026-03-25T02:00:25+00:00,0.0135
24315108267836543154857233535536136482524552716493402526894829400485516895736,1774407622,2026-03-25T03:00:22+00:00,0.0135
24315108267836543154857233535536136482524552716493402526894829400485516895736,1774411227,2026-03-25T04:00:27+00:00,0.0135
24315108267836543154857233535536136482524552716493402526894829400485516895736,1774414826,2026-03-25T05:00:26+00:00,0.0135
24315108267836543154857233535536136482524552716493402526894829400485516895736,1774418425,2026-03-25T06:00:25+00:00,0.0135
24315108267836543154857233535536136482524552716493402526894829400485516895736,1774422024,2026-03-25T07:00:24+00:00,0.0135
24315108267836543154857233535536136482524552716493402526894829400485516895736,1774425623,2026-03-25T08:00:23+00:00,0.0135
24315108267836543154857233535536136482524552716493402526894829400485516895736,1774429226,2026-03-25T09:00:26+00:00,0.0135
24315108267836543154857233535536136482524552716493402526894829400485516895736,1774432826,2026-03-25T10:00:26+00:00,0.0135
24315108267836543154857233535536136482524552716493402526894829400485516895736,1774436427,2026-03-25T11:00:27+00:00,0.0135
24315108267836543154857233535536136482524552716493402526894829400485516895736,1774440028,2026-03-25T12:00:28+00:00,0.0135
24315108267836543154857233535536136482524552716493402526894829400485516895736,1774443628,2026-03-25T13:00:28+00:00,0.0135
24315108267836543154857233535536136482524552716493402526894829400485516895736,1774447237,2026-03-25T14:00:37+00:00,0.0135
24315108267836543154857233535536136482524552716493402526894829400485516895736,1774450827,2026-03-25T15:00:27+00:00,0.0135
24315108267836543154857233535536136482524552716493402526894829400485516895736,1774454428,2026-03-25T16:00:28+00:00,0.0135
24315108267836543154857233535536136482524552716493402526894829400485516895736,1774458025,2026-03-25T17:00:25+00:00,0.0135
24315108267836543154857233535536136482524552716493402526894829400485516895736,1774461626,2026-03-25T18:00:26+00:00,0.0135
24315108267836543154857233535536136482524552716493402526894829400485516895736,1774465227,2026-03-25T19:00:27+00:00,0.0135
24315108267836543154857233535536136482524552716493402526894829400485516895736,1774468828,2026-03-25T20:00:28+00:00,0.0135
24315108267836543154857233535536136482524552716493402526894829400485516895736,1774472423,2026-03-25T21:00:23+00:00,0.0135
24315108267836543154857233535536136482524552716493402526894829400485516895736,1774476024,2026-03-25T22:00:24+00:00,0.013
24315108267836543154857233535536136482524552716493402526894829400485516895736,1774479623,2026-03-25T23:00:23+00:00,0.0125
24315108267836543154857233535536136482524552716493402526894829400485516895736,1774483231,2026-03-26T00:00:31+00:00,0.0125
24315108267836543154857233535536136482524552716493402526894829400485516895736,1774486826,2026-03-26T01:00:26+00:00,0.0125
24315108267836543154857233535536136482524552716493402526894829400485516895736,1774490426,2026-03-26T02:00:26+00:00,0.012
24315108267836543154857233535536136482524552716493402526894829400485516895736,1774494028,2026-03-26T03:00:28+00:00,0.012
24315108267836543154857233535536136482524552716493402526894829400485516895736,1774497627,2026-03-26T04:00:27+00:00,0.012
24315108267836543154857233535536136482524552716493402526894829400485516895736,1774501222,2026-03-26T05:00:22+00:00,0.012
24315108267836543154857233535536136482524552716493402526894829400485516895736,1774504827,2026-03-26T06:00:27+00:00,0.012
24315108267836543154857233535536136482524552716493402526894829400485516895736,1774508437,2026-03-26T07:00:37+00:00,0.012
24315108267836543154857233535536136482524552716493402526894829400485516895736,1774512023,2026-03-26T08:00:23+00:00,0.012
24315108267836543154857233535536136482524552716493402526894829400485516895736,1774515623,2026-03-26T09:00:23+00:00,0.012
24315108267836543154857233535536136482524552716493402526894829400485516895736,1774519227,2026-03-26T10:00:27+00:00,0.012
24315108267836543154857233535536136482524552716493402526894829400485516895736,1774522822,2026-03-26T11:00:22+00:00,0.0125
24315108267836543154857233535536136482524552716493402526894829400485516895736,1774526440,2026-03-26T12:00:40+00:00,0.0125
24315108267836543154857233535536136482524552716493402526894829400485516895736,1774530027,2026-03-26T13:00:27+00:00,0.0125
24315108267836543154857233535536136482524552716493402526894829400485516895736,1774533627,2026-03-26T14:00:27+00:00,0.0125
24315108267836543154857233535536136482524552716493402526894829400485516895736,1774537225,2026-03-26T15:00:25+00:00,0.0125
24315108267836543154857233535536136482524552716493402526894829400485516895736,1774540824,2026-03-26T16:00:24+00:00,0.0125
24315108267836543154857233535536136482524552716493402526894829400485516895736,1774544432,2026-03-26T17:00:32+00:00,0.0125
24315108267836543154857233535536136482524552716493402526894829400485516895736,1774548025,2026-03-26T18:00:25+00:00,0.0125
24315108267836543154857233535536136482524552716493402526894829400485516895736,1774551638,2026-03-26T19:00:38+00:00,0.0125
24315108267836543154857233535536136482524552716493402526894829400485516895736,1774555235,2026-03-26T20:00:35+00:00,0.0125
24315108267836543154857233535536136482524552716493402526894829400485516895736,1774558839,2026-03-26T21:00:39+00:00,0.0125
24315108267836543154857233535536136482524552716493402526894829400485516895736,1774562435,2026-03-26T22:00:35+00:00,0.0125
24315108267836543154857233535536136482524552716493402526894829400485516895736,1774566032,2026-03-26T23:00:32+00:00,0.0125
24315108267836543154857233535536136482524552716493402526894829400485516895736,1774569646,2026-03-27T00:00:46+00:00,0.0125
24315108267836543154857233535536136482524552716493402526894829400485516895736,1774573238,2026-03-27T01:00:38+00:00,0.0125
24315108267836543154857233535536136482524552716493402526894829400485516895736,1774576840,2026-03-27T02:00:40+00:00,0.0125
24315108267836543154857233535536136482524552716493402526894829400485516895736,1774580443,2026-03-27T03:00:43+00:00,0.0125
24315108267836543154857233535536136482524552716493402526894829400485516895736,1774584035,2026-03-27T04:00:35+00:00,0.0125
24315108267836543154857233535536136482524552716493402526894829400485516895736,1774587637,2026-03-27T05:00:37+00:00,0.0125
24315108267836543154857233535536136482524552716493402526894829400485516895736,1774591242,2026-03-27T06:00:42+00:00,0.0125
24315108267836543154857233535536136482524552716493402526894829400485516895736,1774594836,2026-03-27T07:00:36+00:00,0.0125
24315108267836543154857233535536136482524552716493402526894829400485516895736,1774598432,2026-03-27T08:00:32+00:00,0.0125
24315108267836543154857233535536136482524552716493402526894829400485516895736,1774602039,2026-03-27T09:00:39+00:00,0.0125
24315108267836543154857233535536136482524552716493402526894829400485516895736,1774605632,2026-03-27T10:00:32+00:00,0.0125
24315108267836543154857233535536136482524552716493402526894829400485516895736,1774609236,2026-03-27T11:00:36+00:00,0.0125
24315108267836543154857233535536136482524552716493402526894829400485516895736,1774612844,2026-03-27T12:00:44+00:00,0.0125
24315108267836543154857233535536136482524552716493402526894829400485516895736,1774616442,2026-03-27T13:00:42+00:00,0.012
24315108267836543154857233535536136482524552716493402526894829400485516895736,1774620038,2026-03-27T14:00:38+00:00,0.012
24315108267836543154857233535536136482524552716493402526894829400485516895736,1774623640,2026-03-27T15:00:40+00:00,0.012
24315108267836543154857233535536136482524552716493402526894829400485516895736,1774627237,2026-03-27T16:00:37+00:00,0.012
24315108267836543154857233535536136482524552716493402526894829400485516895736,1774630850,2026-03-27T17:00:50+00:00,0.012
24315108267836543154857233535536136482524552716493402526894829400485516895736,1774634448,2026-03-27T18:00:48+00:00,0.012
24315108267836543154857233535536136482524552716493402526894829400485516895736,1774638038,2026-03-27T19:00:38+00:00,0.012
24315108267836543154857233535536136482524552716493402526894829400485516895736,1774641647,2026-03-27T20:00:47+00:00,0.012
24315108267836543154857233535536136482524552716493402526894829400485516895736,1774645247,2026-03-27T21:00:47+00:00,0.012
24315108267836543154857233535536136482524552716493402526894829400485516895736,1774648838,2026-03-27T22:00:38+00:00,0.012
24315108267836543154857233535536136482524552716493402526894829400485516895736,1774652452,2026-03-27T23:00:52+00:00,0.012
24315108267836543154857233535536136482524552716493402526894829400485516895736,1774656049,2026-03-28T00:00:49+00:00,0.012
24315108267836543154857233535536136482524552716493402526894829400485516895736,1774659639,2026-03-28T01:00:39+00:00,0.012
24315108267836543154857233535536136482524552716493402526894829400485516895736,1774663238,2026-03-28T02:00:38+00:00,0.012
24315108267836543154857233535536136482524552716493402526894829400485516895736,1774666843,2026-03-28T03:00:43+00:00,0.012
24315108267836543154857233535536136482524552716493402526894829400485516895736,1774670438,2026-03-28T04:00:38+00:00,0.012
24315108267836543154857233535536136482524552716493402526894829400485516895736,1774674035,2026-03-28T05:00:35+00:00,0.012
24315108267836543154857233535536136482524552716493402526894829400485516895736,1774677647,2026-03-28T06:00:47+00:00,0.012
24315108267836543154857233535536136482524552716493402526894829400485516895736,1774681237,2026-03-28T07:00:37+00:00,0.012
24315108267836543154857233535536136482524552716493402526894829400485516895736,1774684841,2026-03-28T08:00:41+00:00,0.0125
24315108267836543154857233535536136482524552716493402526894829400485516895736,1774688446,2026-03-28T09:00:46+00:00,0.012
24315108267836543154857233535536136482524552716493402526894829400485516895736,1774692045,2026-03-28T10:00:45+00:00,0.012
24315108267836543154857233535536136482524552716493402526894829400485516895736,1774695649,2026-03-28T11:00:49+00:00,0.0125
24315108267836543154857233535536136482524552716493402526894829400485516895736,1774699249,2026-03-28T12:00:49+00:00,0.013
24315108267836543154857233535536136482524552716493402526894829400485516895736,1774702851,2026-03-28T13:00:51+00:00,0.0125
24315108267836543154857233535536136482524552716493402526894829400485516895736,1774706450,2026-03-28T14:00:50+00:00,0.0125
24315108267836543154857233535536136482524552716493402526894829400485516895736,1774710054,2026-03-28T15:00:54+00:00,0.0125
24315108267836543154857233535536136482524552716493402526894829400485516895736,1774713641,2026-03-28T16:00:41+00:00,0.012
24315108267836543154857233535536136482524552716493402526894829400485516895736,1774717257,2026-03-28T17:00:57+00:00,0.012
24315108267836543154857233535536136482524552716493402526894829400485516895736,1774720857,2026-03-28T18:00:57+00:00,0.0125
24315108267836543154857233535536136482524552716493402526894829400485516895736,1774724442,2026-03-28T19:00:42+00:00,0.0125
24315108267836543154857233535536136482524552716493402526894829400485516895736,1774728040,2026-03-28T20:00:40+00:00,0.013
24315108267836543154857233535536136482524552716493402526894829400485516895736,1774731648,2026-03-28T21:00:48+00:00,0.0125
24315108267836543154857233535536136482524552716493402526894829400485516895736,1774735244,2026-03-28T22:00:44+00:00,0.0125
24315108267836543154857233535536136482524552716493402526894829400485516895736,1774738844,2026-03-28T23:00:44+00:00,0.0125
24315108267836543154857233535536136482524552716493402526894829400485516895736,1774742454,2026-03-29T00:00:54+00:00,0.0125
24315108267836543154857233535536136482524552716493402526894829400485516895736,1774746050,2026-03-29T01:00:50+00:00,0.0125
24315108267836543154857233535536136482524552716493402526894829400485516895736,1774749649,2026-03-29T02:00:49+00:00,0.0125
24315108267836543154857233535536136482524552716493402526894829400485516895736,1774753247,2026-03-29T03:00:47+00:00,0.0125
24315108267836543154857233535536136482524552716493402526894829400485516895736,1774756843,2026-03-29T04:00:43+00:00,0.0125
24315108267836543154857233535536136482524552716493402526894829400485516895736,1774760449,2026-03-29T05:00:49+00:00,0.0125
24315108267836543154857233535536136482524552716493402526894829400485516895736,1774764059,2026-03-29T06:00:59+00:00,0.0125
24315108267836543154857233535536136482524552716493402526894829400485516895736,1774767646,2026-03-29T07:00:46+00:00,0.013
24315108267836543154857233535536136482524552716493402526894829400485516895736,1774771247,2026-03-29T08:00:47+00:00,0.0125
24315108267836543154857233535536136482524552716493402526894829400485516895736,1774774855,2026-03-29T09:00:55+00:00,0.0125
24315108267836543154857233535536136482524552716493402526894829400485516895736,1774778450,2026-03-29T10:00:50+00:00,0.013
24315108267836543154857233535536136482524552716493402526894829400485516895736,1774782049,2026-03-29T11:00:49+00:00,0.013
24315108267836543154857233535536136482524552716493402526894829400485516895736,1774789251,2026-03-29T13:00:51+00:00,0.013
24315108267836543154857233535536136482524552716493402526894829400485516895736,1774792848,2026-03-29T14:00:48+00:00,0.013
24315108267836543154857233535536136482524552716493402526894829400485516895736,1774796454,2026-03-29T15:00:54+00:00,0.013
24315108267836543154857233535536136482524552716493402526894829400485516895736,1774800046,2026-03-29T16:00:46+00:00,0.013
24315108267836543154857233535536136482524552716493402526894829400485516895736,1774803655,2026-03-29T17:00:55+00:00,0.013
24315108267836543154857233535536136482524552716493402526894829400485516895736,1774810845,2026-03-29T19:00:45+00:00,0.013
24315108267836543154857233535536136482524552716493402526894829400485516895736,1774814446,2026-03-29T20:00:46+00:00,0.013
24315108267836543154857233535536136482524552716493402526894829400485516895736,1774818056,2026-03-29T21:00:56+00:00,0.013
24315108267836543154857233535536136482524552716493402526894829400485516895736,1774832447,2026-03-30T01:00:47+00:00,0.013
24315108267836543154857233535536136482524552716493402526894829400485516895736,1774836050,2026-03-30T02:00:50+00:00,0.013
24315108267836543154857233535536136482524552716493402526894829400485516895736,1774839659,2026-03-30T03:00:59+00:00,0.013
24315108267836543154857233535536136482524552716493402526894829400485516895736,1774843259,2026-03-30T04:00:59+00:00,0.013
24315108267836543154857233535536136482524552716493402526894829400485516895736,1774850454,2026-03-30T06:00:54+00:00,0.012
24315108267836543154857233535536136482524552716493402526894829400485516895736,1774857648,2026-03-30T08:00:48+00:00,0.012
24315108267836543154857233535536136482524552716493402526894829400485516895736,1774861258,2026-03-30T09:00:58+00:00,0.011
24315108267836543154857233535536136482524552716493402526894829400485516895736,1774864846,2026-03-30T10:00:46+00:00,0.0115
24315108267836543154857233535536136482524552716493402526894829400485516895736,1774868449,2026-03-30T11:00:49+00:00,0.011
24315108267836543154857233535536136482524552716493402526894829400485516895736,1774886451,2026-03-30T16:00:51+00:00,0.0115
24315108267836543154857233535536136482524552716493402526894829400485516895736,1774904457,2026-03-30T21:00:57+00:00,0.011
24315108267836543154857233535536136482524552716493402526894829400485516895736,1774908049,2026-03-30T22:00:49+00:00,0.0115
24315108267836543154857233535536136482524552716493402526894829400485516895736,1774911650,2026-03-30T23:00:50+00:00,0.011
24315108267836543154857233535536136482524552716493402526894829400485516895736,1774918852,2026-03-31T01:00:52+00:00,0.011
24315108267836543154857233535536136482524552716493402526894829400485516895736,1774929648,2026-03-31T04:00:48+00:00,0.0135
24315108267836543154857233535536136482524552716493402526894829400485516895736,1774933250,2026-03-31T05:00:50+00:00,0.0135
24315108267836543154857233535536136482524552716493402526894829400485516895736,1774944050,2026-03-31T08:00:50+00:00,0.0135
24315108267836543154857233535536136482524552716493402526894829400485516895736,1774951253,2026-03-31T10:00:53+00:00,0.0135
24315108267836543154857233535536136482524552716493402526894829400485516895736,1774954859,2026-03-31T11:00:59+00:00,0.0135
24315108267836543154857233535536136482524552716493402526894829400485516895736,1774962055,2026-03-31T13:00:55+00:00,0.0135
24315108267836543154857233535536136482524552716493402526894829400485516895736,1774965659,2026-03-31T14:00:59+00:00,0.0135
24315108267836543154857233535536136482524552716493402526894829400485516895736,1774969240,2026-03-31T15:00:40+00:00,0.0135
24315108267836543154857233535536136482524552716493402526894829400485516895736,1774976421,2026-03-31T17:00:21+00:00,0.0135
24315108267836543154857233535536136482524552716493402526894829400485516895736,1774980054,2026-03-31T18:00:54+00:00,0.0135
24315108267836543154857233535536136482524552716493402526894829400485516895736,1774998054,2026-03-31T23:00:54+00:00,0.0135
24315108267836543154857233535536136482524552716493402526894829400485516895736,1775005245,2026-04-01T01:00:45+00:00,0.0135
24315108267836543154857233535536136482524552716493402526894829400485516895736,1775008848,2026-04-01T02:00:48+00:00,0.0135
24315108267836543154857233535536136482524552716493402526894829400485516895736,1775012453,2026-04-01T03:00:53+00:00,0.0135
24315108267836543154857233535536136482524552716493402526894829400485516895736,1775019645,2026-04-01T05:00:45+00:00,0.0135
24315108267836543154857233535536136482524552716493402526894829400485516895736,1775023248,2026-04-01T06:00:48+00:00,0.0135
24315108267836543154857233535536136482524552716493402526894829400485516895736,1775026850,2026-04-01T07:00:50+00:00,0.0135
24315108267836543154857233535536136482524552716493402526894829400485516895736,1775030453,2026-04-01T08:00:53+00:00,0.0135
24315108267836543154857233535536136482524552716493402526894829400485516895736,1775034052,2026-04-01T09:00:52+00:00,0.0135
24315108267836543154857233535536136482524552716493402526894829400485516895736,1775037644,2026-04-01T10:00:44+00:00,0.0135
24315108267836543154857233535536136482524552716493402526894829400485516895736,1775041244,2026-04-01T11:00:44+00:00,0.0135
24315108267836543154857233535536136482524552716493402526894829400485516895736,1775048445,2026-04-01T13:00:45+00:00,0.0135
24315108267836543154857233535536136482524552716493402526894829400485516895736,1775052050,2026-04-01T14:00:50+00:00,0.0135
24315108267836543154857233535536136482524552716493402526894829400485516895736,1775055654,2026-04-01T15:00:54+00:00,0.0135
24315108267836543154857233535536136482524552716493402526894829400485516895736,1775059255,2026-04-01T16:00:55+00:00,0.0135
24315108267836543154857233535536136482524552716493402526894829400485516895736,1775066453,2026-04-01T18:00:53+00:00,0.0135
24315108267836543154857233535536136482524552716493402526894829400485516895736,1775073659,2026-04-01T20:00:59+00:00,0.0135
24315108267836543154857233535536136482524552716493402526894829400485516895736,1775077211,2026-04-01T21:00:11+00:00,0.0135
24315108267836543154857233535536136482524552716493402526894829400485516895736,1775080848,2026-04-01T22:00:48+00:00,0.0135
24315108267836543154857233535536136482524552716493402526894829400485516895736,1775084459,2026-04-01T23:00:59+00:00,0.0135
24315108267836543154857233535536136482524552716493402526894829400485516895736,1775091658,2026-04-02T01:00:58+00:00,0.0135
24315108267836543154857233535536136482524552716493402526894829400485516895736,1775095249,2026-04-02T02:00:49+00:00,0.0135
24315108267836543154857233535536136482524552716493402526894829400485516895736,1775102450,2026-04-02T04:00:50+00:00,0.0135
24315108267836543154857233535536136482524552716493402526894829400485516895736,1775106049,2026-04-02T05:00:49+00:00,0.0135
24315108267836543154857233535536136482524552716493402526894829400485516895736,1775113246,2026-04-02T07:00:46+00:00,0.0115
24315108267836543154857233535536136482524552716493402526894829400485516895736,1775116846,2026-04-02T08:00:46+00:00,0.0115
24315108267836543154857233535536136482524552716493402526894829400485516895736,1775120449,2026-04-02T09:00:49+00:00,0.0115
24315108267836543154857233535536136482524552716493402526894829400485516895736,1775124046,2026-04-02T10:00:46+00:00,0.0115
24315108267836543154857233535536136482524552716493402526894829400485516895736,1775127650,2026-04-02T11:00:50+00:00,0.0115
24315108267836543154857233535536136482524552716493402526894829400485516895736,1775131259,2026-04-02T12:00:59+00:00,0.0115
24315108267836543154857233535536136482524552716493402526894829400485516895736,1775145600,2026-04-02T16:00:00+00:00,0.0115
24315108267836543154857233535536136482524552716493402526894829400485516895736,1775149218,2026-04-02T17:00:18+00:00,0.0115
24315108267836543154857233535536136482524552716493402526894829400485516895736,1775152851,2026-04-02T18:00:51+00:00,0.0115
24315108267836543154857233535536136482524552716493402526894829400485516895736,1775156447,2026-04-02T19:00:47+00:00,0.0115
24315108267836543154857233535536136482524552716493402526894829400485516895736,1775160049,2026-04-02T20:00:49+00:00,0.0115
24315108267836543154857233535536136482524552716493402526894829400485516895736,1775167251,2026-04-02T22:00:51+00:00,0.0115
24315108267836543154857233535536136482524552716493402526894829400485516895736,1775170848,2026-04-02T23:00:48+00:00,0.0115
24315108267836543154857233535536136482524552716493402526894829400485516895736,1775178047,2026-04-03T01:00:47+00:00,0.0115
24315108267836543154857233535536136482524552716493402526894829400485516895736,1775181651,2026-04-03T02:00:51+00:00,0.0115
24315108267836543154857233535536136482524552716493402526894829400485516895736,1775188848,2026-04-03T04:00:48+00:00,0.0115
24315108267836543154857233535536136482524552716493402526894829400485516895736,1775199649,2026-04-03T07:00:49+00:00,0.0105
24315108267836543154857233535536136482524552716493402526894829400485516895736,1775203249,2026-04-03T08:00:49+00:00,0.0105
24315108267836543154857233535536136482524552716493402526894829400485516895736,1775206855,2026-04-03T09:00:55+00:00,0.0105
24315108267836543154857233535536136482524552716493402526894829400485516895736,1775210450,2026-04-03T10:00:50+00:00,0.0105
24315108267836543154857233535536136482524552716493402526894829400485516895736,1775214048,2026-04-03T11:00:48+00:00,0.0105
24315108267836543154857233535536136482524552716493402526894829400485516895736,1775224855,2026-04-03T14:00:55+00:00,0.0105
24315108267836543154857233535536136482524552716493402526894829400485516895736,1775232049,2026-04-03T16:00:49+00:00,0.0105
24315108267836543154857233535536136482524552716493402526894829400485516895736,1775239210,2026-04-03T18:00:10+00:00,0.0105
24315108267836543154857233535536136482524552716493402526894829400485516895736,1775242810,2026-04-03T19:00:10+00:00,0.0105
24315108267836543154857233535536136482524552716493402526894829400485516895736,1775253658,2026-04-03T22:00:58+00:00,0.0105
24315108267836543154857233535536136482524552716493402526894829400485516895736,1775268054,2026-04-04T02:00:54+00:00,0.0105
24315108267836543154857233535536136482524552716493402526894829400485516895736,1775271657,2026-04-04T03:00:57+00:00,0.0105
24315108267836543154857233535536136482524552716493402526894829400485516895736,1775286051,2026-04-04T07:00:51+00:00,0.0105
24315108267836543154857233535536136482524552716493402526894829400485516895736,1775289653,2026-04-04T08:00:53+00:00,0.0105
24315108267836543154857233535536136482524552716493402526894829400485516895736,1775361653,2026-04-05T04:00:53+00:00,0.009
24315108267836543154857233535536136482524552716493402526894829400485516895736,1775365258,2026-04-05T05:00:58+00:00,0.009
24315108267836543154857233535536136482524552716493402526894829400485516895736,1775383253,2026-04-05T10:00:53+00:00,0.009
24315108267836543154857233535536136482524552716493402526894829400485516895736,1775386858,2026-04-05T11:00:58+00:00,0.009
24315108267836543154857233535536136482524552716493402526894829400485516895736,1775437259,2026-04-06T01:00:59+00:00,0.0075
24315108267836543154857233535536136482524552716493402526894829400485516895736,1775448053,2026-04-06T04:00:53+00:00,0.0075
24315108267836543154857233535536136482524552716493402526894829400485516895736,1775451657,2026-04-06T05:00:57+00:00,0.0075
24315108267836543154857233535536136482524552716493402526894829400485516895736,1775458854,2026-04-06T07:00:54+00:00,0.0075
24315108267836543154857233535536136482524552716493402526894829400485516895736,1775462453,2026-04-06T08:00:53+00:00,0.0075
24315108267836543154857233535536136482524552716493402526894829400485516895736,1775469651,2026-04-06T10:00:51+00:00,0.0075
24315108267836543154857233535536136482524552716493402526894829400485516895736,1775473254,2026-04-06T11:00:54+00:00,0.0075
24315108267836543154857233535536136482524552716493402526894829400485516895736,1775480454,2026-04-06T13:00:54+00:00,0.0075
24315108267836543154857233535536136482524552716493402526894829400485516895736,1775484055,2026-04-06T14:00:55+00:00,0.0075
24315108267836543154857233535536136482524552716493402526894829400485516895736,1775498431,2026-04-06T18:00:31+00:00,0.0075
24315108267836543154857233535536136482524552716493402526894829400485516895736,1775505656,2026-04-06T20:00:56+00:00,0.0075
24315108267836543154857233535536136482524552716493402526894829400485516895736,1775512856,2026-04-06T22:00:56+00:00,0.0075
24315108267836543154857233535536136482524552716493402526894829400485516895736,1775523658,2026-04-07T01:00:58+00:00,0.0075
24315108267836543154857233535536136482524552716493402526894829400485516895736,1775527255,2026-04-07T02:00:55+00:00,0.0075
24315108267836543154857233535536136482524552716493402526894829400485516895736,1775530859,2026-04-07T03:00:59+00:00,0.0075
24315108267836543154857233535536136482524552716493402526894829400485516895736,1775534452,2026-04-07T04:00:52+00:00,0.0075
24315108267836543154857233535536136482524552716493402526894829400485516895736,1775545257,2026-04-07T07:00:57+00:00,0.0075
24315108267836543154857233535536136482524552716493402526894829400485516895736,1775559658,2026-04-07T11:00:58+00:00,0.0075
24315108267836543154857233535536136482524552716493402526894829400485516895736,1775566858,2026-04-07T13:00:58+00:00,0.0075
24315108267836543154857233535536136482524552716493402526894829400485516895736,1775570436,2026-04-07T14:00:36+00:00,0.0075
24315108267836543154857233535536136482524552716493402526894829400485516895736,1775581225,2026-04-07T17:00:25+00:00,0.0075
24315108267836543154857233535536136482524552716493402526894829400485516895736,1775584839,2026-04-07T18:00:39+00:00,0.0075
24315108267836543154857233535536136482524552716493402526894829400485516895736,1775588448,2026-04-07T19:00:48+00:00,0.0075
24315108267836543154857233535536136482524552716493402526894829400485516895736,1775613630,2026-04-08T02:00:30+00:00,0.0075
24315108267836543154857233535536136482524552716493402526894829400485516895736,1775635252,2026-04-08T08:00:52+00:00,0.0075
24315108267836543154857233535536136482524552716493402526894829400485516895736,1775649637,2026-04-08T12:00:37+00:00,0.0075
24315108267836543154857233535536136482524552716493402526894829400485516895736,1775653239,2026-04-08T13:00:39+00:00,0.0075
24315108267836543154857233535536136482524552716493402526894829400485516895736,1775660419,2026-04-08T15:00:19+00:00,0.0065
24315108267836543154857233535536136482524552716493402526894829400485516895736,1775689233,2026-04-08T23:00:33+00:00,0.0065
24315108267836543154857233535536136482524552716493402526894829400485516895736,1775692829,2026-04-09T00:00:29+00:00,0.0065
24315108267836543154857233535536136482524552716493402526894829400485516895736,1775696449,2026-04-09T01:00:49+00:00,0.0065
24315108267836543154857233535536136482524552716493402526894829400485516895736,1775700051,2026-04-09T02:00:51+00:00,0.0065
24315108267836543154857233535536136482524552716493402526894829400485516895736,1775703658,2026-04-09T03:00:58+00:00,0.0065
24315108267836543154857233535536136482524552716493402526894829400485516895736,1775707249,2026-04-09T04:00:49+00:00,0.0065
24315108267836543154857233535536136482524552716493402526894829400485516895736,1775710849,2026-04-09T05:00:49+00:00,0.0065
24315108267836543154857233535536136482524552716493402526894829400485516895736,1775714458,2026-04-09T06:00:58+00:00,0.0065
24315108267836543154857233535536136482524552716493402526894829400485516895736,1775718047,2026-04-09T07:00:47+00:00,0.0065
24315108267836543154857233535536136482524552716493402526894829400485516895736,1775721647,2026-04-09T08:00:47+00:00,0.0065
24315108267836543154857233535536136482524552716493402526894829400485516895736,1775725259,2026-04-09T09:00:59+00:00,0.0065
24315108267836543154857233535536136482524552716493402526894829400485516895736,1775728849,2026-04-09T10:00:49+00:00,0.0065
24315108267836543154857233535536136482524552716493402526894829400485516895736,1775732449,2026-04-09T11:00:49+00:00,0.0065
24315108267836543154857233535536136482524552716493402526894829400485516895736,1775739654,2026-04-09T13:00:54+00:00,0.0065
24315108267836543154857233535536136482524552716493402526894829400485516895736,1775743259,2026-04-09T14:00:59+00:00,0.0065
24315108267836543154857233535536136482524552716493402526894829400485516895736,1775750456,2026-04-09T16:00:56+00:00,0.0065
24315108267836543154857233535536136482524552716493402526894829400485516895736,1775764858,2026-04-09T20:00:58+00:00,0.0065
24315108267836543154857233535536136482524552716493402526894829400485516895736,1775775659,2026-04-09T23:00:59+00:00,0.0055
24315108267836543154857233535536136482524552716493402526894829400485516895736,1775782857,2026-04-10T01:00:57+00:00,0.0055
24315108267836543154857233535536136482524552716493402526894829400485516895736,1775786454,2026-04-10T02:00:54+00:00,0.0055
24315108267836543154857233535536136482524552716493402526894829400485516895736,1775793659,2026-04-10T04:00:59+00:00,0.005
24315108267836543154857233535536136482524552716493402526894829400485516895736,1775797259,2026-04-10T05:00:59+00:00,0.0035
24315108267836543154857233535536136482524552716493402526894829400485516895736,1775800825,2026-04-10T06:00:25+00:00,0.0035
24315108267836543154857233535536136482524552716493402526894829400485516895736,1775804453,2026-04-10T07:00:53+00:00,0.0035
24315108267836543154857233535536136482524552716493402526894829400485516895736,1775818852,2026-04-10T11:00:52+00:00,0.0035
24315108267836543154857233535536136482524552716493402526894829400485516895736,1775826003,2026-04-10T13:00:03+00:00,0.0035
24315108267836543154857233535536136482524552716493402526894829400485516895736,1775833208,2026-04-10T15:00:08+00:00,0.0035
24315108267836543154857233535536136482524552716493402526894829400485516895736,1775840420,2026-04-10T17:00:20+00:00,0.0055
24315108267836543154857233535536136482524552716493402526894829400485516895736,1775862002,2026-04-10T23:00:02+00:00,0.0055
24315108267836543154857233535536136482524552716493402526894829400485516895736,1775869257,2026-04-11T01:00:57+00:00,0.0055
24315108267836543154857233535536136482524552716493402526894829400485516895736,1775890854,2026-04-11T07:00:54+00:00,0.0055
24315108267836543154857233535536136482524552716493402526894829400485516895736,1775894452,2026-04-11T08:00:52+00:00,0.0055
24315108267836543154857233535536136482524552716493402526894829400485516895736,1775901620,2026-04-11T10:00:20+00:00,0.0055
24315108267836543154857233535536136482524552716493402526894829400485516895736,1775905254,2026-04-11T11:00:54+00:00,0.0055
24315108267836543154857233535536136482524552716493402526894829400485516895736,1775955654,2026-04-12T01:00:54+00:00,0.0055
24315108267836543154857233535536136482524552716493402526894829400485516895736,1775959258,2026-04-12T02:00:58+00:00,0.0055
24315108267836543154857233535536136482524552716493402526894829400485516895736,1775966458,2026-04-12T04:00:58+00:00,0.0045
24315108267836543154857233535536136482524552716493402526894829400485516895736,1775977253,2026-04-12T07:00:53+00:00,0.0045
24315108267836543154857233535536136482524552716493402526894829400485516895736,1775991653,2026-04-12T11:00:53+00:00,0.0045
24315108267836543154857233535536136482524552716493402526894829400485516895736,1776042054,2026-04-13T01:00:54+00:00,0.0045
24315108267836543154857233535536136482524552716493402526894829400485516895736,1776049257,2026-04-13T03:00:57+00:00,0.0045
24315108267836543154857233535536136482524552716493402526894829400485516895736,1776052847,2026-04-13T04:00:47+00:00,0.006
24315108267836543154857233535536136482524552716493402526894829400485516895736,1776063656,2026-04-13T07:00:56+00:00,0.0055
24315108267836543154857233535536136482524552716493402526894829400485516895736,1776067254,2026-04-13T08:00:54+00:00,0.0055
24315108267836543154857233535536136482524552716493402526894829400485516895736,1776128454,2026-04-14T01:00:54+00:00,0.0035
24315108267836543154857233535536136482524552716493402526894829400485516895736,1776153653,2026-04-14T08:00:53+00:00,0.0035
24315108267836543154857233535536136482524552716493402526894829400485516895736,1776160852,2026-04-14T10:00:52+00:00,0.0035
24315108267836543154857233535536136482524552716493402526894829400485516895736,1776214853,2026-04-15T01:00:53+00:00,0.004
24315108267836543154857233535536136482524552716493402526894829400485516895736,1776225657,2026-04-15T04:00:57+00:00,0.0055
24315108267836543154857233535536136482524552716493402526894829400485516895736,1776250858,2026-04-15T11:00:58+00:00,0.0055
24315108267836543154857233535536136482524552716493402526894829400485516895736,1776261658,2026-04-15T14:00:58+00:00,0.005
24315108267836543154857233535536136482524552716493402526894829400485516895736,1776286830,2026-04-15T21:00:30+00:00,0.0045
24315108267836543154857233535536136482524552716493402526894829400485516895736,1776290459,2026-04-15T22:00:59+00:00,0.0045
24315108267836543154857233535536136482524552716493402526894829400485516895736,1776294059,2026-04-15T23:00:59+00:00,0.0035
24315108267836543154857233535536136482524552716493402526894829400485516895736,1776301252,2026-04-16T01:00:52+00:00,0.0035
24315108267836543154857233535536136482524552716493402526894829400485516895736,1776337254,2026-04-16T11:00:54+00:00,0.0065
24315108267836543154857233535536136482524552716493402526894829400485516895736,1776387655,2026-04-17T01:00:55+00:00,0.0065
24315108267836543154857233535536136482524552716493402526894829400485516895736,1776391259,2026-04-17T02:00:59+00:00,0.0065
24315108267836543154857233535536136482524552716493402526894829400485516895736,1776398452,2026-04-17T04:00:52+00:00,0.0065
24315108267836543154857233535536136482524552716493402526894829400485516895736,1776402054,2026-04-17T05:00:54+00:00,0.0065
24315108267836543154857233535536136482524552716493402526894829400485516895736,1776409256,2026-04-17T07:00:56+00:00,0.0065
24315108267836543154857233535536136482524552716493402526894829400485516895736,1776412802,2026-04-17T08:00:02+00:00,0.0065
24315108267836543154857233535536136482524552716493402526894829400485516895736,1776423655,2026-04-17T11:00:55+00:00,0.0065
24315108267836543154857233535536136482524552716493402526894829400485516895736,1776438034,2026-04-17T15:00:34+00:00,0.0065
24315108267836543154857233535536136482524552716493402526894829400485516895736,1776445218,2026-04-17T17:00:18+00:00,0.0065
24315108267836543154857233535536136482524552716493402526894829400485516895736,1776448839,2026-04-17T18:00:39+00:00,0.0055
24315108267836543154857233535536136482524552716493402526894829400485516895736,1776452407,2026-04-17T19:00:07+00:00,0.0055
24315108267836543154857233535536136482524552716493402526894829400485516895736,1776456015,2026-04-17T20:00:15+00:00,0.0055
24315108267836543154857233535536136482524552716493402526894829400485516895736,1776470423,2026-04-18T00:00:23+00:00,0.0055
24315108267836543154857233535536136482524552716493402526894829400485516895736,1776495656,2026-04-18T07:00:56+00:00,0.006
24315108267836543154857233535536136482524552716493402526894829400485516895736,1776499258,2026-04-18T08:00:58+00:00,0.006
24315108267836543154857233535536136482524552716493402526894829400485516895736,1776510015,2026-04-18T11:00:15+00:00,0.0055
24315108267836543154857233535536136482524552716493402526894829400485516895736,1776524436,2026-04-18T15:00:36+00:00,0.0055
24315108267836543154857233535536136482524552716493402526894829400485516895736,1776535213,2026-04-18T18:00:13+00:00,0.0055
24315108267836543154857233535536136482524552716493402526894829400485516895736,1776560459,2026-04-19T01:00:59+00:00,0.004
24315108267836543154857233535536136482524552716493402526894829400485516895736,1776574856,2026-04-19T05:00:56+00:00,0.0035
24315108267836543154857233535536136482524552716493402526894829400485516895736,1776582051,2026-04-19T07:00:51+00:00,0.0025
24315108267836543154857233535536136482524552716493402526894829400485516895736,1776614422,2026-04-19T16:00:22+00:00,0.0025
24315108267836543154857233535536136482524552716493402526894829400485516895736,1776659863,2026-04-20T04:37:43+00:00,0.0015
7345183309756257693783741573478340128830660331823026035095352170224920670792,1773982828,2026-03-20T05:00:28+00:00,0.135
7345183309756257693783741573478340128830660331823026035095352170224920670792,1773986438,2026-03-20T06:00:38+00:00,0.136
7345183309756257693783741573478340128830660331823026035095352170224920670792,1773990027,2026-03-20T07:00:27+00:00,0.1365
7345183309756257693783741573478340128830660331823026035095352170224920670792,1773993627,2026-03-20T08:00:27+00:00,0.1365
7345183309756257693783741573478340128830660331823026035095352170224920670792,1773997227,2026-03-20T09:00:27+00:00,0.136
7345183309756257693783741573478340128830660331823026035095352170224920670792,1774000830,2026-03-20T10:00:30+00:00,0.138
7345183309756257693783741573478340128830660331823026035095352170224920670792,1774004424,2026-03-20T11:00:24+00:00,0.1565
7345183309756257693783741573478340128830660331823026035095352170224920670792,1774008028,2026-03-20T12:00:28+00:00,0.1475
7345183309756257693783741573478340128830660331823026035095352170224920670792,1774011623,2026-03-20T13:00:23+00:00,0.1545
7345183309756257693783741573478340128830660331823026035095352170224920670792,1774015231,2026-03-20T14:00:31+00:00,0.1545
7345183309756257693783741573478340128830660331823026035095352170224920670792,1774018831,2026-03-20T15:00:31+00:00,0.1485
7345183309756257693783741573478340128830660331823026035095352170224920670792,1774022426,2026-03-20T16:00:26+00:00,0.147
7345183309756257693783741573478340128830660331823026035095352170224920670792,1774026026,2026-03-20T17:00:26+00:00,0.148
7345183309756257693783741573478340128830660331823026035095352170224920670792,1774029633,2026-03-20T18:00:33+00:00,0.156
7345183309756257693783741573478340128830660331823026035095352170224920670792,1774033228,2026-03-20T19:00:28+00:00,0.1495
7345183309756257693783741573478340128830660331823026035095352170224920670792,1774036827,2026-03-20T20:00:27+00:00,0.144
7345183309756257693783741573478340128830660331823026035095352170224920670792,1774040432,2026-03-20T21:00:32+00:00,0.154
7345183309756257693783741573478340128830660331823026035095352170224920670792,1774044033,2026-03-20T22:00:33+00:00,0.1485
7345183309756257693783741573478340128830660331823026035095352170224920670792,1774047627,2026-03-20T23:00:27+00:00,0.1385
7345183309756257693783741573478340128830660331823026035095352170224920670792,1774051231,2026-03-21T00:00:31+00:00,0.146
7345183309756257693783741573478340128830660331823026035095352170224920670792,1774054830,2026-03-21T01:00:30+00:00,0.151
7345183309756257693783741573478340128830660331823026035095352170224920670792,1774058443,2026-03-21T02:00:43+00:00,0.139
7345183309756257693783741573478340128830660331823026035095352170224920670792,1774062024,2026-03-21T03:00:24+00:00,0.1495
7345183309756257693783741573478340128830660331823026035095352170224920670792,1774065627,2026-03-21T04:00:27+00:00,0.1425
7345183309756257693783741573478340128830660331823026035095352170224920670792,1774069227,2026-03-21T05:00:27+00:00,0.1525
7345183309756257693783741573478340128830660331823026035095352170224920670792,1774072827,2026-03-21T06:00:27+00:00,0.156
7345183309756257693783741573478340128830660331823026035095352170224920670792,1774076426,2026-03-21T07:00:26+00:00,0.1515
7345183309756257693783741573478340128830660331823026035095352170224920670792,1774080025,2026-03-21T08:00:25+00:00,0.1435
7345183309756257693783741573478340128830660331823026035095352170224920670792,1774083624,2026-03-21T09:00:24+00:00,0.1435
7345183309756257693783741573478340128830660331823026035095352170224920670792,1774087223,2026-03-21T10:00:23+00:00,0.147
7345183309756257693783741573478340128830660331823026035095352170224920670792,1774090826,2026-03-21T11:00:26+00:00,0.16
7345183309756257693783741573478340128830660331823026035095352170224920670792,1774094425,2026-03-21T12:00:25+00:00,0.1595
7345183309756257693783741573478340128830660331823026035095352170224920670792,1774098030,2026-03-21T13:00:30+00:00,0.157
7345183309756257693783741573478340128830660331823026035095352170224920670792,1774101628,2026-03-21T14:00:28+00:00,0.1575
7345183309756257693783741573478340128830660331823026035095352170224920670792,1774105229,2026-03-21T15:00:29+00:00,0.159
7345183309756257693783741573478340128830660331823026035095352170224920670792,1774108840,2026-03-21T16:00:40+00:00,0.159
7345183309756257693783741573478340128830660331823026035095352170224920670792,1774112429,2026-03-21T17:00:29+00:00,0.158
7345183309756257693783741573478340128830660331823026035095352170224920670792,1774116029,2026-03-21T18:00:29+00:00,0.154
7345183309756257693783741573478340128830660331823026035095352170224920670792,1774119627,2026-03-21T19:00:27+00:00,0.1965
7345183309756257693783741573478340128830660331823026035095352170224920670792,1774123224,2026-03-21T20:00:24+00:00,0.1925
7345183309756257693783741573478340128830660331823026035095352170224920670792,1774126827,2026-03-21T21:00:27+00:00,0.192
7345183309756257693783741573478340128830660331823026035095352170224920670792,1774130425,2026-03-21T22:00:25+00:00,0.1915
7345183309756257693783741573478340128830660331823026035095352170224920670792,1774134025,2026-03-21T23:00:25+00:00,0.1915
7345183309756257693783741573478340128830660331823026035095352170224920670792,1774137629,2026-03-22T00:00:29+00:00,0.1915
7345183309756257693783741573478340128830660331823026035095352170224920670792,1774141226,2026-03-22T01:00:26+00:00,0.218
7345183309756257693783741573478340128830660331823026035095352170224920670792,1774144821,2026-03-22T02:00:21+00:00,0.226
7345183309756257693783741573478340128830660331823026035095352170224920670792,1774148421,2026-03-22T03:00:21+00:00,0.2145
7345183309756257693783741573478340128830660331823026035095352170224920670792,1774152022,2026-03-22T04:00:22+00:00,0.215
7345183309756257693783741573478340128830660331823026035095352170224920670792,1774155622,2026-03-22T05:00:22+00:00,0.2165
7345183309756257693783741573478340128830660331823026035095352170224920670792,1774159222,2026-03-22T06:00:22+00:00,0.2215
7345183309756257693783741573478340128830660331823026035095352170224920670792,1774162820,2026-03-22T07:00:20+00:00,0.215
7345183309756257693783741573478340128830660331823026035095352170224920670792,1774166423,2026-03-22T08:00:23+00:00,0.1895
7345183309756257693783741573478340128830660331823026035095352170224920670792,1774170020,2026-03-22T09:00:20+00:00,0.188
7345183309756257693783741573478340128830660331823026035095352170224920670792,1774173621,2026-03-22T10:00:21+00:00,0.188
7345183309756257693783741573478340128830660331823026035095352170224920670792,1774177220,2026-03-22T11:00:20+00:00,0.186
7345183309756257693783741573478340128830660331823026035095352170224920670792,1774180836,2026-03-22T12:00:36+00:00,0.1885
7345183309756257693783741573478340128830660331823026035095352170224920670792,1774184423,2026-03-22T13:00:23+00:00,0.179
7345183309756257693783741573478340128830660331823026035095352170224920670792,1774188021,2026-03-22T14:00:21+00:00,0.1805
7345183309756257693783741573478340128830660331823026035095352170224920670792,1774191620,2026-03-22T15:00:20+00:00,0.1805
7345183309756257693783741573478340128830660331823026035095352170224920670792,1774195223,2026-03-22T16:00:23+00:00,0.182
7345183309756257693783741573478340128830660331823026035095352170224920670792,1774198827,2026-03-22T17:00:27+00:00,0.183
7345183309756257693783741573478340128830660331823026035095352170224920670792,1774202423,2026-03-22T18:00:23+00:00,0.1845
7345183309756257693783741573478340128830660331823026035095352170224920670792,1774206024,2026-03-22T19:00:24+00:00,0.1855
7345183309756257693783741573478340128830660331823026035095352170224920670792,1774209622,2026-03-22T20:00:22+00:00,0.1855
7345183309756257693783741573478340128830660331823026035095352170224920670792,1774213222,2026-03-22T21:00:22+00:00,0.126
7345183309756257693783741573478340128830660331823026035095352170224920670792,1774216822,2026-03-22T22:00:22+00:00,0.125
7345183309756257693783741573478340128830660331823026035095352170224920670792,1774220426,2026-03-22T23:00:26+00:00,0.126
7345183309756257693783741573478340128830660331823026035095352170224920670792,1774224023,2026-03-23T00:00:23+00:00,0.1575
7345183309756257693783741573478340128830660331823026035095352170224920670792,1774227623,2026-03-23T01:00:23+00:00,0.159
7345183309756257693783741573478340128830660331823026035095352170224920670792,1774231224,2026-03-23T02:00:24+00:00,0.16
7345183309756257693783741573478340128830660331823026035095352170224920670792,1774234826,2026-03-23T03:00:26+00:00,0.1905
7345183309756257693783741573478340128830660331823026035095352170224920670792,1774238420,2026-03-23T04:00:20+00:00,0.186
7345183309756257693783741573478340128830660331823026035095352170224920670792,1774242027,2026-03-23T05:00:27+00:00,0.183
7345183309756257693783741573478340128830660331823026035095352170224920670792,1774245626,2026-03-23T06:00:26+00:00,0.182
7345183309756257693783741573478340128830660331823026035095352170224920670792,1774249225,2026-03-23T07:00:25+00:00,0.174
7345183309756257693783741573478340128830660331823026035095352170224920670792,1774252825,2026-03-23T08:00:25+00:00,0.168
7345183309756257693783741573478340128830660331823026035095352170224920670792,1774256435,2026-03-23T09:00:35+00:00,0.168
7345183309756257693783741573478340128830660331823026035095352170224920670792,1774260021,2026-03-23T10:00:21+00:00,0.167
7345183309756257693783741573478340128830660331823026035095352170224920670792,1774263621,2026-03-23T11:00:21+00:00,0.165
7345183309756257693783741573478340128830660331823026035095352170224920670792,1774267223,2026-03-23T12:00:23+00:00,0.165
7345183309756257693783741573478340128830660331823026035095352170224920670792,1774270823,2026-03-23T13:00:23+00:00,0.1645
7345183309756257693783741573478340128830660331823026035095352170224920670792,1774274422,2026-03-23T14:00:22+00:00,0.166
7345183309756257693783741573478340128830660331823026035095352170224920670792,1774278019,2026-03-23T15:00:19+00:00,0.167
7345183309756257693783741573478340128830660331823026035095352170224920670792,1774281620,2026-03-23T16:00:20+00:00,0.164
7345183309756257693783741573478340128830660331823026035095352170224920670792,1774285223,2026-03-23T17:00:23+00:00,0.151
7345183309756257693783741573478340128830660331823026035095352170224920670792,1774288820,2026-03-23T18:00:20+00:00,0.152
7345183309756257693783741573478340128830660331823026035095352170224920670792,1774292436,2026-03-23T19:00:36+00:00,0.153
7345183309756257693783741573478340128830660331823026035095352170224920670792,1774296021,2026-03-23T20:00:21+00:00,0.152
7345183309756257693783741573478340128830660331823026035095352170224920670792,1774299620,2026-03-23T21:00:20+00:00,0.153
7345183309756257693783741573478340128830660331823026035095352170224920670792,1774303223,2026-03-23T22:00:23+00:00,0.153
7345183309756257693783741573478340128830660331823026035095352170224920670792,1774306821,2026-03-23T23:00:21+00:00,0.155
7345183309756257693783741573478340128830660331823026035095352170224920670792,1774310421,2026-03-24T00:00:21+00:00,0.151
7345183309756257693783741573478340128830660331823026035095352170224920670792,1774314021,2026-03-24T01:00:21+00:00,0.152
7345183309756257693783741573478340128830660331823026035095352170224920670792,1774317623,2026-03-24T02:00:23+00:00,0.202
7345183309756257693783741573478340128830660331823026035095352170224920670792,1774321221,2026-03-24T03:00:21+00:00,0.22
7345183309756257693783741573478340128830660331823026035095352170224920670792,1774324824,2026-03-24T04:00:24+00:00,0.195
7345183309756257693783741573478340128830660331823026035095352170224920670792,1774328425,2026-03-24T05:00:25+00:00,0.22
7345183309756257693783741573478340128830660331823026035095352170224920670792,1774332022,2026-03-24T06:00:22+00:00,0.219
7345183309756257693783741573478340128830660331823026035095352170224920670792,1774335621,2026-03-24T07:00:21+00:00,0.22
7345183309756257693783741573478340128830660331823026035095352170224920670792,1774339221,2026-03-24T08:00:21+00:00,0.22
7345183309756257693783741573478340128830660331823026035095352170224920670792,1774342822,2026-03-24T09:00:22+00:00,0.221
7345183309756257693783741573478340128830660331823026035095352170224920670792,1774346420,2026-03-24T10:00:20+00:00,0.222
7345183309756257693783741573478340128830660331823026035095352170224920670792,1774350039,2026-03-24T11:00:39+00:00,0.213
7345183309756257693783741573478340128830660331823026035095352170224920670792,1774353626,2026-03-24T12:00:26+00:00,0.215
7345183309756257693783741573478340128830660331823026035095352170224920670792,1774357235,2026-03-24T13:00:35+00:00,0.2165
7345183309756257693783741573478340128830660331823026035095352170224920670792,1774360823,2026-03-24T14:00:23+00:00,0.211
7345183309756257693783741573478340128830660331823026035095352170224920670792,1774364422,2026-03-24T15:00:22+00:00,0.213
7345183309756257693783741573478340128830660331823026035095352170224920670792,1774368022,2026-03-24T16:00:22+00:00,0.2145
7345183309756257693783741573478340128830660331823026035095352170224920670792,1774371623,2026-03-24T17:00:23+00:00,0.209
7345183309756257693783741573478340128830660331823026035095352170224920670792,1774375225,2026-03-24T18:00:25+00:00,0.217
7345183309756257693783741573478340128830660331823026035095352170224920670792,1774378822,2026-03-24T19:00:22+00:00,0.221
7345183309756257693783741573478340128830660331823026035095352170224920670792,1774382424,2026-03-24T20:00:24+00:00,0.2135
7345183309756257693783741573478340128830660331823026035095352170224920670792,1774386023,2026-03-24T21:00:23+00:00,0.2125
7345183309756257693783741573478340128830660331823026035095352170224920670792,1774389620,2026-03-24T22:00:20+00:00,0.2155
7345183309756257693783741573478340128830660331823026035095352170224920670792,1774393224,2026-03-24T23:00:24+00:00,0.2135
7345183309756257693783741573478340128830660331823026035095352170224920670792,1774396825,2026-03-25T00:00:25+00:00,0.2185
7345183309756257693783741573478340128830660331823026035095352170224920670792,1774400422,2026-03-25T01:00:22+00:00,0.2115
7345183309756257693783741573478340128830660331823026035095352170224920670792,1774404024,2026-03-25T02:00:24+00:00,0.2135
7345183309756257693783741573478340128830660331823026035095352170224920670792,1774407620,2026-03-25T03:00:20+00:00,0.1915
7345183309756257693783741573478340128830660331823026035095352170224920670792,1774411226,2026-03-25T04:00:26+00:00,0.192
7345183309756257693783741573478340128830660331823026035095352170224920670792,1774414825,2026-03-25T05:00:25+00:00,0.191
7345183309756257693783741573478340128830660331823026035095352170224920670792,1774418423,2026-03-25T06:00:23+00:00,0.1925
7345183309756257693783741573478340128830660331823026035095352170224920670792,1774422022,2026-03-25T07:00:22+00:00,0.1925
7345183309756257693783741573478340128830660331823026035095352170224920670792,1774425621,2026-03-25T08:00:21+00:00,0.192
7345183309756257693783741573478340128830660331823026035095352170224920670792,1774429223,2026-03-25T09:00:23+00:00,0.193
7345183309756257693783741573478340128830660331823026035095352170224920670792,1774432825,2026-03-25T10:00:25+00:00,0.1925
7345183309756257693783741573478340128830660331823026035095352170224920670792,1774436426,2026-03-25T11:00:26+00:00,0.1935
7345183309756257693783741573478340128830660331823026035095352170224920670792,1774440026,2026-03-25T12:00:26+00:00,0.194
7345183309756257693783741573478340128830660331823026035095352170224920670792,1774443626,2026-03-25T13:00:26+00:00,0.197
7345183309756257693783741573478340128830660331823026035095352170224920670792,1774447235,2026-03-25T14:00:35+00:00,0.1985
7345183309756257693783741573478340128830660331823026035095352170224920670792,1774450825,2026-03-25T15:00:25+00:00,0.2045
7345183309756257693783741573478340128830660331823026035095352170224920670792,1774454426,2026-03-25T16:00:26+00:00,0.1925
7345183309756257693783741573478340128830660331823026035095352170224920670792,1774458023,2026-03-25T17:00:23+00:00,0.1935
7345183309756257693783741573478340128830660331823026035095352170224920670792,1774461624,2026-03-25T18:00:24+00:00,0.1935
7345183309756257693783741573478340128830660331823026035095352170224920670792,1774465226,2026-03-25T19:00:26+00:00,0.217
7345183309756257693783741573478340128830660331823026035095352170224920670792,1774468826,2026-03-25T20:00:26+00:00,0.195
7345183309756257693783741573478340128830660331823026035095352170224920670792,1774472421,2026-03-25T21:00:21+00:00,0.2115
7345183309756257693783741573478340128830660331823026035095352170224920670792,1774476022,2026-03-25T22:00:22+00:00,0.193
7345183309756257693783741573478340128830660331823026035095352170224920670792,1774479621,2026-03-25T23:00:21+00:00,0.1935
7345183309756257693783741573478340128830660331823026035095352170224920670792,1774483228,2026-03-26T00:00:28+00:00,0.209
7345183309756257693783741573478340128830660331823026035095352170224920670792,1774486825,2026-03-26T01:00:25+00:00,0.2195
7345183309756257693783741573478340128830660331823026035095352170224920670792,1774490425,2026-03-26T02:00:25+00:00,0.2095
7345183309756257693783741573478340128830660331823026035095352170224920670792,1774494026,2026-03-26T03:00:26+00:00,0.22
7345183309756257693783741573478340128830660331823026035095352170224920670792,1774497626,2026-03-26T04:00:26+00:00,0.1925
7345183309756257693783741573478340128830660331823026035095352170224920670792,1774501221,2026-03-26T05:00:21+00:00,0.216
7345183309756257693783741573478340128830660331823026035095352170224920670792,1774504825,2026-03-26T06:00:25+00:00,0.1915
7345183309756257693783741573478340128830660331823026035095352170224920670792,1774508436,2026-03-26T07:00:36+00:00,0.1895
7345183309756257693783741573478340128830660331823026035095352170224920670792,1774512021,2026-03-26T08:00:21+00:00,0.1895
7345183309756257693783741573478340128830660331823026035095352170224920670792,1774515621,2026-03-26T09:00:21+00:00,0.1895
7345183309756257693783741573478340128830660331823026035095352170224920670792,1774519225,2026-03-26T10:00:25+00:00,0.19
7345183309756257693783741573478340128830660331823026035095352170224920670792,1774522821,2026-03-26T11:00:21+00:00,0.1905
7345183309756257693783741573478340128830660331823026035095352170224920670792,1774526437,2026-03-26T12:00:37+00:00,0.191
7345183309756257693783741573478340128830660331823026035095352170224920670792,1774530023,2026-03-26T13:00:23+00:00,0.1955
7345183309756257693783741573478340128830660331823026035095352170224920670792,1774533626,2026-03-26T14:00:26+00:00,0.1915
7345183309756257693783741573478340128830660331823026035095352170224920670792,1774537222,2026-03-26T15:00:22+00:00,0.1945
7345183309756257693783741573478340128830660331823026035095352170224920670792,1774540821,2026-03-26T16:00:21+00:00,0.2115
7345183309756257693783741573478340128830660331823026035095352170224920670792,1774544427,2026-03-26T17:00:27+00:00,0.191
7345183309756257693783741573478340128830660331823026035095352170224920670792,1774548022,2026-03-26T18:00:22+00:00,0.206
7345183309756257693783741573478340128830660331823026035095352170224920670792,1774551621,2026-03-26T19:00:21+00:00,0.1925
7345183309756257693783741573478340128830660331823026035095352170224920670792,1774555225,2026-03-26T20:00:25+00:00,0.192
7345183309756257693783741573478340128830660331823026035095352170224920670792,1774558823,2026-03-26T21:00:23+00:00,0.1965
7345183309756257693783741573478340128830660331823026035095352170224920670792,1774562426,2026-03-26T22:00:26+00:00,0.209
7345183309756257693783741573478340128830660331823026035095352170224920670792,1774566023,2026-03-26T23:00:23+00:00,0.1565
7345183309756257693783741573478340128830660331823026035095352170224920670792,1774569627,2026-03-27T00:00:27+00:00,0.178
7345183309756257693783741573478340128830660331823026035095352170224920670792,1774573225,2026-03-27T01:00:25+00:00,0.163
7345183309756257693783741573478340128830660331823026035095352170224920670792,1774576828,2026-03-27T02:00:28+00:00,0.197
7345183309756257693783741573478340128830660331823026035095352170224920670792,1774580427,2026-03-27T03:00:27+00:00,0.199
7345183309756257693783741573478340128830660331823026035095352170224920670792,1774584023,2026-03-27T04:00:23+00:00,0.191
7345183309756257693783741573478340128830660331823026035095352170224920670792,1774587625,2026-03-27T05:00:25+00:00,0.1915
7345183309756257693783741573478340128830660331823026035095352170224920670792,1774591225,2026-03-27T06:00:25+00:00,0.162
7345183309756257693783741573478340128830660331823026035095352170224920670792,1774594825,2026-03-27T07:00:25+00:00,0.173
7345183309756257693783741573478340128830660331823026035095352170224920670792,1774598421,2026-03-27T08:00:21+00:00,0.1705
7345183309756257693783741573478340128830660331823026035095352170224920670792,1774602025,2026-03-27T09:00:25+00:00,0.143
7345183309756257693783741573478340128830660331823026035095352170224920670792,1774605621,2026-03-27T10:00:21+00:00,0.1315
7345183309756257693783741573478340128830660331823026035095352170224920670792,1774609226,2026-03-27T11:00:26+00:00,0.131
7345183309756257693783741573478340128830660331823026035095352170224920670792,1774612828,2026-03-27T12:00:28+00:00,0.1295
7345183309756257693783741573478340128830660331823026035095352170224920670792,1774616424,2026-03-27T13:00:24+00:00,0.131
7345183309756257693783741573478340128830660331823026035095352170224920670792,1774620027,2026-03-27T14:00:27+00:00,0.1285
7345183309756257693783741573478340128830660331823026035095352170224920670792,1774623623,2026-03-27T15:00:23+00:00,0.128
7345183309756257693783741573478340128830660331823026035095352170224920670792,1774627227,2026-03-27T16:00:27+00:00,0.1275
7345183309756257693783741573478340128830660331823026035095352170224920670792,1774630828,2026-03-27T17:00:28+00:00,0.124
7345183309756257693783741573478340128830660331823026035095352170224920670792,1774634429,2026-03-27T18:00:29+00:00,0.1295
7345183309756257693783741573478340128830660331823026035095352170224920670792,1774638028,2026-03-27T19:00:28+00:00,0.127
7345183309756257693783741573478340128830660331823026035095352170224920670792,1774641633,2026-03-27T20:00:33+00:00,0.126
7345183309756257693783741573478340128830660331823026035095352170224920670792,1774645229,2026-03-27T21:00:29+00:00,0.126
7345183309756257693783741573478340128830660331823026035095352170224920670792,1774648827,2026-03-27T22:00:27+00:00,0.1265
7345183309756257693783741573478340128830660331823026035095352170224920670792,1774652441,2026-03-27T23:00:41+00:00,0.125
7345183309756257693783741573478340128830660331823026035095352170224920670792,1774656029,2026-03-28T00:00:29+00:00,0.1255
7345183309756257693783741573478340128830660331823026035095352170224920670792,1774659629,2026-03-28T01:00:29+00:00,0.1265
7345183309756257693783741573478340128830660331823026035095352170224920670792,1774663227,2026-03-28T02:00:27+00:00,0.128
7345183309756257693783741573478340128830660331823026035095352170224920670792,1774666825,2026-03-28T03:00:25+00:00,0.128
7345183309756257693783741573478340128830660331823026035095352170224920670792,1774670428,2026-03-28T04:00:28+00:00,0.1315
7345183309756257693783741573478340128830660331823026035095352170224920670792,1774674025,2026-03-28T05:00:25+00:00,0.133
7345183309756257693783741573478340128830660331823026035095352170224920670792,1774677628,2026-03-28T06:00:28+00:00,0.1325
7345183309756257693783741573478340128830660331823026035095352170224920670792,1774681226,2026-03-28T07:00:26+00:00,0.1265
7345183309756257693783741573478340128830660331823026035095352170224920670792,1774684830,2026-03-28T08:00:30+00:00,0.125
7345183309756257693783741573478340128830660331823026035095352170224920670792,1774688427,2026-03-28T09:00:27+00:00,0.1265
7345183309756257693783741573478340128830660331823026035095352170224920670792,1774692025,2026-03-28T10:00:25+00:00,0.1255
7345183309756257693783741573478340128830660331823026035095352170224920670792,1774695638,2026-03-28T11:00:38+00:00,0.1255
7345183309756257693783741573478340128830660331823026035095352170224920670792,1774699227,2026-03-28T12:00:27+00:00,0.126
7345183309756257693783741573478340128830660331823026035095352170224920670792,1774702827,2026-03-28T13:00:27+00:00,0.1
7345183309756257693783741573478340128830660331823026035095352170224920670792,1774706433,2026-03-28T14:00:33+00:00,0.1275
7345183309756257693783741573478340128830660331823026035095352170224920670792,1774710028,2026-03-28T15:00:28+00:00,0.128
7345183309756257693783741573478340128830660331823026035095352170224920670792,1774713628,2026-03-28T16:00:28+00:00,0.127
7345183309756257693783741573478340128830660331823026035095352170224920670792,1774717229,2026-03-28T17:00:29+00:00,0.123
7345183309756257693783741573478340128830660331823026035095352170224920670792,1774720834,2026-03-28T18:00:34+00:00,0.122
7345183309756257693783741573478340128830660331823026035095352170224920670792,1774724431,2026-03-28T19:00:31+00:00,0.1075
7345183309756257693783741573478340128830660331823026035095352170224920670792,1774728028,2026-03-28T20:00:28+00:00,0.104
7345183309756257693783741573478340128830660331823026035095352170224920670792,1774731630,2026-03-28T21:00:30+00:00,0.1
7345183309756257693783741573478340128830660331823026035095352170224920670792,1774735230,2026-03-28T22:00:30+00:00,0.0855
7345183309756257693783741573478340128830660331823026035095352170224920670792,1774738830,2026-03-28T23:00:30+00:00,0.0825
7345183309756257693783741573478340128830660331823026035095352170224920670792,1774742431,2026-03-29T00:00:31+00:00,0.08
7345183309756257693783741573478340128830660331823026035095352170224920670792,1774746035,2026-03-29T01:00:35+00:00,0.097
7345183309756257693783741573478340128830660331823026035095352170224920670792,1774749630,2026-03-29T02:00:30+00:00,0.0755
7345183309756257693783741573478340128830660331823026035095352170224920670792,1774753228,2026-03-29T03:00:28+00:00,0.073
7345183309756257693783741573478340128830660331823026035095352170224920670792,1774756832,2026-03-29T04:00:32+00:00,0.086
7345183309756257693783741573478340128830660331823026035095352170224920670792,1774760430,2026-03-29T05:00:30+00:00,0.0865
7345183309756257693783741573478340128830660331823026035095352170224920670792,1774764031,2026-03-29T06:00:31+00:00,0.0875
7345183309756257693783741573478340128830660331823026035095352170224920670792,1774767631,2026-03-29T07:00:31+00:00,0.0885
7345183309756257693783741573478340128830660331823026035095352170224920670792,1774771235,2026-03-29T08:00:35+00:00,0.0905
7345183309756257693783741573478340128830660331823026035095352170224920670792,1774774834,2026-03-29T09:00:34+00:00,0.084
7345183309756257693783741573478340128830660331823026035095352170224920670792,1774778428,2026-03-29T10:00:28+00:00,0.073
7345183309756257693783741573478340128830660331823026035095352170224920670792,1774782028,2026-03-29T11:00:28+00:00,0.075
7345183309756257693783741573478340128830660331823026035095352170224920670792,1774785634,2026-03-29T12:00:34+00:00,0.075
7345183309756257693783741573478340128830660331823026035095352170224920670792,1774789229,2026-03-29T13:00:29+00:00,0.0735
7345183309756257693783741573478340128830660331823026035095352170224920670792,1774792834,2026-03-29T14:00:34+00:00,0.074
7345183309756257693783741573478340128830660331823026035095352170224920670792,1774796432,2026-03-29T15:00:32+00:00,0.074
7345183309756257693783741573478340128830660331823026035095352170224920670792,1774800032,2026-03-29T16:00:32+00:00,0.075
7345183309756257693783741573478340128830660331823026035095352170224920670792,1774803631,2026-03-29T17:00:31+00:00,0.072
7345183309756257693783741573478340128830660331823026035095352170224920670792,1774807237,2026-03-29T18:00:37+00:00,0.073
7345183309756257693783741573478340128830660331823026035095352170224920670792,1774810833,2026-03-29T19:00:33+00:00,0.073
7345183309756257693783741573478340128830660331823026035095352170224920670792,1774814434,2026-03-29T20:00:34+00:00,0.0725
7345183309756257693783741573478340128830660331823026035095352170224920670792,1774818033,2026-03-29T21:00:33+00:00,0.073
7345183309756257693783741573478340128830660331823026035095352170224920670792,1774821640,2026-03-29T22:00:40+00:00,0.0725
7345183309756257693783741573478340128830660331823026035095352170224920670792,1774825249,2026-03-29T23:00:49+00:00,0.0735
7345183309756257693783741573478340128830660331823026035095352170224920670792,1774828842,2026-03-30T00:00:42+00:00,0.073
7345183309756257693783741573478340128830660331823026035095352170224920670792,1774832434,2026-03-30T01:00:34+00:00,0.0725
7345183309756257693783741573478340128830660331823026035095352170224920670792,1774836035,2026-03-30T02:00:35+00:00,0.073
7345183309756257693783741573478340128830660331823026035095352170224920670792,1774839639,2026-03-30T03:00:39+00:00,0.0725
7345183309756257693783741573478340128830660331823026035095352170224920670792,1774843247,2026-03-30T04:00:47+00:00,0.0725
7345183309756257693783741573478340128830660331823026035095352170224920670792,1774846848,2026-03-30T05:00:48+00:00,0.073
7345183309756257693783741573478340128830660331823026035095352170224920670792,1774850433,2026-03-30T06:00:33+00:00,0.0725
7345183309756257693783741573478340128830660331823026035095352170224920670792,1774854045,2026-03-30T07:00:45+00:00,0.073
7345183309756257693783741573478340128830660331823026035095352170224920670792,1774857635,2026-03-30T08:00:35+00:00,0.0725
7345183309756257693783741573478340128830660331823026035095352170224920670792,1774861235,2026-03-30T09:00:35+00:00,0.0725
7345183309756257693783741573478340128830660331823026035095352170224920670792,1774864834,2026-03-30T10:00:34+00:00,0.072
7345183309756257693783741573478340128830660331823026035095352170224920670792,1774868436,2026-03-30T11:00:36+00:00,0.077
7345183309756257693783741573478340128830660331823026035095352170224920670792,1774872035,2026-03-30T12:00:35+00:00,0.0805
7345183309756257693783741573478340128830660331823026035095352170224920670792,1774875649,2026-03-30T13:00:49+00:00,0.0805
7345183309756257693783741573478340128830660331823026035095352170224920670792,1774879242,2026-03-30T14:00:42+00:00,0.0795
7345183309756257693783741573478340128830660331823026035095352170224920670792,1774882835,2026-03-30T15:00:35+00:00,0.0965
7345183309756257693783741573478340128830660331823026035095352170224920670792,1774886439,2026-03-30T16:00:39+00:00,0.096
7345183309756257693783741573478340128830660331823026035095352170224920670792,1774890044,2026-03-30T17:00:44+00:00,0.0955
7345183309756257693783741573478340128830660331823026035095352170224920670792,1774893640,2026-03-30T18:00:40+00:00,0.095
7345183309756257693783741573478340128830660331823026035095352170224920670792,1774897236,2026-03-30T19:00:36+00:00,0.0945
7345183309756257693783741573478340128830660331823026035095352170224920670792,1774900846,2026-03-30T20:00:46+00:00,0.0825
7345183309756257693783741573478340128830660331823026035095352170224920670792,1774904434,2026-03-30T21:00:34+00:00,0.087
7345183309756257693783741573478340128830660331823026035095352170224920670792,1774908035,2026-03-30T22:00:35+00:00,0.0875
7345183309756257693783741573478340128830660331823026035095352170224920670792,1774911635,2026-03-30T23:00:35+00:00,0.0875
7345183309756257693783741573478340128830660331823026035095352170224920670792,1774915237,2026-03-31T00:00:37+00:00,0.087
7345183309756257693783741573478340128830660331823026035095352170224920670792,1774918839,2026-03-31T01:00:39+00:00,0.087
7345183309756257693783741573478340128830660331823026035095352170224920670792,1774922446,2026-03-31T02:00:46+00:00,0.087
7345183309756257693783741573478340128830660331823026035095352170224920670792,1774926050,2026-03-31T03:00:50+00:00,0.086
7345183309756257693783741573478340128830660331823026035095352170224920670792,1774929635,2026-03-31T04:00:35+00:00,0.0855
7345183309756257693783741573478340128830660331823026035095352170224920670792,1774933236,2026-03-31T05:00:36+00:00,0.0875
7345183309756257693783741573478340128830660331823026035095352170224920670792,1774936836,2026-03-31T06:00:36+00:00,0.0875
7345183309756257693783741573478340128830660331823026035095352170224920670792,1774940443,2026-03-31T07:00:43+00:00,0.085
7345183309756257693783741573478340128830660331823026035095352170224920670792,1774944035,2026-03-31T08:00:35+00:00,0.085
7345183309756257693783741573478340128830660331823026035095352170224920670792,1774947641,2026-03-31T09:00:41+00:00,0.085
7345183309756257693783741573478340128830660331823026035095352170224920670792,1774951239,2026-03-31T10:00:39+00:00,0.0735
7345183309756257693783741573478340128830660331823026035095352170224920670792,1774954835,2026-03-31T11:00:35+00:00,0.09
7345183309756257693783741573478340128830660331823026035095352170224920670792,1774958450,2026-03-31T12:00:50+00:00,0.09
7345183309756257693783741573478340128830660331823026035095352170224920670792,1774962037,2026-03-31T13:00:37+00:00,0.101
7345183309756257693783741573478340128830660331823026035095352170224920670792,1774965646,2026-03-31T14:00:46+00:00,0.1015
7345183309756257693783741573478340128830660331823026035095352170224920670792,1774969204,2026-03-31T15:00:04+00:00,0.092
7345183309756257693783741573478340128830660331823026035095352170224920670792,1774972848,2026-03-31T16:00:48+00:00,0.0925
7345183309756257693783741573478340128830660331823026035095352170224920670792,1774976404,2026-03-31T17:00:04+00:00,0.0945
7345183309756257693783741573478340128830660331823026035095352170224920670792,1774980024,2026-03-31T18:00:24+00:00,0.0995
7345183309756257693783741573478340128830660331823026035095352170224920670792,1774987251,2026-03-31T20:00:51+00:00,0.095
7345183309756257693783741573478340128830660331823026035095352170224920670792,1774990838,2026-03-31T21:00:38+00:00,0.095
7345183309756257693783741573478340128830660331823026035095352170224920670792,1774994435,2026-03-31T22:00:35+00:00,0.0955
7345183309756257693783741573478340128830660331823026035095352170224920670792,1774998040,2026-03-31T23:00:40+00:00,0.099
7345183309756257693783741573478340128830660331823026035095352170224920670792,1775001649,2026-04-01T00:00:49+00:00,0.099
7345183309756257693783741573478340128830660331823026035095352170224920670792,1775005235,2026-04-01T01:00:35+00:00,0.0915
7345183309756257693783741573478340128830660331823026035095352170224920670792,1775008838,2026-04-01T02:00:38+00:00,0.091
7345183309756257693783741573478340128830660331823026035095352170224920670792,1775012441,2026-04-01T03:00:41+00:00,0.088
7345183309756257693783741573478340128830660331823026035095352170224920670792,1775016051,2026-04-01T04:00:51+00:00,0.09
7345183309756257693783741573478340128830660331823026035095352170224920670792,1775019634,2026-04-01T05:00:34+00:00,0.0905
7345183309756257693783741573478340128830660331823026035095352170224920670792,1775023236,2026-04-01T06:00:36+00:00,0.0885
7345183309756257693783741573478340128830660331823026035095352170224920670792,1775026836,2026-04-01T07:00:36+00:00,0.088
7345183309756257693783741573478340128830660331823026035095352170224920670792,1775030442,2026-04-01T08:00:42+00:00,0.088
7345183309756257693783741573478340128830660331823026035095352170224920670792,1775034040,2026-04-01T09:00:40+00:00,0.087
7345183309756257693783741573478340128830660331823026035095352170224920670792,1775037632,2026-04-01T10:00:32+00:00,0.087
7345183309756257693783741573478340128830660331823026035095352170224920670792,1775041234,2026-04-01T11:00:34+00:00,0.0865
7345183309756257693783741573478340128830660331823026035095352170224920670792,1775044848,2026-04-01T12:00:48+00:00,0.086
7345183309756257693783741573478340128830660331823026035095352170224920670792,1775048434,2026-04-01T13:00:34+00:00,0.097
7345183309756257693783741573478340128830660331823026035095352170224920670792,1775052040,2026-04-01T14:00:40+00:00,0.095
7345183309756257693783741573478340128830660331823026035095352170224920670792,1775055640,2026-04-01T15:00:40+00:00,0.0945
7345183309756257693783741573478340128830660331823026035095352170224920670792,1775059241,2026-04-01T16:00:41+00:00,0.0945
7345183309756257693783741573478340128830660331823026035095352170224920670792,1775062846,2026-04-01T17:00:46+00:00,0.0935
7345183309756257693783741573478340128830660331823026035095352170224920670792,1775066439,2026-04-01T18:00:39+00:00,0.093
7345183309756257693783741573478340128830660331823026035095352170224920670792,1775070038,2026-04-01T19:00:38+00:00,0.0915
7345183309756257693783741573478340128830660331823026035095352170224920670792,1775073646,2026-04-01T20:00:46+00:00,0.0905
7345183309756257693783741573478340128830660331823026035095352170224920670792,1775080837,2026-04-01T22:00:37+00:00,0.0955
7345183309756257693783741573478340128830660331823026035095352170224920670792,1775084448,2026-04-01T23:00:48+00:00,0.0955
7345183309756257693783741573478340128830660331823026035095352170224920670792,1775088041,2026-04-02T00:00:41+00:00,0.095
7345183309756257693783741573478340128830660331823026035095352170224920670792,1775091646,2026-04-02T01:00:46+00:00,0.093
7345183309756257693783741573478340128830660331823026035095352170224920670792,1775095235,2026-04-02T02:00:35+00:00,0.092
7345183309756257693783741573478340128830660331823026035095352170224920670792,1775098853,2026-04-02T03:00:53+00:00,0.091
7345183309756257693783741573478340128830660331823026035095352170224920670792,1775102439,2026-04-02T04:00:39+00:00,0.0955
7345183309756257693783741573478340128830660331823026035095352170224920670792,1775106036,2026-04-02T05:00:36+00:00,0.095
7345183309756257693783741573478340128830660331823026035095352170224920670792,1775109645,2026-04-02T06:00:45+00:00,0.0945
7345183309756257693783741573478340128830660331823026035095352170224920670792,1775113233,2026-04-02T07:00:33+00:00,0.0935
7345183309756257693783741573478340128830660331823026035095352170224920670792,1775116833,2026-04-02T08:00:33+00:00,0.0935
7345183309756257693783741573478340128830660331823026035095352170224920670792,1775120434,2026-04-02T09:00:34+00:00,0.093
7345183309756257693783741573478340128830660331823026035095352170224920670792,1775124034,2026-04-02T10:00:34+00:00,0.093
7345183309756257693783741573478340128830660331823026035095352170224920670792,1775127636,2026-04-02T11:00:36+00:00,0.0935
7345183309756257693783741573478340128830660331823026035095352170224920670792,1775131236,2026-04-02T12:00:36+00:00,0.0935
7345183309756257693783741573478340128830660331823026035095352170224920670792,1775134846,2026-04-02T13:00:46+00:00,0.093
7345183309756257693783741573478340128830660331823026035095352170224920670792,1775138445,2026-04-02T14:00:45+00:00,0.0925
7345183309756257693783741573478340128830660331823026035095352170224920670792,1775149203,2026-04-02T17:00:03+00:00,0.0955
7345183309756257693783741573478340128830660331823026035095352170224920670792,1775152834,2026-04-02T18:00:34+00:00,0.0945
7345183309756257693783741573478340128830660331823026035095352170224920670792,1775156434,2026-04-02T19:00:34+00:00,0.0945
7345183309756257693783741573478340128830660331823026035095352170224920670792,1775160037,2026-04-02T20:00:37+00:00,0.094
7345183309756257693783741573478340128830660331823026035095352170224920670792,1775163651,2026-04-02T21:00:51+00:00,0.093
7345183309756257693783741573478340128830660331823026035095352170224920670792,1775167237,2026-04-02T22:00:37+00:00,0.092
7345183309756257693783741573478340128830660331823026035095352170224920670792,1775170836,2026-04-02T23:00:36+00:00,0.092
7345183309756257693783741573478340128830660331823026035095352170224920670792,1775174449,2026-04-03T00:00:49+00:00,0.0965
7345183309756257693783741573478340128830660331823026035095352170224920670792,1775178036,2026-04-03T01:00:36+00:00,0.0965
7345183309756257693783741573478340128830660331823026035095352170224920670792,1775181638,2026-04-03T02:00:38+00:00,0.096
7345183309756257693783741573478340128830660331823026035095352170224920670792,1775185253,2026-04-03T03:00:53+00:00,0.0955
7345183309756257693783741573478340128830660331823026035095352170224920670792,1775188836,2026-04-03T04:00:36+00:00,0.095
7345183309756257693783741573478340128830660331823026035095352170224920670792,1775192447,2026-04-03T05:00:47+00:00,0.0965
7345183309756257693783741573478340128830660331823026035095352170224920670792,1775196056,2026-04-03T06:00:56+00:00,0.0955
7345183309756257693783741573478340128830660331823026035095352170224920670792,1775199635,2026-04-03T07:00:35+00:00,0.0955
7345183309756257693783741573478340128830660331823026035095352170224920670792,1775203236,2026-04-03T08:00:36+00:00,0.0945
7345183309756257693783741573478340128830660331823026035095352170224920670792,1775206838,2026-04-03T09:00:38+00:00,0.0975
7345183309756257693783741573478340128830660331823026035095352170224920670792,1775210435,2026-04-03T10:00:35+00:00,0.0975
7345183309756257693783741573478340128830660331823026035095352170224920670792,1775214036,2026-04-03T11:00:36+00:00,0.0935
7345183309756257693783741573478340128830660331823026035095352170224920670792,1775217637,2026-04-03T12:00:37+00:00,0.101
7345183309756257693783741573478340128830660331823026035095352170224920670792,1775221239,2026-04-03T13:00:39+00:00,0.1
7345183309756257693783741573478340128830660331823026035095352170224920670792,1775224840,2026-04-03T14:00:40+00:00,0.1
7345183309756257693783741573478340128830660331823026035095352170224920670792,1775228438,2026-04-03T15:00:38+00:00,0.099
7345183309756257693783741573478340128830660331823026035095352170224920670792,1775232036,2026-04-03T16:00:36+00:00,0.099
7345183309756257693783741573478340128830660331823026035095352170224920670792,1775235651,2026-04-03T17:00:51+00:00,0.1
7345183309756257693783741573478340128830660331823026035095352170224920670792,1775246442,2026-04-03T20:00:42+00:00,0.095
7345183309756257693783741573478340128830660331823026035095352170224920670792,1775250054,2026-04-03T21:00:54+00:00,0.095
7345183309756257693783741573478340128830660331823026035095352170224920670792,1775253627,2026-04-03T22:00:27+00:00,0.0955
7345183309756257693783741573478340128830660331823026035095352170224920670792,1775257240,2026-04-03T23:00:40+00:00,0.095
7345183309756257693783741573478340128830660331823026035095352170224920670792,1775260840,2026-04-04T00:00:40+00:00,0.0995
7345183309756257693783741573478340128830660331823026035095352170224920670792,1775264440,2026-04-04T01:00:40+00:00,0.101
7345183309756257693783741573478340128830660331823026035095352170224920670792,1775268035,2026-04-04T02:00:35+00:00,0.1
7345183309756257693783741573478340128830660331823026035095352170224920670792,1775271636,2026-04-04T03:00:36+00:00,0.1035
7345183309756257693783741573478340128830660331823026035095352170224920670792,1775275254,2026-04-04T04:00:54+00:00,0.104
7345183309756257693783741573478340128830660331823026035095352170224920670792,1775278836,2026-04-04T05:00:36+00:00,0.1005
7345183309756257693783741573478340128830660331823026035095352170224920670792,1775282438,2026-04-04T06:00:38+00:00,0.0945
7345183309756257693783741573478340128830660331823026035095352170224920670792,1775286037,2026-04-04T07:00:37+00:00,0.0945
7345183309756257693783741573478340128830660331823026035095352170224920670792,1775289639,2026-04-04T08:00:39+00:00,0.0945
7345183309756257693783741573478340128830660331823026035095352170224920670792,1775293239,2026-04-04T09:00:39+00:00,0.0945
7345183309756257693783741573478340128830660331823026035095352170224920670792,1775296851,2026-04-04T10:00:51+00:00,0.1005
7345183309756257693783741573478340128830660331823026035095352170224920670792,1775300444,2026-04-04T11:00:44+00:00,0.1025
7345183309756257693783741573478340128830660331823026035095352170224920670792,1775304040,2026-04-04T12:00:40+00:00,0.1045
7345183309756257693783741573478340128830660331823026035095352170224920670792,1775307638,2026-04-04T13:00:38+00:00,0.101
7345183309756257693783741573478340128830660331823026035095352170224920670792,1775314840,2026-04-04T15:00:40+00:00,0.0955
7345183309756257693783741573478340128830660331823026035095352170224920670792,1775318439,2026-04-04T16:00:39+00:00,0.0965
7345183309756257693783741573478340128830660331823026035095352170224920670792,1775322059,2026-04-04T17:00:59+00:00,0.1
7345183309756257693783741573478340128830660331823026035095352170224920670792,1775325637,2026-04-04T18:00:37+00:00,0.1005
7345183309756257693783741573478340128830660331823026035095352170224920670792,1775329255,2026-04-04T19:00:55+00:00,0.096
7345183309756257693783741573478340128830660331823026035095352170224920670792,1775332838,2026-04-04T20:00:38+00:00,0.096
7345183309756257693783741573478340128830660331823026035095352170224920670792,1775336439,2026-04-04T21:00:39+00:00,0.096
7345183309756257693783741573478340128830660331823026035095352170224920670792,1775340047,2026-04-04T22:00:47+00:00,0.0975
7345183309756257693783741573478340128830660331823026035095352170224920670792,1775343654,2026-04-04T23:00:54+00:00,0.1
7345183309756257693783741573478340128830660331823026035095352170224920670792,1775350844,2026-04-05T01:00:44+00:00,0.1015
7345183309756257693783741573478340128830660331823026035095352170224920670792,1775354448,2026-04-05T02:00:48+00:00,0.0945
7345183309756257693783741573478340128830660331823026035095352170224920670792,1775358052,2026-04-05T03:00:52+00:00,0.097
7345183309756257693783741573478340128830660331823026035095352170224920670792,1775361635,2026-04-05T04:00:35+00:00,0.098
7345183309756257693783741573478340128830660331823026035095352170224920670792,1775365236,2026-04-05T05:00:36+00:00,0.1005
7345183309756257693783741573478340128830660331823026035095352170224920670792,1775368849,2026-04-05T06:00:49+00:00,0.101
7345183309756257693783741573478340128830660331823026035095352170224920670792,1775372438,2026-04-05T07:00:38+00:00,0.081
7345183309756257693783741573478340128830660331823026035095352170224920670792,1775376051,2026-04-05T08:00:51+00:00,0.082
7345183309756257693783741573478340128830660331823026035095352170224920670792,1775379648,2026-04-05T09:00:48+00:00,0.085
7345183309756257693783741573478340128830660331823026035095352170224920670792,1775383237,2026-04-05T10:00:37+00:00,0.085
7345183309756257693783741573478340128830660331823026035095352170224920670792,1775386836,2026-04-05T11:00:36+00:00,0.085
7345183309756257693783741573478340128830660331823026035095352170224920670792,1775390438,2026-04-05T12:00:38+00:00,0.085
7345183309756257693783741573478340128830660331823026035095352170224920670792,1775394039,2026-04-05T13:00:39+00:00,0.085
7345183309756257693783741573478340128830660331823026035095352170224920670792,1775397643,2026-04-05T14:00:43+00:00,0.085
7345183309756257693783741573478340128830660331823026035095352170224920670792,1775401238,2026-04-05T15:00:38+00:00,0.085
7345183309756257693783741573478340128830660331823026035095352170224920670792,1775404845,2026-04-05T16:00:45+00:00,0.0835
7345183309756257693783741573478340128830660331823026035095352170224920670792,1775408441,2026-04-05T17:00:41+00:00,0.0835
7345183309756257693783741573478340128830660331823026035095352170224920670792,1775412049,2026-04-05T18:00:49+00:00,0.0835
7345183309756257693783741573478340128830660331823026035095352170224920670792,1775415639,2026-04-05T19:00:39+00:00,0.078
7345183309756257693783741573478340128830660331823026035095352170224920670792,1775419249,2026-04-05T20:00:49+00:00,0.0785
7345183309756257693783741573478340128830660331823026035095352170224920670792,1775422855,2026-04-05T21:00:55+00:00,0.0795
7345183309756257693783741573478340128830660331823026035095352170224920670792,1775426445,2026-04-05T22:00:45+00:00,0.079
7345183309756257693783741573478340128830660331823026035095352170224920670792,1775430040,2026-04-05T23:00:40+00:00,0.079
7345183309756257693783741573478340128830660331823026035095352170224920670792,1775433646,2026-04-06T00:00:46+00:00,0.079
7345183309756257693783741573478340128830660331823026035095352170224920670792,1775437239,2026-04-06T01:00:39+00:00,0.079
7345183309756257693783741573478340128830660331823026035095352170224920670792,1775440843,2026-04-06T02:00:43+00:00,0.079
7345183309756257693783741573478340128830660331823026035095352170224920670792,1775444439,2026-04-06T03:00:39+00:00,0.079
7345183309756257693783741573478340128830660331823026035095352170224920670792,1775448038,2026-04-06T04:00:38+00:00,0.079
7345183309756257693783741573478340128830660331823026035095352170224920670792,1775451638,2026-04-06T05:00:38+00:00,0.079
7345183309756257693783741573478340128830660331823026035095352170224920670792,1775455254,2026-04-06T06:00:54+00:00,0.079
7345183309756257693783741573478340128830660331823026035095352170224920670792,1775458838,2026-04-06T07:00:38+00:00,0.079
7345183309756257693783741573478340128830660331823026035095352170224920670792,1775462436,2026-04-06T08:00:36+00:00,0.079
7345183309756257693783741573478340128830660331823026035095352170224920670792,1775466056,2026-04-06T09:00:56+00:00,0.079
7345183309756257693783741573478340128830660331823026035095352170224920670792,1775469635,2026-04-06T10:00:35+00:00,0.079
7345183309756257693783741573478340128830660331823026035095352170224920670792,1775473238,2026-04-06T11:00:38+00:00,0.079
7345183309756257693783741573478340128830660331823026035095352170224920670792,1775476837,2026-04-06T12:00:37+00:00,0.079
7345183309756257693783741573478340128830660331823026035095352170224920670792,1775480436,2026-04-06T13:00:36+00:00,0.079
7345183309756257693783741573478340128830660331823026035095352170224920670792,1775484038,2026-04-06T14:00:38+00:00,0.079
7345183309756257693783741573478340128830660331823026035095352170224920670792,1775487638,2026-04-06T15:00:38+00:00,0.079
7345183309756257693783741573478340128830660331823026035095352170224920670792,1775491254,2026-04-06T16:00:54+00:00,0.079
7345183309756257693783741573478340128830660331823026035095352170224920670792,1775494840,2026-04-06T17:00:40+00:00,0.079
7345183309756257693783741573478340128830660331823026035095352170224920670792,1775498404,2026-04-06T18:00:04+00:00,0.079
7345183309756257693783741573478340128830660331823026035095352170224920670792,1775502044,2026-04-06T19:00:44+00:00,0.079
7345183309756257693783741573478340128830660331823026035095352170224920670792,1775505637,2026-04-06T20:00:37+00:00,0.079
7345183309756257693783741573478340128830660331823026035095352170224920670792,1775509237,2026-04-06T21:00:37+00:00,0.079
7345183309756257693783741573478340128830660331823026035095352170224920670792,1775512837,2026-04-06T22:00:37+00:00,0.079
7345183309756257693783741573478340128830660331823026035095352170224920670792,1775516442,2026-04-06T23:00:42+00:00,0.079
7345183309756257693783741573478340128830660331823026035095352170224920670792,1775520042,2026-04-07T00:00:42+00:00,0.079
7345183309756257693783741573478340128830660331823026035095352170224920670792,1775523641,2026-04-07T01:00:41+00:00,0.079
7345183309756257693783741573478340128830660331823026035095352170224920670792,1775527236,2026-04-07T02:00:36+00:00,0.079
7345183309756257693783741573478340128830660331823026035095352170224920670792,1775530836,2026-04-07T03:00:36+00:00,0.079
7345183309756257693783741573478340128830660331823026035095352170224920670792,1775534436,2026-04-07T04:00:36+00:00,0.0775
7345183309756257693783741573478340128830660331823026035095352170224920670792,1775538055,2026-04-07T05:00:55+00:00,0.078
7345183309756257693783741573478340128830660331823026035095352170224920670792,1775541654,2026-04-07T06:00:54+00:00,0.079
7345183309756257693783741573478340128830660331823026035095352170224920670792,1775545237,2026-04-07T07:00:37+00:00,0.079
7345183309756257693783741573478340128830660331823026035095352170224920670792,1775548838,2026-04-07T08:00:38+00:00,0.079
7345183309756257693783741573478340128830660331823026035095352170224920670792,1775552439,2026-04-07T09:00:39+00:00,0.079
7345183309756257693783741573478340128830660331823026035095352170224920670792,1775556053,2026-04-07T10:00:53+00:00,0.079
7345183309756257693783741573478340128830660331823026035095352170224920670792,1775559635,2026-04-07T11:00:35+00:00,0.079
7345183309756257693783741573478340128830660331823026035095352170224920670792,1775563237,2026-04-07T12:00:37+00:00,0.079
7345183309756257693783741573478340128830660331823026035095352170224920670792,1775566843,2026-04-07T13:00:43+00:00,0.079
7345183309756257693783741573478340128830660331823026035095352170224920670792,1775570413,2026-04-07T14:00:13+00:00,0.079
7345183309756257693783741573478340128830660331823026035095352170224920670792,1775574051,2026-04-07T15:00:51+00:00,0.079
7345183309756257693783741573478340128830660331823026035095352170224920670792,1775577648,2026-04-07T16:00:48+00:00,0.079
7345183309756257693783741573478340128830660331823026035095352170224920670792,1775581205,2026-04-07T17:00:05+00:00,0.079
7345183309756257693783741573478340128830660331823026035095352170224920670792,1775584802,2026-04-07T18:00:02+00:00,0.079
7345183309756257693783741573478340128830660331823026035095352170224920670792,1775588426,2026-04-07T19:00:26+00:00,0.079
7345183309756257693783741573478340128830660331823026035095352170224920670792,1775592046,2026-04-07T20:00:46+00:00,0.079
7345183309756257693783741573478340128830660331823026035095352170224920670792,1775595640,2026-04-07T21:00:40+00:00,0.079
7345183309756257693783741573478340128830660331823026035095352170224920670792,1775599246,2026-04-07T22:00:46+00:00,0.079
7345183309756257693783741573478340128830660331823026035095352170224920670792,1775602844,2026-04-07T23:00:44+00:00,0.079
7345183309756257693783741573478340128830660331823026035095352170224920670792,1775606449,2026-04-08T00:00:49+00:00,0.079
7345183309756257693783741573478340128830660331823026035095352170224920670792,1775610050,2026-04-08T01:00:50+00:00,0.079
7345183309756257693783741573478340128830660331823026035095352170224920670792,1775613605,2026-04-08T02:00:05+00:00,0.079
7345183309756257693783741573478340128830660331823026035095352170224920670792,1775617246,2026-04-08T03:00:46+00:00,0.079
7345183309756257693783741573478340128830660331823026035095352170224920670792,1775620850,2026-04-08T04:00:50+00:00,0.079
7345183309756257693783741573478340128830660331823026035095352170224920670792,1775624452,2026-04-08T05:00:52+00:00,0.0805
7345183309756257693783741573478340128830660331823026035095352170224920670792,1775628045,2026-04-08T06:00:45+00:00,0.081
7345183309756257693783741573478340128830660331823026035095352170224920670792,1775631640,2026-04-08T07:00:40+00:00,0.081
7345183309756257693783741573478340128830660331823026035095352170224920670792,1775635230,2026-04-08T08:00:30+00:00,0.081
7345183309756257693783741573478340128830660331823026035095352170224920670792,1775642455,2026-04-08T10:00:55+00:00,0.081
7345183309756257693783741573478340128830660331823026035095352170224920670792,1775646039,2026-04-08T11:00:39+00:00,0.0815
7345183309756257693783741573478340128830660331823026035095352170224920670792,1775653214,2026-04-08T13:00:14+00:00,0.081
7345183309756257693783741573478340128830660331823026035095352170224920670792,1775656850,2026-04-08T14:00:50+00:00,0.0805
7345183309756257693783741573478340128830660331823026035095352170224920670792,1775664053,2026-04-08T16:00:53+00:00,0.0785
7345183309756257693783741573478340128830660331823026035095352170224920670792,1775667643,2026-04-08T17:00:43+00:00,0.078
7345183309756257693783741573478340128830660331823026035095352170224920670792,1775671246,2026-04-08T18:00:46+00:00,0.077
7345183309756257693783741573478340128830660331823026035095352170224920670792,1775674839,2026-04-08T19:00:39+00:00,0.0285
7345183309756257693783741573478340128830660331823026035095352170224920670792,1775678436,2026-04-08T20:00:36+00:00,0.023
7345183309756257693783741573478340128830660331823026035095352170224920670792,1775682043,2026-04-08T21:00:43+00:00,0.023
7345183309756257693783741573478340128830660331823026035095352170224920670792,1775685642,2026-04-08T22:00:42+00:00,0.023
7345183309756257693783741573478340128830660331823026035095352170224920670792,1775689209,2026-04-08T23:00:09+00:00,0.023
7345183309756257693783741573478340128830660331823026035095352170224920670792,1775692802,2026-04-09T00:00:02+00:00,0.023
7345183309756257693783741573478340128830660331823026035095352170224920670792,1775696439,2026-04-09T01:00:39+00:00,0.023
7345183309756257693783741573478340128830660331823026035095352170224920670792,1775700040,2026-04-09T02:00:40+00:00,0.023
7345183309756257693783741573478340128830660331823026035095352170224920670792,1775703638,2026-04-09T03:00:38+00:00,0.023
7345183309756257693783741573478340128830660331823026035095352170224920670792,1775707236,2026-04-09T04:00:36+00:00,0.023
7345183309756257693783741573478340128830660331823026035095352170224920670792,1775710838,2026-04-09T05:00:38+00:00,0.023
7345183309756257693783741573478340128830660331823026035095352170224920670792,1775714438,2026-04-09T06:00:38+00:00,0.023
7345183309756257693783741573478340128830660331823026035095352170224920670792,1775718036,2026-04-09T07:00:36+00:00,0.0235
7345183309756257693783741573478340128830660331823026035095352170224920670792,1775721636,2026-04-09T08:00:36+00:00,0.022
7345183309756257693783741573478340128830660331823026035095352170224920670792,1775725237,2026-04-09T09:00:37+00:00,0.0225
7345183309756257693783741573478340128830660331823026035095352170224920670792,1775728837,2026-04-09T10:00:37+00:00,0.0225
7345183309756257693783741573478340128830660331823026035095352170224920670792,1775732438,2026-04-09T11:00:38+00:00,0.0215
7345183309756257693783741573478340128830660331823026035095352170224920670792,1775736038,2026-04-09T12:00:38+00:00,0.0215
7345183309756257693783741573478340128830660331823026035095352170224920670792,1775739637,2026-04-09T13:00:37+00:00,0.0215
7345183309756257693783741573478340128830660331823026035095352170224920670792,1775743240,2026-04-09T14:00:40+00:00,0.0215
7345183309756257693783741573478340128830660331823026035095352170224920670792,1775750438,2026-04-09T16:00:38+00:00,0.0215
7345183309756257693783741573478340128830660331823026035095352170224920670792,1775754050,2026-04-09T17:00:50+00:00,0.0215
7345183309756257693783741573478340128830660331823026035095352170224920670792,1775757640,2026-04-09T18:00:40+00:00,0.022
7345183309756257693783741573478340128830660331823026035095352170224920670792,1775761239,2026-04-09T19:00:39+00:00,0.021
7345183309756257693783741573478340128830660331823026035095352170224920670792,1775764839,2026-04-09T20:00:39+00:00,0.021
7345183309756257693783741573478340128830660331823026035095352170224920670792,1775768440,2026-04-09T21:00:40+00:00,0.021
7345183309756257693783741573478340128830660331823026035095352170224920670792,1775772040,2026-04-09T22:00:40+00:00,0.021
7345183309756257693783741573478340128830660331823026035095352170224920670792,1775775640,2026-04-09T23:00:40+00:00,0.021
7345183309756257693783741573478340128830660331823026035095352170224920670792,1775779242,2026-04-10T00:00:42+00:00,0.021
7345183309756257693783741573478340128830660331823026035095352170224920670792,1775782844,2026-04-10T01:00:44+00:00,0.021
7345183309756257693783741573478340128830660331823026035095352170224920670792,1775786438,2026-04-10T02:00:38+00:00,0.021
7345183309756257693783741573478340128830660331823026035095352170224920670792,1775790039,2026-04-10T03:00:39+00:00,0.021
7345183309756257693783741573478340128830660331823026035095352170224920670792,1775793640,2026-04-10T04:00:40+00:00,0.021
7345183309756257693783741573478340128830660331823026035095352170224920670792,1775797239,2026-04-10T05:00:39+00:00,0.021
7345183309756257693783741573478340128830660331823026035095352170224920670792,1775804439,2026-04-10T07:00:39+00:00,0.023
7345183309756257693783741573478340128830660331823026035095352170224920670792,1775808058,2026-04-10T08:00:58+00:00,0.022
7345183309756257693783741573478340128830660331823026035095352170224920670792,1775815241,2026-04-10T10:00:41+00:00,0.021
7345183309756257693783741573478340128830660331823026035095352170224920670792,1775818840,2026-04-10T11:00:40+00:00,0.0205
7345183309756257693783741573478340128830660331823026035095352170224920670792,1775822441,2026-04-10T12:00:41+00:00,0.022
7345183309756257693783741573478340128830660331823026035095352170224920670792,1775826059,2026-04-10T13:00:59+00:00,0.0225
7345183309756257693783741573478340128830660331823026035095352170224920670792,1775829641,2026-04-10T14:00:41+00:00,0.0225
7345183309756257693783741573478340128830660331823026035095352170224920670792,1775836847,2026-04-10T16:00:47+00:00,0.0225
7345183309756257693783741573478340128830660331823026035095352170224920670792,1775844039,2026-04-10T18:00:39+00:00,0.0225
7345183309756257693783741573478340128830660331823026035095352170224920670792,1775847639,2026-04-10T19:00:39+00:00,0.0225
7345183309756257693783741573478340128830660331823026035095352170224920670792,1775854843,2026-04-10T21:00:43+00:00,0.022
7345183309756257693783741573478340128830660331823026035095352170224920670792,1775858447,2026-04-10T22:00:47+00:00,0.022
7345183309756257693783741573478340128830660331823026035095352170224920670792,1775865643,2026-04-11T00:00:43+00:00,0.0225
7345183309756257693783741573478340128830660331823026035095352170224920670792,1775869242,2026-04-11T01:00:42+00:00,0.0225
7345183309756257693783741573478340128830660331823026035095352170224920670792,1775872842,2026-04-11T02:00:42+00:00,0.0225
7345183309756257693783741573478340128830660331823026035095352170224920670792,1775876439,2026-04-11T03:00:39+00:00,0.0225
7345183309756257693783741573478340128830660331823026035095352170224920670792,1775880048,2026-04-11T04:00:48+00:00,0.0225
7345183309756257693783741573478340128830660331823026035095352170224920670792,1775883642,2026-04-11T05:00:42+00:00,0.0225
7345183309756257693783741573478340128830660331823026035095352170224920670792,1775887250,2026-04-11T06:00:50+00:00,0.0235
7345183309756257693783741573478340128830660331823026035095352170224920670792,1775890840,2026-04-11T07:00:40+00:00,0.0235
7345183309756257693783741573478340128830660331823026035095352170224920670792,1775894438,2026-04-11T08:00:38+00:00,0.023
7345183309756257693783741573478340128830660331823026035095352170224920670792,1775898040,2026-04-11T09:00:40+00:00,0.0245
7345183309756257693783741573478340128830660331823026035095352170224920670792,1775901604,2026-04-11T10:00:04+00:00,0.0245
7345183309756257693783741573478340128830660331823026035095352170224920670792,1775905238,2026-04-11T11:00:38+00:00,0.0245
7345183309756257693783741573478340128830660331823026035095352170224920670792,1775908844,2026-04-11T12:00:44+00:00,0.0215
7345183309756257693783741573478340128830660331823026035095352170224920670792,1775912440,2026-04-11T13:00:40+00:00,0.0235
7345183309756257693783741573478340128830660331823026035095352170224920670792,1775916040,2026-04-11T14:00:40+00:00,0.0245
7345183309756257693783741573478340128830660331823026035095352170224920670792,1775919646,2026-04-11T15:00:46+00:00,0.0245
7345183309756257693783741573478340128830660331823026035095352170224920670792,1775923238,2026-04-11T16:00:38+00:00,0.0215
7345183309756257693783741573478340128830660331823026035095352170224920670792,1775926839,2026-04-11T17:00:39+00:00,0.023
7345183309756257693783741573478340128830660331823026035095352170224920670792,1775930442,2026-04-11T18:00:42+00:00,0.023
7345183309756257693783741573478340128830660331823026035095352170224920670792,1775934040,2026-04-11T19:00:40+00:00,0.0315
7345183309756257693783741573478340128830660331823026035095352170224920670792,1775937642,2026-04-11T20:00:42+00:00,0.0375
7345183309756257693783741573478340128830660331823026035095352170224920670792,1775941239,2026-04-11T21:00:39+00:00,0.0375
7345183309756257693783741573478340128830660331823026035095352170224920670792,1775944854,2026-04-11T22:00:54+00:00,0.0385
7345183309756257693783741573478340128830660331823026035095352170224920670792,1775948441,2026-04-11T23:00:41+00:00,0.0385
7345183309756257693783741573478340128830660331823026035095352170224920670792,1775955637,2026-04-12T01:00:37+00:00,0.039
7345183309756257693783741573478340128830660331823026035095352170224920670792,1775959236,2026-04-12T02:00:36+00:00,0.0395
7345183309756257693783741573478340128830660331823026035095352170224920670792,1775962835,2026-04-12T03:00:35+00:00,0.04
7345183309756257693783741573478340128830660331823026035095352170224920670792,1775966437,2026-04-12T04:00:37+00:00,0.04
7345183309756257693783741573478340128830660331823026035095352170224920670792,1775970037,2026-04-12T05:00:37+00:00,0.04
7345183309756257693783741573478340128830660331823026035095352170224920670792,1775973639,2026-04-12T06:00:39+00:00,0.0395
7345183309756257693783741573478340128830660331823026035095352170224920670792,1775977239,2026-04-12T07:00:39+00:00,0.04
7345183309756257693783741573478340128830660331823026035095352170224920670792,1775980836,2026-04-12T08:00:36+00:00,0.04
7345183309756257693783741573478340128830660331823026035095352170224920670792,1775984439,2026-04-12T09:00:39+00:00,0.04
7345183309756257693783741573478340128830660331823026035095352170224920670792,1775988037,2026-04-12T10:00:37+00:00,0.0365
7345183309756257693783741573478340128830660331823026035095352170224920670792,1775991640,2026-04-12T11:00:40+00:00,0.036
7345183309756257693783741573478340128830660331823026035095352170224920670792,1775995242,2026-04-12T12:00:42+00:00,0.035
7345183309756257693783741573478340128830660331823026035095352170224920670792,1775998838,2026-04-12T13:00:38+00:00,0.035
7345183309756257693783741573478340128830660331823026035095352170224920670792,1776002438,2026-04-12T14:00:38+00:00,0.035
7345183309756257693783741573478340128830660331823026035095352170224920670792,1776006054,2026-04-12T15:00:54+00:00,0.035
7345183309756257693783741573478340128830660331823026035095352170224920670792,1776009659,2026-04-12T16:00:59+00:00,0.035
7345183309756257693783741573478340128830660331823026035095352170224920670792,1776013237,2026-04-12T17:00:37+00:00,0.035
7345183309756257693783741573478340128830660331823026035095352170224920670792,1776016837,2026-04-12T18:00:37+00:00,0.0355
7345183309756257693783741573478340128830660331823026035095352170224920670792,1776020439,2026-04-12T19:00:39+00:00,0.0355
7345183309756257693783741573478340128830660331823026035095352170224920670792,1776024039,2026-04-12T20:00:39+00:00,0.0355
7345183309756257693783741573478340128830660331823026035095352170224920670792,1776027637,2026-04-12T21:00:37+00:00,0.1125
7345183309756257693783741573478340128830660331823026035095352170224920670792,1776031241,2026-04-12T22:00:41+00:00,0.1135
7345183309756257693783741573478340128830660331823026035095352170224920670792,1776034839,2026-04-12T23:00:39+00:00,0.1155
7345183309756257693783741573478340128830660331823026035095352170224920670792,1776038438,2026-04-13T00:00:38+00:00,0.1155
7345183309756257693783741573478340128830660331823026035095352170224920670792,1776042035,2026-04-13T01:00:35+00:00,0.1165
7345183309756257693783741573478340128830660331823026035095352170224920670792,1776045641,2026-04-13T02:00:41+00:00,0.1175
7345183309756257693783741573478340128830660331823026035095352170224920670792,1776049235,2026-04-13T03:00:35+00:00,0.1185
7345183309756257693783741573478340128830660331823026035095352170224920670792,1776052834,2026-04-13T04:00:34+00:00,0.1185
7345183309756257693783741573478340128830660331823026035095352170224920670792,1776056438,2026-04-13T05:00:38+00:00,0.133
7345183309756257693783741573478340128830660331823026035095352170224920670792,1776060035,2026-04-13T06:00:35+00:00,0.1345
7345183309756257693783741573478340128830660331823026035095352170224920670792,1776063635,2026-04-13T07:00:35+00:00,0.1415
7345183309756257693783741573478340128830660331823026035095352170224920670792,1776067235,2026-04-13T08:00:35+00:00,0.1425
7345183309756257693783741573478340128830660331823026035095352170224920670792,1776070836,2026-04-13T09:00:36+00:00,0.1455
7345183309756257693783741573478340128830660331823026035095352170224920670792,1776074437,2026-04-13T10:00:37+00:00,0.146
7345183309756257693783741573478340128830660331823026035095352170224920670792,1776078037,2026-04-13T11:00:37+00:00,0.1455
7345183309756257693783741573478340128830660331823026035095352170224920670792,1776081646,2026-04-13T12:00:46+00:00,0.145
7345183309756257693783741573478340128830660331823026035095352170224920670792,1776085235,2026-04-13T13:00:35+00:00,0.149
7345183309756257693783741573478340128830660331823026035095352170224920670792,1776088843,2026-04-13T14:00:43+00:00,0.148
7345183309756257693783741573478340128830660331823026035095352170224920670792,1776092448,2026-04-13T15:00:48+00:00,0.1495
7345183309756257693783741573478340128830660331823026035095352170224920670792,1776096044,2026-04-13T16:00:44+00:00,0.148
7345183309756257693783741573478340128830660331823026035095352170224920670792,1776099639,2026-04-13T17:00:39+00:00,0.1485
7345183309756257693783741573478340128830660331823026035095352170224920670792,1776103238,2026-04-13T18:00:38+00:00,0.148
7345183309756257693783741573478340128830660331823026035095352170224920670792,1776106840,2026-04-13T19:00:40+00:00,0.1085
7345183309756257693783741573478340128830660331823026035095352170224920670792,1776110437,2026-04-13T20:00:37+00:00,0.111
7345183309756257693783741573478340128830660331823026035095352170224920670792,1776114054,2026-04-13T21:00:54+00:00,0.113
7345183309756257693783741573478340128830660331823026035095352170224920670792,1776117647,2026-04-13T22:00:47+00:00,0.114
7345183309756257693783741573478340128830660331823026035095352170224920670792,1776121250,2026-04-13T23:00:50+00:00,0.1125
7345183309756257693783741573478340128830660331823026035095352170224920670792,1776124856,2026-04-14T00:00:56+00:00,0.1125
7345183309756257693783741573478340128830660331823026035095352170224920670792,1776128436,2026-04-14T01:00:36+00:00,0.1125
7345183309756257693783741573478340128830660331823026035095352170224920670792,1776132036,2026-04-14T02:00:36+00:00,0.1125
7345183309756257693783741573478340128830660331823026035095352170224920670792,1776135636,2026-04-14T03:00:36+00:00,0.112
7345183309756257693783741573478340128830660331823026035095352170224920670792,1776139238,2026-04-14T04:00:38+00:00,0.1125
7345183309756257693783741573478340128830660331823026035095352170224920670792,1776142837,2026-04-14T05:00:37+00:00,0.1125
7345183309756257693783741573478340128830660331823026035095352170224920670792,1776146450,2026-04-14T06:00:50+00:00,0.1125
7345183309756257693783741573478340128830660331823026035095352170224920670792,1776150035,2026-04-14T07:00:35+00:00,0.1125
7345183309756257693783741573478340128830660331823026035095352170224920670792,1776153636,2026-04-14T08:00:36+00:00,0.1125
7345183309756257693783741573478340128830660331823026035095352170224920670792,1776157238,2026-04-14T09:00:38+00:00,0.112
7345183309756257693783741573478340128830660331823026035095352170224920670792,1776160836,2026-04-14T10:00:36+00:00,0.1125
7345183309756257693783741573478340128830660331823026035095352170224920670792,1776164439,2026-04-14T11:00:39+00:00,0.1125
7345183309756257693783741573478340128830660331823026035095352170224920670792,1776168048,2026-04-14T12:00:48+00:00,0.1125
7345183309756257693783741573478340128830660331823026035095352170224920670792,1776171639,2026-04-14T13:00:39+00:00,0.112
7345183309756257693783741573478340128830660331823026035095352170224920670792,1776175239,2026-04-14T14:00:39+00:00,0.1125
7345183309756257693783741573478340128830660331823026035095352170224920670792,1776178839,2026-04-14T15:00:39+00:00,0.1125
7345183309756257693783741573478340128830660331823026035095352170224920670792,1776182437,2026-04-14T16:00:37+00:00,0.1125
7345183309756257693783741573478340128830660331823026035095352170224920670792,1776186041,2026-04-14T17:00:41+00:00,0.1125
7345183309756257693783741573478340128830660331823026035095352170224920670792,1776193255,2026-04-14T19:00:55+00:00,0.1125
7345183309756257693783741573478340128830660331823026035095352170224920670792,1776196838,2026-04-14T20:00:38+00:00,0.1125
7345183309756257693783741573478340128830660331823026035095352170224920670792,1776200439,2026-04-14T21:00:39+00:00,0.1125
7345183309756257693783741573478340128830660331823026035095352170224920670792,1776204038,2026-04-14T22:00:38+00:00,0.1135
7345183309756257693783741573478340128830660331823026035095352170224920670792,1776211239,2026-04-15T00:00:39+00:00,0.1125
7345183309756257693783741573478340128830660331823026035095352170224920670792,1776214837,2026-04-15T01:00:37+00:00,0.1125
7345183309756257693783741573478340128830660331823026035095352170224920670792,1776218439,2026-04-15T02:00:39+00:00,0.114
7345183309756257693783741573478340128830660331823026035095352170224920670792,1776222037,2026-04-15T03:00:37+00:00,0.114
7345183309756257693783741573478340128830660331823026035095352170224920670792,1776225636,2026-04-15T04:00:36+00:00,0.1125
7345183309756257693783741573478340128830660331823026035095352170224920670792,1776232839,2026-04-15T06:00:39+00:00,0.114
7345183309756257693783741573478340128830660331823026035095352170224920670792,1776236437,2026-04-15T07:00:37+00:00,0.114
7345183309756257693783741573478340128830660331823026035095352170224920670792,1776240041,2026-04-15T08:00:41+00:00,0.1125
7345183309756257693783741573478340128830660331823026035095352170224920670792,1776243637,2026-04-15T09:00:37+00:00,0.1135
7345183309756257693783741573478340128830660331823026035095352170224920670792,1776247250,2026-04-15T10:00:50+00:00,0.114
7345183309756257693783741573478340128830660331823026035095352170224920670792,1776250839,2026-04-15T11:00:39+00:00,0.1125
7345183309756257693783741573478340128830660331823026035095352170224920670792,1776254441,2026-04-15T12:00:41+00:00,0.1135
7345183309756257693783741573478340128830660331823026035095352170224920670792,1776258054,2026-04-15T13:00:54+00:00,0.114
7345183309756257693783741573478340128830660331823026035095352170224920670792,1776261637,2026-04-15T14:00:37+00:00,0.114
7345183309756257693783741573478340128830660331823026035095352170224920670792,1776265239,2026-04-15T15:00:39+00:00,0.1125
7345183309756257693783741573478340128830660331823026035095352170224920670792,1776268841,2026-04-15T16:00:41+00:00,0.1135
7345183309756257693783741573478340128830660331823026035095352170224920670792,1776272437,2026-04-15T17:00:37+00:00,0.114
7345183309756257693783741573478340128830660331823026035095352170224920670792,1776276040,2026-04-15T18:00:40+00:00,0.1125
7345183309756257693783741573478340128830660331823026035095352170224920670792,1776279651,2026-04-15T19:00:51+00:00,0.1135
7345183309756257693783741573478340128830660331823026035095352170224920670792,1776283241,2026-04-15T20:00:41+00:00,0.1145
7345183309756257693783741573478340128830660331823026035095352170224920670792,1776290435,2026-04-15T22:00:35+00:00,0.115
7345183309756257693783741573478340128830660331823026035095352170224920670792,1776294038,2026-04-15T23:00:38+00:00,0.115
7345183309756257693783741573478340128830660331823026035095352170224920670792,1776297643,2026-04-16T00:00:43+00:00,0.1125
7345183309756257693783741573478340128830660331823026035095352170224920670792,1776301239,2026-04-16T01:00:39+00:00,0.113
7345183309756257693783741573478340128830660331823026035095352170224920670792,1776304840,2026-04-16T02:00:40+00:00,0.113
7345183309756257693783741573478340128830660331823026035095352170224920670792,1776308447,2026-04-16T03:00:47+00:00,0.113
7345183309756257693783741573478340128830660331823026035095352170224920670792,1776312040,2026-04-16T04:00:40+00:00,0.113
7345183309756257693783741573478340128830660331823026035095352170224920670792,1776315638,2026-04-16T05:00:38+00:00,0.1135
7345183309756257693783741573478340128830660331823026035095352170224920670792,1776319248,2026-04-16T06:00:48+00:00,0.1135
7345183309756257693783741573478340128830660331823026035095352170224920670792,1776322838,2026-04-16T07:00:38+00:00,0.114
7345183309756257693783741573478340128830660331823026035095352170224920670792,1776326439,2026-04-16T08:00:39+00:00,0.1145
7345183309756257693783741573478340128830660331823026035095352170224920670792,1776330054,2026-04-16T09:00:54+00:00,0.1145
7345183309756257693783741573478340128830660331823026035095352170224920670792,1776333643,2026-04-16T10:00:43+00:00,0.1145
7345183309756257693783741573478340128830660331823026035095352170224920670792,1776337237,2026-04-16T11:00:37+00:00,0.113
7345183309756257693783741573478340128830660331823026035095352170224920670792,1776340837,2026-04-16T12:00:37+00:00,0.113
7345183309756257693783741573478340128830660331823026035095352170224920670792,1776344441,2026-04-16T13:00:41+00:00,0.113
7345183309756257693783741573478340128830660331823026035095352170224920670792,1776348043,2026-04-16T14:00:43+00:00,0.113
7345183309756257693783741573478340128830660331823026035095352170224920670792,1776351646,2026-04-16T15:00:46+00:00,0.114
7345183309756257693783741573478340128830660331823026035095352170224920670792,1776362429,2026-04-16T18:00:29+00:00,0.114
7345183309756257693783741573478340128830660331823026035095352170224920670792,1776387651,2026-04-17T01:00:51+00:00,0.113
7345183309756257693783741573478340128830660331823026035095352170224920670792,1776391255,2026-04-17T02:00:55+00:00,0.114
7345183309756257693783741573478340128830660331823026035095352170224920670792,1776398447,2026-04-17T04:00:47+00:00,0.1155
7345183309756257693783741573478340128830660331823026035095352170224920670792,1776402049,2026-04-17T05:00:49+00:00,0.113
7345183309756257693783741573478340128830660331823026035095352170224920670792,1776409251,2026-04-17T07:00:51+00:00,0.115
7345183309756257693783741573478340128830660331823026035095352170224920670792,1776420055,2026-04-17T10:00:55+00:00,0.115
7345183309756257693783741573478340128830660331823026035095352170224920670792,1776423650,2026-04-17T11:00:50+00:00,0.115
7345183309756257693783741573478340128830660331823026035095352170224920670792,1776430857,2026-04-17T13:00:57+00:00,0.115
7345183309756257693783741573478340128830660331823026035095352170224920670792,1776438023,2026-04-17T15:00:23+00:00,0.114
7345183309756257693783741573478340128830660331823026035095352170224920670792,1776441659,2026-04-17T16:00:59+00:00,0.115
7345183309756257693783741573478340128830660331823026035095352170224920670792,1776445212,2026-04-17T17:00:12+00:00,0.114
7345183309756257693783741573478340128830660331823026035095352170224920670792,1776448831,2026-04-17T18:00:31+00:00,0.114
7345183309756257693783741573478340128830660331823026035095352170224920670792,1776452402,2026-04-17T19:00:02+00:00,0.113
7345183309756257693783741573478340128830660331823026035095352170224920670792,1776456009,2026-04-17T20:00:09+00:00,0.1135
7345183309756257693783741573478340128830660331823026035095352170224920670792,1776466857,2026-04-17T23:00:57+00:00,0.1135
7345183309756257693783741573478340128830660331823026035095352170224920670792,1776484858,2026-04-18T04:00:58+00:00,0.1135
7345183309756257693783741573478340128830660331823026035095352170224920670792,1776495650,2026-04-18T07:00:50+00:00,0.1135
7345183309756257693783741573478340128830660331823026035095352170224920670792,1776499253,2026-04-18T08:00:53+00:00,0.1135
7345183309756257693783741573478340128830660331823026035095352170224920670792,1776502856,2026-04-18T09:00:56+00:00,0.1135
7345183309756257693783741573478340128830660331823026035095352170224920670792,1776506454,2026-04-18T10:00:54+00:00,0.113
7345183309756257693783741573478340128830660331823026035095352170224920670792,1776510005,2026-04-18T11:00:05+00:00,0.1135
7345183309756257693783741573478340128830660331823026035095352170224920670792,1776524417,2026-04-18T15:00:17+00:00,0.1135
7345183309756257693783741573478340128830660331823026035095352170224920670792,1776531655,2026-04-18T17:00:55+00:00,0.112
7345183309756257693783741573478340128830660331823026035095352170224920670792,1776549659,2026-04-18T22:00:59+00:00,0.1145
7345183309756257693783741573478340128830660331823026035095352170224920670792,1776553259,2026-04-18T23:00:59+00:00,0.115
7345183309756257693783741573478340128830660331823026035095352170224920670792,1776560454,2026-04-19T01:00:54+00:00,0.1125
7345183309756257693783741573478340128830660331823026035095352170224920670792,1776564057,2026-04-19T02:00:57+00:00,0.1115
7345183309756257693783741573478340128830660331823026035095352170224920670792,1776574851,2026-04-19T05:00:51+00:00,0.105
7345183309756257693783741573478340128830660331823026035095352170224920670792,1776582046,2026-04-19T07:00:46+00:00,0.092
7345183309756257693783741573478340128830660331823026035095352170224920670792,1776614414,2026-04-19T16:00:14+00:00,0.042
7345183309756257693783741573478340128830660331823026035095352170224920670792,1776646858,2026-04-20T01:00:58+00:00,0.0425
7345183309756257693783741573478340128830660331823026035095352170224920670792,1776657656,2026-04-20T04:00:56+00:00,0.0425
7345183309756257693783741573478340128830660331823026035095352170224920670792,1776659860,2026-04-20T04:37:40+00:00,0.0425
19730444129256957174015889379846911816814301308831812906398054285035177752584,1773982847,2026-03-20T05:00:47+00:00,0.0015
19730444129256957174015889379846911816814301308831812906398054285035177752584,1773986459,2026-03-20T06:00:59+00:00,0.0015
19730444129256957174015889379846911816814301308831812906398054285035177752584,1773990046,2026-03-20T07:00:46+00:00,0.0015
19730444129256957174015889379846911816814301308831812906398054285035177752584,1773993644,2026-03-20T08:00:44+00:00,0.0015
19730444129256957174015889379846911816814301308831812906398054285035177752584,1773997254,2026-03-20T09:00:54+00:00,0.0015
19730444129256957174015889379846911816814301308831812906398054285035177752584,1774004443,2026-03-20T11:00:43+00:00,0.0015
19730444129256957174015889379846911816814301308831812906398054285035177752584,1774008051,2026-03-20T12:00:51+00:00,0.0015
19730444129256957174015889379846911816814301308831812906398054285035177752584,1774011653,2026-03-20T13:00:53+00:00,0.0015
19730444129256957174015889379846911816814301308831812906398054285035177752584,1774015248,2026-03-20T14:00:48+00:00,0.0015
19730444129256957174015889379846911816814301308831812906398054285035177752584,1774018853,2026-03-20T15:00:53+00:00,0.0015
19730444129256957174015889379846911816814301308831812906398054285035177752584,1774022441,2026-03-20T16:00:41+00:00,0.0015
19730444129256957174015889379846911816814301308831812906398054285035177752584,1774026043,2026-03-20T17:00:43+00:00,0.0015
19730444129256957174015889379846911816814301308831812906398054285035177752584,1774029657,2026-03-20T18:00:57+00:00,0.0015
19730444129256957174015889379846911816814301308831812906398054285035177752584,1774033243,2026-03-20T19:00:43+00:00,0.0015
19730444129256957174015889379846911816814301308831812906398054285035177752584,1774036844,2026-03-20T20:00:44+00:00,0.0015
19730444129256957174015889379846911816814301308831812906398054285035177752584,1774044052,2026-03-20T22:00:52+00:00,0.0015
19730444129256957174015889379846911816814301308831812906398054285035177752584,1774047650,2026-03-20T23:00:50+00:00,0.0015
19730444129256957174015889379846911816814301308831812906398054285035177752584,1774051255,2026-03-21T00:00:55+00:00,0.0015
19730444129256957174015889379846911816814301308831812906398054285035177752584,1774054853,2026-03-21T01:00:53+00:00,0.0015
19730444129256957174015889379846911816814301308831812906398054285035177752584,1774058458,2026-03-21T02:00:58+00:00,0.0015
19730444129256957174015889379846911816814301308831812906398054285035177752584,1774062046,2026-03-21T03:00:46+00:00,0.0015
19730444129256957174015889379846911816814301308831812906398054285035177752584,1774065649,2026-03-21T04:00:49+00:00,0.0015
19730444129256957174015889379846911816814301308831812906398054285035177752584,1774069242,2026-03-21T05:00:42+00:00,0.0015
19730444129256957174015889379846911816814301308831812906398054285035177752584,1774072855,2026-03-21T06:00:55+00:00,0.0015
19730444129256957174015889379846911816814301308831812906398054285035177752584,1774076459,2026-03-21T07:00:59+00:00,0.0015
19730444129256957174015889379846911816814301308831812906398054285035177752584,1774080042,2026-03-21T08:00:42+00:00,0.0015
19730444129256957174015889379846911816814301308831812906398054285035177752584,1774083644,2026-03-21T09:00:44+00:00,0.0015
19730444129256957174015889379846911816814301308831812906398054285035177752584,1774087242,2026-03-21T10:00:42+00:00,0.0015
19730444129256957174015889379846911816814301308831812906398054285035177752584,1774090847,2026-03-21T11:00:47+00:00,0.0015
19730444129256957174015889379846911816814301308831812906398054285035177752584,1774094448,2026-03-21T12:00:48+00:00,0.0015
19730444129256957174015889379846911816814301308831812906398054285035177752584,1774098047,2026-03-21T13:00:47+00:00,0.0015
19730444129256957174015889379846911816814301308831812906398054285035177752584,1774101657,2026-03-21T14:00:57+00:00,0.0015
19730444129256957174015889379846911816814301308831812906398054285035177752584,1774108801,2026-03-21T16:00:01+00:00,0.0015
19730444129256957174015889379846911816814301308831812906398054285035177752584,1774116052,2026-03-21T18:00:52+00:00,0.0015
19730444129256957174015889379846911816814301308831812906398054285035177752584,1774119645,2026-03-21T19:00:45+00:00,0.0015
19730444129256957174015889379846911816814301308831812906398054285035177752584,1774123245,2026-03-21T20:00:45+00:00,0.0015
19730444129256957174015889379846911816814301308831812906398054285035177752584,1774126849,2026-03-21T21:00:49+00:00,0.0015
19730444129256957174015889379846911816814301308831812906398054285035177752584,1774130448,2026-03-21T22:00:48+00:00,0.0015
19730444129256957174015889379846911816814301308831812906398054285035177752584,1774134043,2026-03-21T23:00:43+00:00,0.0015
19730444129256957174015889379846911816814301308831812906398054285035177752584,1774137653,2026-03-22T00:00:53+00:00,0.0015
19730444129256957174015889379846911816814301308831812906398054285035177752584,1774141241,2026-03-22T01:00:41+00:00,0.0015
19730444129256957174015889379846911816814301308831812906398054285035177752584,1774144838,2026-03-22T02:00:38+00:00,0.0015
19730444129256957174015889379846911816814301308831812906398054285035177752584,1774148441,2026-03-22T03:00:41+00:00,0.0015
19730444129256957174015889379846911816814301308831812906398054285035177752584,1774152037,2026-03-22T04:00:37+00:00,0.0015
19730444129256957174015889379846911816814301308831812906398054285035177752584,1774155645,2026-03-22T05:00:45+00:00,0.0015
19730444129256957174015889379846911816814301308831812906398054285035177752584,1774159243,2026-03-22T06:00:43+00:00,0.0015
19730444129256957174015889379846911816814301308831812906398054285035177752584,1774162835,2026-03-22T07:00:35+00:00,0.0015
19730444129256957174015889379846911816814301308831812906398054285035177752584,1774166437,2026-03-22T08:00:37+00:00,0.0015
19730444129256957174015889379846911816814301308831812906398054285035177752584,1774170040,2026-03-22T09:00:40+00:00,0.0015
19730444129256957174015889379846911816814301308831812906398054285035177752584,1774173637,2026-03-22T10:00:37+00:00,0.0015
19730444129256957174015889379846911816814301308831812906398054285035177752584,1774177234,2026-03-22T11:00:34+00:00,0.0015
19730444129256957174015889379846911816814301308831812906398054285035177752584,1774180859,2026-03-22T12:00:59+00:00,0.0015
19730444129256957174015889379846911816814301308831812906398054285035177752584,1774184458,2026-03-22T13:00:58+00:00,0.0015
19730444129256957174015889379846911816814301308831812906398054285035177752584,1774188038,2026-03-22T14:00:38+00:00,0.0015
19730444129256957174015889379846911816814301308831812906398054285035177752584,1774191640,2026-03-22T15:00:40+00:00,0.0015
19730444129256957174015889379846911816814301308831812906398054285035177752584,1774195241,2026-03-22T16:00:41+00:00,0.0015
19730444129256957174015889379846911816814301308831812906398054285035177752584,1774202445,2026-03-22T18:00:45+00:00,0.0015
19730444129256957174015889379846911816814301308831812906398054285035177752584,1774206039,2026-03-22T19:00:39+00:00,0.0015
19730444129256957174015889379846911816814301308831812906398054285035177752584,1774209637,2026-03-22T20:00:37+00:00,0.0015
19730444129256957174015889379846911816814301308831812906398054285035177752584,1774213243,2026-03-22T21:00:43+00:00,0.0015
19730444129256957174015889379846911816814301308831812906398054285035177752584,1774216840,2026-03-22T22:00:40+00:00,0.0015
19730444129256957174015889379846911816814301308831812906398054285035177752584,1774220440,2026-03-22T23:00:40+00:00,0.0015
19730444129256957174015889379846911816814301308831812906398054285035177752584,1774224045,2026-03-23T00:00:45+00:00,0.0015
19730444129256957174015889379846911816814301308831812906398054285035177752584,1774227636,2026-03-23T01:00:36+00:00,0.0015
19730444129256957174015889379846911816814301308831812906398054285035177752584,1774231238,2026-03-23T02:00:38+00:00,0.0015
19730444129256957174015889379846911816814301308831812906398054285035177752584,1774234845,2026-03-23T03:00:45+00:00,0.0015
19730444129256957174015889379846911816814301308831812906398054285035177752584,1774238433,2026-03-23T04:00:33+00:00,0.0015
19730444129256957174015889379846911816814301308831812906398054285035177752584,1774242043,2026-03-23T05:00:43+00:00,0.0015
19730444129256957174015889379846911816814301308831812906398054285035177752584,1774245646,2026-03-23T06:00:46+00:00,0.0015
19730444129256957174015889379846911816814301308831812906398054285035177752584,1774249239,2026-03-23T07:00:39+00:00,0.0015
19730444129256957174015889379846911816814301308831812906398054285035177752584,1774252843,2026-03-23T08:00:43+00:00,0.0015
19730444129256957174015889379846911816814301308831812906398054285035177752584,1774256454,2026-03-23T09:00:54+00:00,0.0015
19730444129256957174015889379846911816814301308831812906398054285035177752584,1774260038,2026-03-23T10:00:38+00:00,0.0015
19730444129256957174015889379846911816814301308831812906398054285035177752584,1774263634,2026-03-23T11:00:34+00:00,0.0015
19730444129256957174015889379846911816814301308831812906398054285035177752584,1774267243,2026-03-23T12:00:43+00:00,0.0015
19730444129256957174015889379846911816814301308831812906398054285035177752584,1774270845,2026-03-23T13:00:45+00:00,0.0015
19730444129256957174015889379846911816814301308831812906398054285035177752584,1774274438,2026-03-23T14:00:38+00:00,0.0015
19730444129256957174015889379846911816814301308831812906398054285035177752584,1774278038,2026-03-23T15:00:38+00:00,0.0015
19730444129256957174015889379846911816814301308831812906398054285035177752584,1774281637,2026-03-23T16:00:37+00:00,0.0015
19730444129256957174015889379846911816814301308831812906398054285035177752584,1774288839,2026-03-23T18:00:39+00:00,0.0015
19730444129256957174015889379846911816814301308831812906398054285035177752584,1774292455,2026-03-23T19:00:55+00:00,0.0015
19730444129256957174015889379846911816814301308831812906398054285035177752584,1774296042,2026-03-23T20:00:42+00:00,0.0015
19730444129256957174015889379846911816814301308831812906398054285035177752584,1774299647,2026-03-23T21:00:47+00:00,0.0015
19730444129256957174015889379846911816814301308831812906398054285035177752584,1774303237,2026-03-23T22:00:37+00:00,0.0015
19730444129256957174015889379846911816814301308831812906398054285035177752584,1774306838,2026-03-23T23:00:38+00:00,0.0015
19730444129256957174015889379846911816814301308831812906398054285035177752584,1774310441,2026-03-24T00:00:41+00:00,0.0015
19730444129256957174015889379846911816814301308831812906398054285035177752584,1774314032,2026-03-24T01:00:32+00:00,0.0015
19730444129256957174015889379846911816814301308831812906398054285035177752584,1774317635,2026-03-24T02:00:35+00:00,0.0015
19730444129256957174015889379846911816814301308831812906398054285035177752584,1774321238,2026-03-24T03:00:38+00:00,0.0015
19730444129256957174015889379846911816814301308831812906398054285035177752584,1774324837,2026-03-24T04:00:37+00:00,0.0015
19730444129256957174015889379846911816814301308831812906398054285035177752584,1774328437,2026-03-24T05:00:37+00:00,0.0015
19730444129256957174015889379846911816814301308831812906398054285035177752584,1774332049,2026-03-24T06:00:49+00:00,0.0015
19730444129256957174015889379846911816814301308831812906398054285035177752584,1774335636,2026-03-24T07:00:36+00:00,0.0015
19730444129256957174015889379846911816814301308831812906398054285035177752584,1774339233,2026-03-24T08:00:33+00:00,0.0015
19730444129256957174015889379846911816814301308831812906398054285035177752584,1774342840,2026-03-24T09:00:40+00:00,0.0015
19730444129256957174015889379846911816814301308831812906398054285035177752584,1774346433,2026-03-24T10:00:33+00:00,0.0015
19730444129256957174015889379846911816814301308831812906398054285035177752584,1774353647,2026-03-24T12:00:47+00:00,0.0015
19730444129256957174015889379846911816814301308831812906398054285035177752584,1774357248,2026-03-24T13:00:48+00:00,0.0015
19730444129256957174015889379846911816814301308831812906398054285035177752584,1774360837,2026-03-24T14:00:37+00:00,0.0015
19730444129256957174015889379846911816814301308831812906398054285035177752584,1774364444,2026-03-24T15:00:44+00:00,0.0015
19730444129256957174015889379846911816814301308831812906398054285035177752584,1774368036,2026-03-24T16:00:36+00:00,0.0015
19730444129256957174015889379846911816814301308831812906398054285035177752584,1774371643,2026-03-24T17:00:43+00:00,0.0015
19730444129256957174015889379846911816814301308831812906398054285035177752584,1774375248,2026-03-24T18:00:48+00:00,0.0015
19730444129256957174015889379846911816814301308831812906398054285035177752584,1774378837,2026-03-24T19:00:37+00:00,0.0005
19730444129256957174015889379846911816814301308831812906398054285035177752584,1774382440,2026-03-24T20:00:40+00:00,0.0005
19730444129256957174015889379846911816814301308831812906398054285035177752584,1774386059,2026-03-24T21:00:59+00:00,0.0005
19730444129256957174015889379846911816814301308831812906398054285035177752584,1774389635,2026-03-24T22:00:35+00:00,0.0005
19730444129256957174015889379846911816814301308831812906398054285035177752584,1774393238,2026-03-24T23:00:38+00:00,0.0005
19730444129256957174015889379846911816814301308831812906398054285035177752584,1774396849,2026-03-25T00:00:49+00:00,0.0005
19730444129256957174015889379846911816814301308831812906398054285035177752584,1774400437,2026-03-25T01:00:37+00:00,0.0005
19730444129256957174015889379846911816814301308831812906398054285035177752584,1774404038,2026-03-25T02:00:38+00:00,0.0005
19730444129256957174015889379846911816814301308831812906398054285035177752584,1774407642,2026-03-25T03:00:42+00:00,0.0005
19730444129256957174015889379846911816814301308831812906398054285035177752584,1774411240,2026-03-25T04:00:40+00:00,0.0005
19730444129256957174015889379846911816814301308831812906398054285035177752584,1774414839,2026-03-25T05:00:39+00:00,0.0005
19730444129256957174015889379846911816814301308831812906398054285035177752584,1774418447,2026-03-25T06:00:47+00:00,0.0005
19730444129256957174015889379846911816814301308831812906398054285035177752584,1774422037,2026-03-25T07:00:37+00:00,0.0005
19730444129256957174015889379846911816814301308831812906398054285035177752584,1774425636,2026-03-25T08:00:36+00:00,0.0005
19730444129256957174015889379846911816814301308831812906398054285035177752584,1774429246,2026-03-25T09:00:46+00:00,0.0005
19730444129256957174015889379846911816814301308831812906398054285035177752584,1774432841,2026-03-25T10:00:41+00:00,0.0005
19730444129256957174015889379846911816814301308831812906398054285035177752584,1774436444,2026-03-25T11:00:44+00:00,0.0005
19730444129256957174015889379846911816814301308831812906398054285035177752584,1774440052,2026-03-25T12:00:52+00:00,0.0005
19730444129256957174015889379846911816814301308831812906398054285035177752584,1774443642,2026-03-25T13:00:42+00:00,0.0005
19730444129256957174015889379846911816814301308831812906398054285035177752584,1774447251,2026-03-25T14:00:51+00:00,0.0005
19730444129256957174015889379846911816814301308831812906398054285035177752584,1774450849,2026-03-25T15:00:49+00:00,0.0005
19730444129256957174015889379846911816814301308831812906398054285035177752584,1774454441,2026-03-25T16:00:41+00:00,0.0005
19730444129256957174015889379846911816814301308831812906398054285035177752584,1774458039,2026-03-25T17:00:39+00:00,0.0005
19730444129256957174015889379846911816814301308831812906398054285035177752584,1774461650,2026-03-25T18:00:50+00:00,0.0005
19730444129256957174015889379846911816814301308831812906398054285035177752584,1774465241,2026-03-25T19:00:41+00:00,0.0015
19730444129256957174015889379846911816814301308831812906398054285035177752584,1774468841,2026-03-25T20:00:41+00:00,0.0005
19730444129256957174015889379846911816814301308831812906398054285035177752584,1774472444,2026-03-25T21:00:44+00:00,0.001
19730444129256957174015889379846911816814301308831812906398054285035177752584,1774476038,2026-03-25T22:00:38+00:00,0.0005
19730444129256957174015889379846911816814301308831812906398054285035177752584,1774479640,2026-03-25T23:00:40+00:00,0.0005
19730444129256957174015889379846911816814301308831812906398054285035177752584,1774483253,2026-03-26T00:00:53+00:00,0.0005
19730444129256957174015889379846911816814301308831812906398054285035177752584,1774486842,2026-03-26T01:00:42+00:00,0.0005
19730444129256957174015889379846911816814301308831812906398054285035177752584,1774490440,2026-03-26T02:00:40+00:00,0.0005
19730444129256957174015889379846911816814301308831812906398054285035177752584,1774494049,2026-03-26T03:00:49+00:00,0.0005
19730444129256957174015889379846911816814301308831812906398054285035177752584,1774497643,2026-03-26T04:00:43+00:00,0.0005
19730444129256957174015889379846911816814301308831812906398054285035177752584,1774501239,2026-03-26T05:00:39+00:00,0.0005
19730444129256957174015889379846911816814301308831812906398054285035177752584,1774504852,2026-03-26T06:00:52+00:00,0.0005
19730444129256957174015889379846911816814301308831812906398054285035177752584,1774508452,2026-03-26T07:00:52+00:00,0.0005
19730444129256957174015889379846911816814301308831812906398054285035177752584,1774512047,2026-03-26T08:00:47+00:00,0.0005
19730444129256957174015889379846911816814301308831812906398054285035177752584,1774515644,2026-03-26T09:00:44+00:00,0.0005
19730444129256957174015889379846911816814301308831812906398054285035177752584,1774519246,2026-03-26T10:00:46+00:00,0.0005
19730444129256957174015889379846911816814301308831812906398054285035177752584,1774522836,2026-03-26T11:00:36+00:00,0.0005
19730444129256957174015889379846911816814301308831812906398054285035177752584,1774530055,2026-03-26T13:00:55+00:00,0.0005
19730444129256957174015889379846911816814301308831812906398054285035177752584,1774533642,2026-03-26T14:00:42+00:00,0.0005
19730444129256957174015889379846911816814301308831812906398054285035177752584,1774537249,2026-03-26T15:00:49+00:00,0.0005
19730444129256957174015889379846911816814301308831812906398054285035177752584,1774540848,2026-03-26T16:00:48+00:00,0.0005
19730444129256957174015889379846911816814301308831812906398054285035177752584,1774548050,2026-03-26T18:00:50+00:00,0.0005
19730444129256957174015889379846911816814301308831812906398054285035177752584,1774551635,2026-03-26T19:00:35+00:00,0.001
19730444129256957174015889379846911816814301308831812906398054285035177752584,1774555234,2026-03-26T20:00:34+00:00,0.001
19730444129256957174015889379846911816814301308831812906398054285035177752584,1774558837,2026-03-26T21:00:37+00:00,0.0005
19730444129256957174015889379846911816814301308831812906398054285035177752584,1774562434,2026-03-26T22:00:34+00:00,0.0005
19730444129256957174015889379846911816814301308831812906398054285035177752584,1774566031,2026-03-26T23:00:31+00:00,0.0005
19730444129256957174015889379846911816814301308831812906398054285035177752584,1774569644,2026-03-27T00:00:44+00:00,0.0005
19730444129256957174015889379846911816814301308831812906398054285035177752584,1774573236,2026-03-27T01:00:36+00:00,0.0005
19730444129256957174015889379846911816814301308831812906398054285035177752584,1774576838,2026-03-27T02:00:38+00:00,0.0005
19730444129256957174015889379846911816814301308831812906398054285035177752584,1774580442,2026-03-27T03:00:42+00:00,0.0005
19730444129256957174015889379846911816814301308831812906398054285035177752584,1774584034,2026-03-27T04:00:34+00:00,0.0005
19730444129256957174015889379846911816814301308831812906398054285035177752584,1774587636,2026-03-27T05:00:36+00:00,0.0005
19730444129256957174015889379846911816814301308831812906398054285035177752584,1774591240,2026-03-27T06:00:40+00:00,0.0005
19730444129256957174015889379846911816814301308831812906398054285035177752584,1774594834,2026-03-27T07:00:34+00:00,0.0005
19730444129256957174015889379846911816814301308831812906398054285035177752584,1774598431,2026-03-27T08:00:31+00:00,0.0005
19730444129256957174015889379846911816814301308831812906398054285035177752584,1774602037,2026-03-27T09:00:37+00:00,0.0005
19730444129256957174015889379846911816814301308831812906398054285035177752584,1774605631,2026-03-27T10:00:31+00:00,0.0005
19730444129256957174015889379846911816814301308831812906398054285035177752584,1774609235,2026-03-27T11:00:35+00:00,0.0005
19730444129256957174015889379846911816814301308831812906398054285035177752584,1774612842,2026-03-27T12:00:42+00:00,0.0005
19730444129256957174015889379846911816814301308831812906398054285035177752584,1774616440,2026-03-27T13:00:40+00:00,0.0005
19730444129256957174015889379846911816814301308831812906398054285035177752584,1774620036,2026-03-27T14:00:36+00:00,0.0005
19730444129256957174015889379846911816814301308831812906398054285035177752584,1774623638,2026-03-27T15:00:38+00:00,0.0005
19730444129256957174015889379846911816814301308831812906398054285035177752584,1774627236,2026-03-27T16:00:36+00:00,0.0005
19730444129256957174015889379846911816814301308831812906398054285035177752584,1774630847,2026-03-27T17:00:47+00:00,0.0005
19730444129256957174015889379846911816814301308831812906398054285035177752584,1774634445,2026-03-27T18:00:45+00:00,0.0005
19730444129256957174015889379846911816814301308831812906398054285035177752584,1774638037,2026-03-27T19:00:37+00:00,0.001
19730444129256957174015889379846911816814301308831812906398054285035177752584,1774641645,2026-03-27T20:00:45+00:00,0.001
19730444129256957174015889379846911816814301308831812906398054285035177752584,1774645244,2026-03-27T21:00:44+00:00,0.0005
19730444129256957174015889379846911816814301308831812906398054285035177752584,1774648836,2026-03-27T22:00:36+00:00,0.0005
19730444129256957174015889379846911816814301308831812906398054285035177752584,1774652450,2026-03-27T23:00:50+00:00,0.0005
19730444129256957174015889379846911816814301308831812906398054285035177752584,1774656047,2026-03-28T00:00:47+00:00,0.0005
19730444129256957174015889379846911816814301308831812906398054285035177752584,1774659638,2026-03-28T01:00:38+00:00,0.0005
19730444129256957174015889379846911816814301308831812906398054285035177752584,1774663237,2026-03-28T02:00:37+00:00,0.0005
19730444129256957174015889379846911816814301308831812906398054285035177752584,1774666841,2026-03-28T03:00:41+00:00,0.0005
19730444129256957174015889379846911816814301308831812906398054285035177752584,1774670437,2026-03-28T04:00:37+00:00,0.0005
19730444129256957174015889379846911816814301308831812906398054285035177752584,1774674034,2026-03-28T05:00:34+00:00,0.0005
19730444129256957174015889379846911816814301308831812906398054285035177752584,1774677645,2026-03-28T06:00:45+00:00,0.0005
19730444129256957174015889379846911816814301308831812906398054285035177752584,1774681236,2026-03-28T07:00:36+00:00,0.0005
19730444129256957174015889379846911816814301308831812906398054285035177752584,1774684839,2026-03-28T08:00:39+00:00,0.0005
19730444129256957174015889379846911816814301308831812906398054285035177752584,1774688445,2026-03-28T09:00:45+00:00,0.0005
19730444129256957174015889379846911816814301308831812906398054285035177752584,1774692043,2026-03-28T10:00:43+00:00,0.0005
19730444129256957174015889379846911816814301308831812906398054285035177752584,1774695648,2026-03-28T11:00:48+00:00,0.0005
19730444129256957174015889379846911816814301308831812906398054285035177752584,1774699246,2026-03-28T12:00:46+00:00,0.0005
19730444129256957174015889379846911816814301308831812906398054285035177752584,1774702848,2026-03-28T13:00:48+00:00,0.001
19730444129256957174015889379846911816814301308831812906398054285035177752584,1774706448,2026-03-28T14:00:48+00:00,0.001
19730444129256957174015889379846911816814301308831812906398054285035177752584,1774710051,2026-03-28T15:00:51+00:00,0.001
19730444129256957174015889379846911816814301308831812906398054285035177752584,1774713640,2026-03-28T16:00:40+00:00,0.001
19730444129256957174015889379846911816814301308831812906398054285035177752584,1774717254,2026-03-28T17:00:54+00:00,0.001
19730444129256957174015889379846911816814301308831812906398054285035177752584,1774720854,2026-03-28T18:00:54+00:00,0.001
19730444129256957174015889379846911816814301308831812906398054285035177752584,1774724441,2026-03-28T19:00:41+00:00,0.001
19730444129256957174015889379846911816814301308831812906398054285035177752584,1774728039,2026-03-28T20:00:39+00:00,0.0015
19730444129256957174015889379846911816814301308831812906398054285035177752584,1774731646,2026-03-28T21:00:46+00:00,0.0005
19730444129256957174015889379846911816814301308831812906398054285035177752584,1774735242,2026-03-28T22:00:42+00:00,0.0005
19730444129256957174015889379846911816814301308831812906398054285035177752584,1774738842,2026-03-28T23:00:42+00:00,0.0005
19730444129256957174015889379846911816814301308831812906398054285035177752584,1774742451,2026-03-29T00:00:51+00:00,0.0005
19730444129256957174015889379846911816814301308831812906398054285035177752584,1774746049,2026-03-29T01:00:49+00:00,0.0005
19730444129256957174015889379846911816814301308831812906398054285035177752584,1774749647,2026-03-29T02:00:47+00:00,0.0005
19730444129256957174015889379846911816814301308831812906398054285035177752584,1774753245,2026-03-29T03:00:45+00:00,0.0005
19730444129256957174015889379846911816814301308831812906398054285035177752584,1774756841,2026-03-29T04:00:41+00:00,0.0005
19730444129256957174015889379846911816814301308831812906398054285035177752584,1774760447,2026-03-29T05:00:47+00:00,0.0005
19730444129256957174015889379846911816814301308831812906398054285035177752584,1774764056,2026-03-29T06:00:56+00:00,0.0005
19730444129256957174015889379846911816814301308831812906398054285035177752584,1774767644,2026-03-29T07:00:44+00:00,0.0005
19730444129256957174015889379846911816814301308831812906398054285035177752584,1774771246,2026-03-29T08:00:46+00:00,0.0005
19730444129256957174015889379846911816814301308831812906398054285035177752584,1774774853,2026-03-29T09:00:53+00:00,0.0005
19730444129256957174015889379846911816814301308831812906398054285035177752584,1774778447,2026-03-29T10:00:47+00:00,0.0005
19730444129256957174015889379846911816814301308831812906398054285035177752584,1774782046,2026-03-29T11:00:46+00:00,0.0005
19730444129256957174015889379846911816814301308831812906398054285035177752584,1774789248,2026-03-29T13:00:48+00:00,0.0005
19730444129256957174015889379846911816814301308831812906398054285035177752584,1774792847,2026-03-29T14:00:47+00:00,0.0005
19730444129256957174015889379846911816814301308831812906398054285035177752584,1774796452,2026-03-29T15:00:52+00:00,0.0005
19730444129256957174015889379846911816814301308831812906398054285035177752584,1774800045,2026-03-29T16:00:45+00:00,0.0005
19730444129256957174015889379846911816814301308831812906398054285035177752584,1774803652,2026-03-29T17:00:52+00:00,0.0005
19730444129256957174015889379846911816814301308831812906398054285035177752584,1774807257,2026-03-29T18:00:57+00:00,0.0005
19730444129256957174015889379846911816814301308831812906398054285035177752584,1774810844,2026-03-29T19:00:44+00:00,0.0005
19730444129256957174015889379846911816814301308831812906398054285035177752584,1774814444,2026-03-29T20:00:44+00:00,0.0005
19730444129256957174015889379846911816814301308831812906398054285035177752584,1774818054,2026-03-29T21:00:54+00:00,0.0005
19730444129256957174015889379846911816814301308831812906398054285035177752584,1774832446,2026-03-30T01:00:46+00:00,0.0005
19730444129256957174015889379846911816814301308831812906398054285035177752584,1774836048,2026-03-30T02:00:48+00:00,0.0005
19730444129256957174015889379846911816814301308831812906398054285035177752584,1774839657,2026-03-30T03:00:57+00:00,0.0005
19730444129256957174015889379846911816814301308831812906398054285035177752584,1774843258,2026-03-30T04:00:58+00:00,0.0005
19730444129256957174015889379846911816814301308831812906398054285035177752584,1774850452,2026-03-30T06:00:52+00:00,0.0005
19730444129256957174015889379846911816814301308831812906398054285035177752584,1774857647,2026-03-30T08:00:47+00:00,0.0005
19730444129256957174015889379846911816814301308831812906398054285035177752584,1774861255,2026-03-30T09:00:55+00:00,0.0005
19730444129256957174015889379846911816814301308831812906398054285035177752584,1774864845,2026-03-30T10:00:45+00:00,0.0005
19730444129256957174015889379846911816814301308831812906398054285035177752584,1774868447,2026-03-30T11:00:47+00:00,0.0005
19730444129256957174015889379846911816814301308831812906398054285035177752584,1774872059,2026-03-30T12:00:59+00:00,0.0005
19730444129256957174015889379846911816814301308831812906398054285035177752584,1774882858,2026-03-30T15:00:58+00:00,0.0005
19730444129256957174015889379846911816814301308831812906398054285035177752584,1774886450,2026-03-30T16:00:50+00:00,0.0005
19730444129256957174015889379846911816814301308831812906398054285035177752584,1774897259,2026-03-30T19:00:59+00:00,0.0005
19730444129256957174015889379846911816814301308831812906398054285035177752584,1774904454,2026-03-30T21:00:54+00:00,0.0005
19730444129256957174015889379846911816814301308831812906398054285035177752584,1774908047,2026-03-30T22:00:47+00:00,0.0005
19730444129256957174015889379846911816814301308831812906398054285035177752584,1774911648,2026-03-30T23:00:48+00:00,0.0005
19730444129256957174015889379846911816814301308831812906398054285035177752584,1774918851,2026-03-31T01:00:51+00:00,0.0005
19730444129256957174015889379846911816814301308831812906398054285035177752584,1774929646,2026-03-31T04:00:46+00:00,0.0005
19730444129256957174015889379846911816814301308831812906398054285035177752584,1774933248,2026-03-31T05:00:48+00:00,0.0005
19730444129256957174015889379846911816814301308831812906398054285035177752584,1774936858,2026-03-31T06:00:58+00:00,0.0005
19730444129256957174015889379846911816814301308831812906398054285035177752584,1774940457,2026-03-31T07:00:57+00:00,0.0005
19730444129256957174015889379846911816814301308831812906398054285035177752584,1774944047,2026-03-31T08:00:47+00:00,0.0005
19730444129256957174015889379846911816814301308831812906398054285035177752584,1774951251,2026-03-31T10:00:51+00:00,0.0005
19730444129256957174015889379846911816814301308831812906398054285035177752584,1774954856,2026-03-31T11:00:56+00:00,0.0005
19730444129256957174015889379846911816814301308831812906398054285035177752584,1774962053,2026-03-31T13:00:53+00:00,0.0005
19730444129256957174015889379846911816814301308831812906398054285035177752584,1774965658,2026-03-31T14:00:58+00:00,0.0005
19730444129256957174015889379846911816814301308831812906398054285035177752584,1774969236,2026-03-31T15:00:36+00:00,0.0005
19730444129256957174015889379846911816814301308831812906398054285035177752584,1774972859,2026-03-31T16:00:59+00:00,0.0005
19730444129256957174015889379846911816814301308831812906398054285035177752584,1774976419,2026-03-31T17:00:19+00:00,0.0005
19730444129256957174015889379846911816814301308831812906398054285035177752584,1774980051,2026-03-31T18:00:51+00:00,0.0005
19730444129256957174015889379846911816814301308831812906398054285035177752584,1774990859,2026-03-31T21:00:59+00:00,0.0005
19730444129256957174015889379846911816814301308831812906398054285035177752584,1774994458,2026-03-31T22:00:58+00:00,0.0005
19730444129256957174015889379846911816814301308831812906398054285035177752584,1774998053,2026-03-31T23:00:53+00:00,0.0005
19730444129256957174015889379846911816814301308831812906398054285035177752584,1775005244,2026-04-01T01:00:44+00:00,0.0005
19730444129256957174015889379846911816814301308831812906398054285035177752584,1775008847,2026-04-01T02:00:47+00:00,0.0005
19730444129256957174015889379846911816814301308831812906398054285035177752584,1775012452,2026-04-01T03:00:52+00:00,0.0005
19730444129256957174015889379846911816814301308831812906398054285035177752584,1775019643,2026-04-01T05:00:43+00:00,0.0005
19730444129256957174015889379846911816814301308831812906398054285035177752584,1775023247,2026-04-01T06:00:47+00:00,0.0005
19730444129256957174015889379846911816814301308831812906398054285035177752584,1775026847,2026-04-01T07:00:47+00:00,0.0005
19730444129256957174015889379846911816814301308831812906398054285035177752584,1775030451,2026-04-01T08:00:51+00:00,0.0005
19730444129256957174015889379846911816814301308831812906398054285035177752584,1775034051,2026-04-01T09:00:51+00:00,0.0005
19730444129256957174015889379846911816814301308831812906398054285035177752584,1775037643,2026-04-01T10:00:43+00:00,0.0005
19730444129256957174015889379846911816814301308831812906398054285035177752584,1775041243,2026-04-01T11:00:43+00:00,0.0005
19730444129256957174015889379846911816814301308831812906398054285035177752584,1775048443,2026-04-01T13:00:43+00:00,0.0005
19730444129256957174015889379846911816814301308831812906398054285035177752584,1775052049,2026-04-01T14:00:49+00:00,0.0005
19730444129256957174015889379846911816814301308831812906398054285035177752584,1775055652,2026-04-01T15:00:52+00:00,0.0005
19730444129256957174015889379846911816814301308831812906398054285035177752584,1775059253,2026-04-01T16:00:53+00:00,0.0005
19730444129256957174015889379846911816814301308831812906398054285035177752584,1775066451,2026-04-01T18:00:51+00:00,0.0005
19730444129256957174015889379846911816814301308831812906398054285035177752584,1775070058,2026-04-01T19:00:58+00:00,0.0005
19730444129256957174015889379846911816814301308831812906398054285035177752584,1775073657,2026-04-01T20:00:57+00:00,0.0005
19730444129256957174015889379846911816814301308831812906398054285035177752584,1775077208,2026-04-01T21:00:08+00:00,0.0005
19730444129256957174015889379846911816814301308831812906398054285035177752584,1775080847,2026-04-01T22:00:47+00:00,0.0005
19730444129256957174015889379846911816814301308831812906398054285035177752584,1775084458,2026-04-01T23:00:58+00:00,0.0005
19730444129256957174015889379846911816814301308831812906398054285035177752584,1775091657,2026-04-02T01:00:57+00:00,0.0005
19730444129256957174015889379846911816814301308831812906398054285035177752584,1775095247,2026-04-02T02:00:47+00:00,0.0005
19730444129256957174015889379846911816814301308831812906398054285035177752584,1775102449,2026-04-02T04:00:49+00:00,0.0005
19730444129256957174015889379846911816814301308831812906398054285035177752584,1775106048,2026-04-02T05:00:48+00:00,0.0005
19730444129256957174015889379846911816814301308831812906398054285035177752584,1775113244,2026-04-02T07:00:44+00:00,0.0005
19730444129256957174015889379846911816814301308831812906398054285035177752584,1775116845,2026-04-02T08:00:45+00:00,0.0005
19730444129256957174015889379846911816814301308831812906398054285035177752584,1775120447,2026-04-02T09:00:47+00:00,0.0005
19730444129256957174015889379846911816814301308831812906398054285035177752584,1775124044,2026-04-02T10:00:44+00:00,0.0005
19730444129256957174015889379846911816814301308831812906398054285035177752584,1775127648,2026-04-02T11:00:48+00:00,0.0005
19730444129256957174015889379846911816814301308831812906398054285035177752584,1775131256,2026-04-02T12:00:56+00:00,0.0005
19730444129256957174015889379846911816814301308831812906398054285035177752584,1775149216,2026-04-02T17:00:16+00:00,0.0005
19730444129256957174015889379846911816814301308831812906398054285035177752584,1775152849,2026-04-02T18:00:49+00:00,0.0005
19730444129256957174015889379846911816814301308831812906398054285035177752584,1775156445,2026-04-02T19:00:45+00:00,0.0005
19730444129256957174015889379846911816814301308831812906398054285035177752584,1775160048,2026-04-02T20:00:48+00:00,0.0005
19730444129256957174015889379846911816814301308831812906398054285035177752584,1775167250,2026-04-02T22:00:50+00:00,0.0005
19730444129256957174015889379846911816814301308831812906398054285035177752584,1775170846,2026-04-02T23:00:46+00:00,0.0005
19730444129256957174015889379846911816814301308831812906398054285035177752584,1775178046,2026-04-03T01:00:46+00:00,0.0005
19730444129256957174015889379846911816814301308831812906398054285035177752584,1775181650,2026-04-03T02:00:50+00:00,0.0005
19730444129256957174015889379846911816814301308831812906398054285035177752584,1775188846,2026-04-03T04:00:46+00:00,0.0005
19730444129256957174015889379846911816814301308831812906398054285035177752584,1775192458,2026-04-03T05:00:58+00:00,0.0005
19730444129256957174015889379846911816814301308831812906398054285035177752584,1775199647,2026-04-03T07:00:47+00:00,0.0005
19730444129256957174015889379846911816814301308831812906398054285035177752584,1775203247,2026-04-03T08:00:47+00:00,0.0005
19730444129256957174015889379846911816814301308831812906398054285035177752584,1775206853,2026-04-03T09:00:53+00:00,0.0005
19730444129256957174015889379846911816814301308831812906398054285035177752584,1775210448,2026-04-03T10:00:48+00:00,0.0005
19730444129256957174015889379846911816814301308831812906398054285035177752584,1775214047,2026-04-03T11:00:47+00:00,0.0005
19730444129256957174015889379846911816814301308831812906398054285035177752584,1775221258,2026-04-03T13:00:58+00:00,0.0005
19730444129256957174015889379846911816814301308831812906398054285035177752584,1775224853,2026-04-03T14:00:53+00:00,0.0005
19730444129256957174015889379846911816814301308831812906398054285035177752584,1775232048,2026-04-03T16:00:48+00:00,0.0005
19730444129256957174015889379846911816814301308831812906398054285035177752584,1775239207,2026-04-03T18:00:07+00:00,0.0005
19730444129256957174015889379846911816814301308831812906398054285035177752584,1775242807,2026-04-03T19:00:07+00:00,0.0005
19730444129256957174015889379846911816814301308831812906398054285035177752584,1775246458,2026-04-03T20:00:58+00:00,0.0005
19730444129256957174015889379846911816814301308831812906398054285035177752584,1775253654,2026-04-03T22:00:54+00:00,0.0005
19730444129256957174015889379846911816814301308831812906398054285035177752584,1775268051,2026-04-04T02:00:51+00:00,0.0005
19730444129256957174015889379846911816814301308831812906398054285035177752584,1775271655,2026-04-04T03:00:55+00:00,0.0005
19730444129256957174015889379846911816814301308831812906398054285035177752584,1775278859,2026-04-04T05:00:59+00:00,0.0005
19730444129256957174015889379846911816814301308831812906398054285035177752584,1775286049,2026-04-04T07:00:49+00:00,0.0005
19730444129256957174015889379846911816814301308831812906398054285035177752584,1775289652,2026-04-04T08:00:52+00:00,0.0005
19730444129256957174015889379846911816814301308831812906398054285035177752584,1775350857,2026-04-05T01:00:57+00:00,0.0005
19730444129256957174015889379846911816814301308831812906398054285035177752584,1775361651,2026-04-05T04:00:51+00:00,0.0005
19730444129256957174015889379846911816814301308831812906398054285035177752584,1775365256,2026-04-05T05:00:56+00:00,0.0005
19730444129256957174015889379846911816814301308831812906398054285035177752584,1775383250,2026-04-05T10:00:50+00:00,0.0005
19730444129256957174015889379846911816814301308831812906398054285035177752584,1775386855,2026-04-05T11:00:55+00:00,0.0005
19730444129256957174015889379846911816814301308831812906398054285035177752584,1775394059,2026-04-05T13:00:59+00:00,0.0005
19730444129256957174015889379846911816814301308831812906398054285035177752584,1775415657,2026-04-05T19:00:57+00:00,0.0005
19730444129256957174015889379846911816814301308831812906398054285035177752584,1775430057,2026-04-05T23:00:57+00:00,0.0005
19730444129256957174015889379846911816814301308831812906398054285035177752584,1775437255,2026-04-06T01:00:55+00:00,0.0005
19730444129256957174015889379846911816814301308831812906398054285035177752584,1775440858,2026-04-06T02:00:58+00:00,0.0005
19730444129256957174015889379846911816814301308831812906398054285035177752584,1775448051,2026-04-06T04:00:51+00:00,0.0005
19730444129256957174015889379846911816814301308831812906398054285035177752584,1775451654,2026-04-06T05:00:54+00:00,0.0005
19730444129256957174015889379846911816814301308831812906398054285035177752584,1775458852,2026-04-06T07:00:52+00:00,0.0005
19730444129256957174015889379846911816814301308831812906398054285035177752584,1775462450,2026-04-06T08:00:50+00:00,0.0005
19730444129256957174015889379846911816814301308831812906398054285035177752584,1775469648,2026-04-06T10:00:48+00:00,0.0005
19730444129256957174015889379846911816814301308831812906398054285035177752584,1775473251,2026-04-06T11:00:51+00:00,0.0005
19730444129256957174015889379846911816814301308831812906398054285035177752584,1775480451,2026-04-06T13:00:51+00:00,0.0005
19730444129256957174015889379846911816814301308831812906398054285035177752584,1775484052,2026-04-06T14:00:52+00:00,0.0005
19730444129256957174015889379846911816814301308831812906398054285035177752584,1775487659,2026-04-06T15:00:59+00:00,0.0005
19730444129256957174015889379846911816814301308831812906398054285035177752584,1775498427,2026-04-06T18:00:27+00:00,0.0005
19730444129256957174015889379846911816814301308831812906398054285035177752584,1775505653,2026-04-06T20:00:53+00:00,0.0005
19730444129256957174015889379846911816814301308831812906398054285035177752584,1775509259,2026-04-06T21:00:59+00:00,0.0005
19730444129256957174015889379846911816814301308831812906398054285035177752584,1775512853,2026-04-06T22:00:53+00:00,0.0005
19730444129256957174015889379846911816814301308831812906398054285035177752584,1775516457,2026-04-06T23:00:57+00:00,0.0005
19730444129256957174015889379846911816814301308831812906398054285035177752584,1775523655,2026-04-07T01:00:55+00:00,0.0005
19730444129256957174015889379846911816814301308831812906398054285035177752584,1775527251,2026-04-07T02:00:51+00:00,0.0005
19730444129256957174015889379846911816814301308831812906398054285035177752584,1775530856,2026-04-07T03:00:56+00:00,0.0005
19730444129256957174015889379846911816814301308831812906398054285035177752584,1775534450,2026-04-07T04:00:50+00:00,0.0005
19730444129256957174015889379846911816814301308831812906398054285035177752584,1775545254,2026-04-07T07:00:54+00:00,0.0005
19730444129256957174015889379846911816814301308831812906398054285035177752584,1775559653,2026-04-07T11:00:53+00:00,0.0005
19730444129256957174015889379846911816814301308831812906398054285035177752584,1775566857,2026-04-07T13:00:57+00:00,0.0005
19730444129256957174015889379846911816814301308831812906398054285035177752584,1775570433,2026-04-07T14:00:33+00:00,0.0005
19730444129256957174015889379846911816814301308831812906398054285035177752584,1775581221,2026-04-07T17:00:21+00:00,0.0005
19730444129256957174015889379846911816814301308831812906398054285035177752584,1775584836,2026-04-07T18:00:36+00:00,0.0005
19730444129256957174015889379846911816814301308831812906398054285035177752584,1775588446,2026-04-07T19:00:46+00:00,0.0005
19730444129256957174015889379846911816814301308831812906398054285035177752584,1775613627,2026-04-08T02:00:27+00:00,0.0005
19730444129256957174015889379846911816814301308831812906398054285035177752584,1775635249,2026-04-08T08:00:49+00:00,0.0005
19730444129256957174015889379846911816814301308831812906398054285035177752584,1775646057,2026-04-08T11:00:57+00:00,0.0005
19730444129256957174015889379846911816814301308831812906398054285035177752584,1775649629,2026-04-08T12:00:29+00:00,0.0005
19730444129256957174015889379846911816814301308831812906398054285035177752584,1775653235,2026-04-08T13:00:35+00:00,0.0005
19730444129256957174015889379846911816814301308831812906398054285035177752584,1775660415,2026-04-08T15:00:15+00:00,0.0005
19730444129256957174015889379846911816814301308831812906398054285035177752584,1775674859,2026-04-08T19:00:59+00:00,0.0005
19730444129256957174015889379846911816814301308831812906398054285035177752584,1775678456,2026-04-08T20:00:56+00:00,0.0005
19730444129256957174015889379846911816814301308831812906398054285035177752584,1775689230,2026-04-08T23:00:30+00:00,0.0005
19730444129256957174015889379846911816814301308831812906398054285035177752584,1775692827,2026-04-09T00:00:27+00:00,0.0005
19730444129256957174015889379846911816814301308831812906398054285035177752584,1775696448,2026-04-09T01:00:48+00:00,0.0005
19730444129256957174015889379846911816814301308831812906398054285035177752584,1775700049,2026-04-09T02:00:49+00:00,0.0005
19730444129256957174015889379846911816814301308831812906398054285035177752584,1775703656,2026-04-09T03:00:56+00:00,0.0005
19730444129256957174015889379846911816814301308831812906398054285035177752584,1775707247,2026-04-09T04:00:47+00:00,0.0005
19730444129256957174015889379846911816814301308831812906398054285035177752584,1775710847,2026-04-09T05:00:47+00:00,0.0005
19730444129256957174015889379846911816814301308831812906398054285035177752584,1775714457,2026-04-09T06:00:57+00:00,0.0005
19730444129256957174015889379846911816814301308831812906398054285035177752584,1775718046,2026-04-09T07:00:46+00:00,0.0005
19730444129256957174015889379846911816814301308831812906398054285035177752584,1775721646,2026-04-09T08:00:46+00:00,0.0005
19730444129256957174015889379846911816814301308831812906398054285035177752584,1775725257,2026-04-09T09:00:57+00:00,0.0005
19730444129256957174015889379846911816814301308831812906398054285035177752584,1775728847,2026-04-09T10:00:47+00:00,0.0005
19730444129256957174015889379846911816814301308831812906398054285035177752584,1775732448,2026-04-09T11:00:48+00:00,0.0005
19730444129256957174015889379846911816814301308831812906398054285035177752584,1775739652,2026-04-09T13:00:52+00:00,0.0005
19730444129256957174015889379846911816814301308831812906398054285035177752584,1775743257,2026-04-09T14:00:57+00:00,0.0005
19730444129256957174015889379846911816814301308831812906398054285035177752584,1775750454,2026-04-09T16:00:54+00:00,0.0005
19730444129256957174015889379846911816814301308831812906398054285035177752584,1775764857,2026-04-09T20:00:57+00:00,0.0005
19730444129256957174015889379846911816814301308831812906398054285035177752584,1775772058,2026-04-09T22:00:58+00:00,0.0005
19730444129256957174015889379846911816814301308831812906398054285035177752584,1775775658,2026-04-09T23:00:58+00:00,0.0005
19730444129256957174015889379846911816814301308831812906398054285035177752584,1775782856,2026-04-10T01:00:56+00:00,0.0005
19730444129256957174015889379846911816814301308831812906398054285035177752584,1775786453,2026-04-10T02:00:53+00:00,0.0005
19730444129256957174015889379846911816814301308831812906398054285035177752584,1775793657,2026-04-10T04:00:57+00:00,0.0005
19730444129256957174015889379846911816814301308831812906398054285035177752584,1775797257,2026-04-10T05:00:57+00:00,0.0005
19730444129256957174015889379846911816814301308831812906398054285035177752584,1775800818,2026-04-10T06:00:18+00:00,0.0005
19730444129256957174015889379846911816814301308831812906398054285035177752584,1775804452,2026-04-10T07:00:52+00:00,0.0005
19730444129256957174015889379846911816814301308831812906398054285035177752584,1775818851,2026-04-10T11:00:51+00:00,0.0005
19730444129256957174015889379846911816814301308831812906398054285035177752584,1775840415,2026-04-10T17:00:15+00:00,0.0005
19730444129256957174015889379846911816814301308831812906398054285035177752584,1775869254,2026-04-11T01:00:54+00:00,0.0005
19730444129256957174015889379846911816814301308831812906398054285035177752584,1775890852,2026-04-11T07:00:52+00:00,0.0005
19730444129256957174015889379846911816814301308831812906398054285035177752584,1775894450,2026-04-11T08:00:50+00:00,0.0005
19730444129256957174015889379846911816814301308831812906398054285035177752584,1775901618,2026-04-11T10:00:18+00:00,0.0005
19730444129256957174015889379846911816814301308831812906398054285035177752584,1775905252,2026-04-11T11:00:52+00:00,0.0005
19730444129256957174015889379846911816814301308831812906398054285035177752584,1775912458,2026-04-11T13:00:58+00:00,0.0005
19730444129256957174015889379846911816814301308831812906398054285035177752584,1775916059,2026-04-11T14:00:59+00:00,0.0005
19730444129256957174015889379846911816814301308831812906398054285035177752584,1775923257,2026-04-11T16:00:57+00:00,0.0005
19730444129256957174015889379846911816814301308831812906398054285035177752584,1775934059,2026-04-11T19:00:59+00:00,0.0005
19730444129256957174015889379846911816814301308831812906398054285035177752584,1775955652,2026-04-12T01:00:52+00:00,0.0005
19730444129256957174015889379846911816814301308831812906398054285035177752584,1775959256,2026-04-12T02:00:56+00:00,0.0005
19730444129256957174015889379846911816814301308831812906398054285035177752584,1775962858,2026-04-12T03:00:58+00:00,0.0005
19730444129256957174015889379846911816814301308831812906398054285035177752584,1775966455,2026-04-12T04:00:55+00:00,0.0005
19730444129256957174015889379846911816814301308831812906398054285035177752584,1775970057,2026-04-12T05:00:57+00:00,0.0005
19730444129256957174015889379846911816814301308831812906398054285035177752584,1775977252,2026-04-12T07:00:52+00:00,0.0005
19730444129256957174015889379846911816814301308831812906398054285035177752584,1775980857,2026-04-12T08:00:57+00:00,0.0005
19730444129256957174015889379846911816814301308831812906398054285035177752584,1775988058,2026-04-12T10:00:58+00:00,0.0005
19730444129256957174015889379846911816814301308831812906398054285035177752584,1775991651,2026-04-12T11:00:51+00:00,0.0005
19730444129256957174015889379846911816814301308831812906398054285035177752584,1776042051,2026-04-13T01:00:51+00:00,0.0005
19730444129256957174015889379846911816814301308831812906398054285035177752584,1776049255,2026-04-13T03:00:55+00:00,0.0005
19730444129256957174015889379846911816814301308831812906398054285035177752584,1776052845,2026-04-13T04:00:45+00:00,0.0005
19730444129256957174015889379846911816814301308831812906398054285035177752584,1776056459,2026-04-13T05:00:59+00:00,0.0005
19730444129256957174015889379846911816814301308831812906398054285035177752584,1776063654,2026-04-13T07:00:54+00:00,0.0005
19730444129256957174015889379846911816814301308831812906398054285035177752584,1776067253,2026-04-13T08:00:53+00:00,0.0005
19730444129256957174015889379846911816814301308831812906398054285035177752584,1776074458,2026-04-13T10:00:58+00:00,0.0005
19730444129256957174015889379846911816814301308831812906398054285035177752584,1776078058,2026-04-13T11:00:58+00:00,0.0005
19730444129256957174015889379846911816814301308831812906398054285035177752584,1776085258,2026-04-13T13:00:58+00:00,0.0005
19730444129256957174015889379846911816814301308831812906398054285035177752584,1776128450,2026-04-14T01:00:50+00:00,0.0005
19730444129256957174015889379846911816814301308831812906398054285035177752584,1776153651,2026-04-14T08:00:51+00:00,0.0005
19730444129256957174015889379846911816814301308831812906398054285035177752584,1776160849,2026-04-14T10:00:49+00:00,0.0005
19730444129256957174015889379846911816814301308831812906398054285035177752584,1776214849,2026-04-15T01:00:49+00:00,0.0005
19730444129256957174015889379846911816814301308831812906398054285035177752584,1776225654,2026-04-15T04:00:54+00:00,0.0005
19730444129256957174015889379846911816814301308831812906398054285035177752584,1776250855,2026-04-15T11:00:55+00:00,0.0005
19730444129256957174015889379846911816814301308831812906398054285035177752584,1776261655,2026-04-15T14:00:55+00:00,0.0005
19730444129256957174015889379846911816814301308831812906398054285035177752584,1776286826,2026-04-15T21:00:26+00:00,0.0005
19730444129256957174015889379846911816814301308831812906398054285035177752584,1776290455,2026-04-15T22:00:55+00:00,0.0005
19730444129256957174015889379846911816814301308831812906398054285035177752584,1776294056,2026-04-15T23:00:56+00:00,0.0015
19730444129256957174015889379846911816814301308831812906398054285035177752584,1776301250,2026-04-16T01:00:50+00:00,0.0015
19730444129256957174015889379846911816814301308831812906398054285035177752584,1776312057,2026-04-16T04:00:57+00:00,0.0015
19730444129256957174015889379846911816814301308831812906398054285035177752584,1776315657,2026-04-16T05:00:57+00:00,0.0015
19730444129256957174015889379846911816814301308831812906398054285035177752584,1776322856,2026-04-16T07:00:56+00:00,0.0015
19730444129256957174015889379846911816814301308831812906398054285035177752584,1776326459,2026-04-16T08:00:59+00:00,0.0015
19730444129256957174015889379846911816814301308831812906398054285035177752584,1776337250,2026-04-16T11:00:50+00:00,0.0015
19730444129256957174015889379846911816814301308831812906398054285035177752584,1776362457,2026-04-16T18:00:57+00:00,0.0015
19730444129256957174015889379846911816814301308831812906398054285035177752584,1776387655,2026-04-17T01:00:55+00:00,0.0015
19730444129256957174015889379846911816814301308831812906398054285035177752584,1776391259,2026-04-17T02:00:59+00:00,0.0015
19730444129256957174015889379846911816814301308831812906398054285035177752584,1776398451,2026-04-17T04:00:51+00:00,0.0015
19730444129256957174015889379846911816814301308831812906398054285035177752584,1776402053,2026-04-17T05:00:53+00:00,0.0015
19730444129256957174015889379846911816814301308831812906398054285035177752584,1776409255,2026-04-17T07:00:55+00:00,0.0015
19730444129256957174015889379846911816814301308831812906398054285035177752584,1776412801,2026-04-17T08:00:01+00:00,0.0015
19730444129256957174015889379846911816814301308831812906398054285035177752584,1776423654,2026-04-17T11:00:54+00:00,0.0015
19730444129256957174015889379846911816814301308831812906398054285035177752584,1776438033,2026-04-17T15:00:33+00:00,0.0005
19730444129256957174015889379846911816814301308831812906398054285035177752584,1776445217,2026-04-17T17:00:17+00:00,0.0005
19730444129256957174015889379846911816814301308831812906398054285035177752584,1776448838,2026-04-17T18:00:38+00:00,0.0005
19730444129256957174015889379846911816814301308831812906398054285035177752584,1776452407,2026-04-17T19:00:07+00:00,0.0005
19730444129256957174015889379846911816814301308831812906398054285035177752584,1776456014,2026-04-17T20:00:14+00:00,0.0005
19730444129256957174015889379846911816814301308831812906398054285035177752584,1776470421,2026-04-18T00:00:21+00:00,0.0005
19730444129256957174015889379846911816814301308831812906398054285035177752584,1776495655,2026-04-18T07:00:55+00:00,0.0005
19730444129256957174015889379846911816814301308831812906398054285035177752584,1776499258,2026-04-18T08:00:58+00:00,0.0005
19730444129256957174015889379846911816814301308831812906398054285035177752584,1776506459,2026-04-18T10:00:59+00:00,0.0005
19730444129256957174015889379846911816814301308831812906398054285035177752584,1776510014,2026-04-18T11:00:14+00:00,0.0005
19730444129256957174015889379846911816814301308831812906398054285035177752584,1776524435,2026-04-18T15:00:35+00:00,0.0005
19730444129256957174015889379846911816814301308831812906398054285035177752584,1776535211,2026-04-18T18:00:11+00:00,0.0005
19730444129256957174015889379846911816814301308831812906398054285035177752584,1776560458,2026-04-19T01:00:58+00:00,0.0005
19730444129256957174015889379846911816814301308831812906398054285035177752584,1776574855,2026-04-19T05:00:55+00:00,0.0005
19730444129256957174015889379846911816814301308831812906398054285035177752584,1776582050,2026-04-19T07:00:50+00:00,0.0005
19730444129256957174015889379846911816814301308831812906398054285035177752584,1776614422,2026-04-19T16:00:22+00:00,0.0005
19730444129256957174015889379846911816814301308831812906398054285035177752584,1776659862,2026-04-20T04:37:42+00:00,0.0005
92230933527175957699173261837562970961226561473212829507303559647834156802557,1773982848,2026-03-20T05:00:48+00:00,0.392
92230933527175957699173261837562970961226561473212829507303559647834156802557,1773990047,2026-03-20T07:00:47+00:00,0.452
92230933527175957699173261837562970961226561473212829507303559647834156802557,1773993645,2026-03-20T08:00:45+00:00,0.4335
92230933527175957699173261837562970961226561473212829507303559647834156802557,1773997255,2026-03-20T09:00:55+00:00,0.4065
92230933527175957699173261837562970961226561473212829507303559647834156802557,1774004445,2026-03-20T11:00:45+00:00,0.432
92230933527175957699173261837562970961226561473212829507303559647834156802557,1774008052,2026-03-20T12:00:52+00:00,0.4335
92230933527175957699173261837562970961226561473212829507303559647834156802557,1774011655,2026-03-20T13:00:55+00:00,0.4375
92230933527175957699173261837562970961226561473212829507303559647834156802557,1774015249,2026-03-20T14:00:49+00:00,0.4395
92230933527175957699173261837562970961226561473212829507303559647834156802557,1774018854,2026-03-20T15:00:54+00:00,0.4395
92230933527175957699173261837562970961226561473212829507303559647834156802557,1774022442,2026-03-20T16:00:42+00:00,0.46
92230933527175957699173261837562970961226561473212829507303559647834156802557,1774026044,2026-03-20T17:00:44+00:00,0.445
92230933527175957699173261837562970961226561473212829507303559647834156802557,1774029658,2026-03-20T18:00:58+00:00,0.445
92230933527175957699173261837562970961226561473212829507303559647834156802557,1774033244,2026-03-20T19:00:44+00:00,0.45
92230933527175957699173261837562970961226561473212829507303559647834156802557,1774036845,2026-03-20T20:00:45+00:00,0.446
92230933527175957699173261837562970961226561473212829507303559647834156802557,1774044053,2026-03-20T22:00:53+00:00,0.435
92230933527175957699173261837562970961226561473212829507303559647834156802557,1774047651,2026-03-20T23:00:51+00:00,0.435
92230933527175957699173261837562970961226561473212829507303559647834156802557,1774051256,2026-03-21T00:00:56+00:00,0.437
92230933527175957699173261837562970961226561473212829507303559647834156802557,1774054854,2026-03-21T01:00:54+00:00,0.453
92230933527175957699173261837562970961226561473212829507303559647834156802557,1774058458,2026-03-21T02:00:58+00:00,0.461
92230933527175957699173261837562970961226561473212829507303559647834156802557,1774062047,2026-03-21T03:00:47+00:00,0.474
92230933527175957699173261837562970961226561473212829507303559647834156802557,1774065650,2026-03-21T04:00:50+00:00,0.4605
92230933527175957699173261837562970961226561473212829507303559647834156802557,1774069243,2026-03-21T05:00:43+00:00,0.4745
92230933527175957699173261837562970961226561473212829507303559647834156802557,1774072856,2026-03-21T06:00:56+00:00,0.46
92230933527175957699173261837562970961226561473212829507303559647834156802557,1774080043,2026-03-21T08:00:43+00:00,0.4455
92230933527175957699173261837562970961226561473212829507303559647834156802557,1774083645,2026-03-21T09:00:45+00:00,0.4525
92230933527175957699173261837562970961226561473212829507303559647834156802557,1774087243,2026-03-21T10:00:43+00:00,0.4945
92230933527175957699173261837562970961226561473212829507303559647834156802557,1774090847,2026-03-21T11:00:47+00:00,0.4945
92230933527175957699173261837562970961226561473212829507303559647834156802557,1774094449,2026-03-21T12:00:49+00:00,0.4685
92230933527175957699173261837562970961226561473212829507303559647834156802557,1774098048,2026-03-21T13:00:48+00:00,0.488
92230933527175957699173261837562970961226561473212829507303559647834156802557,1774101657,2026-03-21T14:00:57+00:00,0.482
92230933527175957699173261837562970961226561473212829507303559647834156802557,1774108803,2026-03-21T16:00:03+00:00,0.484
92230933527175957699173261837562970961226561473212829507303559647834156802557,1774116053,2026-03-21T18:00:53+00:00,0.4945
92230933527175957699173261837562970961226561473212829507303559647834156802557,1774119646,2026-03-21T19:00:46+00:00,0.485
92230933527175957699173261837562970961226561473212829507303559647834156802557,1774123246,2026-03-21T20:00:46+00:00,0.487
92230933527175957699173261837562970961226561473212829507303559647834156802557,1774126850,2026-03-21T21:00:50+00:00,0.4395
92230933527175957699173261837562970961226561473212829507303559647834156802557,1774130449,2026-03-21T22:00:49+00:00,0.451
92230933527175957699173261837562970961226561473212829507303559647834156802557,1774134044,2026-03-21T23:00:44+00:00,0.4475
92230933527175957699173261837562970961226561473212829507303559647834156802557,1774137654,2026-03-22T00:00:54+00:00,0.448
92230933527175957699173261837562970961226561473212829507303559647834156802557,1774141242,2026-03-22T01:00:42+00:00,0.455
92230933527175957699173261837562970961226561473212829507303559647834156802557,1774144839,2026-03-22T02:00:39+00:00,0.4385
92230933527175957699173261837562970961226561473212829507303559647834156802557,1774148442,2026-03-22T03:00:42+00:00,0.4485
92230933527175957699173261837562970961226561473212829507303559647834156802557,1774152038,2026-03-22T04:00:38+00:00,0.4475
92230933527175957699173261837562970961226561473212829507303559647834156802557,1774155647,2026-03-22T05:00:47+00:00,0.4425
92230933527175957699173261837562970961226561473212829507303559647834156802557,1774159244,2026-03-22T06:00:44+00:00,0.446
92230933527175957699173261837562970961226561473212829507303559647834156802557,1774162836,2026-03-22T07:00:36+00:00,0.4535
92230933527175957699173261837562970961226561473212829507303559647834156802557,1774166438,2026-03-22T08:00:38+00:00,0.4555
92230933527175957699173261837562970961226561473212829507303559647834156802557,1774170041,2026-03-22T09:00:41+00:00,0.4545
92230933527175957699173261837562970961226561473212829507303559647834156802557,1774173638,2026-03-22T10:00:38+00:00,0.4545
92230933527175957699173261837562970961226561473212829507303559647834156802557,1774177235,2026-03-22T11:00:35+00:00,0.451
92230933527175957699173261837562970961226561473212829507303559647834156802557,1774184459,2026-03-22T13:00:59+00:00,0.4455
92230933527175957699173261837562970961226561473212829507303559647834156802557,1774188039,2026-03-22T14:00:39+00:00,0.4385
92230933527175957699173261837562970961226561473212829507303559647834156802557,1774191641,2026-03-22T15:00:41+00:00,0.44
92230933527175957699173261837562970961226561473212829507303559647834156802557,1774195242,2026-03-22T16:00:42+00:00,0.435
92230933527175957699173261837562970961226561473212829507303559647834156802557,1774202446,2026-03-22T18:00:46+00:00,0.435
92230933527175957699173261837562970961226561473212829507303559647834156802557,1774206039,2026-03-22T19:00:39+00:00,0.435
92230933527175957699173261837562970961226561473212829507303559647834156802557,1774209638,2026-03-22T20:00:38+00:00,0.433
92230933527175957699173261837562970961226561473212829507303559647834156802557,1774213244,2026-03-22T21:00:44+00:00,0.424
92230933527175957699173261837562970961226561473212829507303559647834156802557,1774216841,2026-03-22T22:00:41+00:00,0.418
92230933527175957699173261837562970961226561473212829507303559647834156802557,1774220441,2026-03-22T23:00:41+00:00,0.3965
92230933527175957699173261837562970961226561473212829507303559647834156802557,1774224046,2026-03-23T00:00:46+00:00,0.39
92230933527175957699173261837562970961226561473212829507303559647834156802557,1774227637,2026-03-23T01:00:37+00:00,0.3855
92230933527175957699173261837562970961226561473212829507303559647834156802557,1774231239,2026-03-23T02:00:39+00:00,0.378
92230933527175957699173261837562970961226561473212829507303559647834156802557,1774234846,2026-03-23T03:00:46+00:00,0.3755
92230933527175957699173261837562970961226561473212829507303559647834156802557,1774238434,2026-03-23T04:00:34+00:00,0.373
92230933527175957699173261837562970961226561473212829507303559647834156802557,1774242044,2026-03-23T05:00:44+00:00,0.373
92230933527175957699173261837562970961226561473212829507303559647834156802557,1774245647,2026-03-23T06:00:47+00:00,0.3705
92230933527175957699173261837562970961226561473212829507303559647834156802557,1774249240,2026-03-23T07:00:40+00:00,0.3705
92230933527175957699173261837562970961226561473212829507303559647834156802557,1774252843,2026-03-23T08:00:43+00:00,0.3705
92230933527175957699173261837562970961226561473212829507303559647834156802557,1774256454,2026-03-23T09:00:54+00:00,0.342
92230933527175957699173261837562970961226561473212829507303559647834156802557,1774260039,2026-03-23T10:00:39+00:00,0.3275
92230933527175957699173261837562970961226561473212829507303559647834156802557,1774263635,2026-03-23T11:00:35+00:00,0.273
92230933527175957699173261837562970961226561473212829507303559647834156802557,1774267244,2026-03-23T12:00:44+00:00,0.2815
92230933527175957699173261837562970961226561473212829507303559647834156802557,1774270846,2026-03-23T13:00:46+00:00,0.285
92230933527175957699173261837562970961226561473212829507303559647834156802557,1774274438,2026-03-23T14:00:38+00:00,0.2725
92230933527175957699173261837562970961226561473212829507303559647834156802557,1774278039,2026-03-23T15:00:39+00:00,0.2705
92230933527175957699173261837562970961226561473212829507303559647834156802557,1774281638,2026-03-23T16:00:38+00:00,0.2705
92230933527175957699173261837562970961226561473212829507303559647834156802557,1774288840,2026-03-23T18:00:40+00:00,0.2675
92230933527175957699173261837562970961226561473212829507303559647834156802557,1774292456,2026-03-23T19:00:56+00:00,0.2675
92230933527175957699173261837562970961226561473212829507303559647834156802557,1774296043,2026-03-23T20:00:43+00:00,0.2675
92230933527175957699173261837562970961226561473212829507303559647834156802557,1774299648,2026-03-23T21:00:48+00:00,0.297
92230933527175957699173261837562970961226561473212829507303559647834156802557,1774303238,2026-03-23T22:00:38+00:00,0.2775
92230933527175957699173261837562970961226561473212829507303559647834156802557,1774306839,2026-03-23T23:00:39+00:00,0.3025
92230933527175957699173261837562970961226561473212829507303559647834156802557,1774310441,2026-03-24T00:00:41+00:00,0.3075
92230933527175957699173261837562970961226561473212829507303559647834156802557,1774314032,2026-03-24T01:00:32+00:00,0.305
92230933527175957699173261837562970961226561473212829507303559647834156802557,1774317635,2026-03-24T02:00:35+00:00,0.309
92230933527175957699173261837562970961226561473212829507303559647834156802557,1774321239,2026-03-24T03:00:39+00:00,0.3115
92230933527175957699173261837562970961226561473212829507303559647834156802557,1774324838,2026-03-24T04:00:38+00:00,0.315
92230933527175957699173261837562970961226561473212829507303559647834156802557,1774328437,2026-03-24T05:00:37+00:00,0.3035
92230933527175957699173261837562970961226561473212829507303559647834156802557,1774332051,2026-03-24T06:00:51+00:00,0.3165
92230933527175957699173261837562970961226561473212829507303559647834156802557,1774335637,2026-03-24T07:00:37+00:00,0.316
92230933527175957699173261837562970961226561473212829507303559647834156802557,1774339233,2026-03-24T08:00:33+00:00,0.3045
92230933527175957699173261837562970961226561473212829507303559647834156802557,1774342841,2026-03-24T09:00:41+00:00,0.3025
92230933527175957699173261837562970961226561473212829507303559647834156802557,1774346434,2026-03-24T10:00:34+00:00,0.3045
92230933527175957699173261837562970961226561473212829507303559647834156802557,1774353648,2026-03-24T12:00:48+00:00,0.269
92230933527175957699173261837562970961226561473212829507303559647834156802557,1774357248,2026-03-24T13:00:48+00:00,0.2655
92230933527175957699173261837562970961226561473212829507303559647834156802557,1774360837,2026-03-24T14:00:37+00:00,0.264
92230933527175957699173261837562970961226561473212829507303559647834156802557,1774364444,2026-03-24T15:00:44+00:00,0.281
92230933527175957699173261837562970961226561473212829507303559647834156802557,1774368036,2026-03-24T16:00:36+00:00,0.2685
92230933527175957699173261837562970961226561473212829507303559647834156802557,1774371643,2026-03-24T17:00:43+00:00,0.2925
92230933527175957699173261837562970961226561473212829507303559647834156802557,1774375249,2026-03-24T18:00:49+00:00,0.3155
92230933527175957699173261837562970961226561473212829507303559647834156802557,1774378838,2026-03-24T19:00:38+00:00,0.324
92230933527175957699173261837562970961226561473212829507303559647834156802557,1774382440,2026-03-24T20:00:40+00:00,0.324
92230933527175957699173261837562970961226561473212829507303559647834156802557,1774389635,2026-03-24T22:00:35+00:00,0.3275
92230933527175957699173261837562970961226561473212829507303559647834156802557,1774393239,2026-03-24T23:00:39+00:00,0.3305
92230933527175957699173261837562970961226561473212829507303559647834156802557,1774396849,2026-03-25T00:00:49+00:00,0.332
92230933527175957699173261837562970961226561473212829507303559647834156802557,1774400437,2026-03-25T01:00:37+00:00,0.3315
92230933527175957699173261837562970961226561473212829507303559647834156802557,1774404038,2026-03-25T02:00:38+00:00,0.332
92230933527175957699173261837562970961226561473212829507303559647834156802557,1774407642,2026-03-25T03:00:42+00:00,0.333
92230933527175957699173261837562970961226561473212829507303559647834156802557,1774411240,2026-03-25T04:00:40+00:00,0.3455
92230933527175957699173261837562970961226561473212829507303559647834156802557,1774414840,2026-03-25T05:00:40+00:00,0.342
92230933527175957699173261837562970961226561473212829507303559647834156802557,1774418448,2026-03-25T06:00:48+00:00,0.342
92230933527175957699173261837562970961226561473212829507303559647834156802557,1774422037,2026-03-25T07:00:37+00:00,0.34
92230933527175957699173261837562970961226561473212829507303559647834156802557,1774425636,2026-03-25T08:00:36+00:00,0.342
92230933527175957699173261837562970961226561473212829507303559647834156802557,1774429246,2026-03-25T09:00:46+00:00,0.34
92230933527175957699173261837562970961226561473212829507303559647834156802557,1774432842,2026-03-25T10:00:42+00:00,0.3395
92230933527175957699173261837562970961226561473212829507303559647834156802557,1774436444,2026-03-25T11:00:44+00:00,0.3405
92230933527175957699173261837562970961226561473212829507303559647834156802557,1774440053,2026-03-25T12:00:53+00:00,0.34
92230933527175957699173261837562970961226561473212829507303559647834156802557,1774443642,2026-03-25T13:00:42+00:00,0.342
92230933527175957699173261837562970961226561473212829507303559647834156802557,1774447251,2026-03-25T14:00:51+00:00,0.3435
92230933527175957699173261837562970961226561473212829507303559647834156802557,1774450849,2026-03-25T15:00:49+00:00,0.34
92230933527175957699173261837562970961226561473212829507303559647834156802557,1774454442,2026-03-25T16:00:42+00:00,0.337
92230933527175957699173261837562970961226561473212829507303559647834156802557,1774458039,2026-03-25T17:00:39+00:00,0.3365
92230933527175957699173261837562970961226561473212829507303559647834156802557,1774461650,2026-03-25T18:00:50+00:00,0.2995
92230933527175957699173261837562970961226561473212829507303559647834156802557,1774465241,2026-03-25T19:00:41+00:00,0.3025
92230933527175957699173261837562970961226561473212829507303559647834156802557,1774468842,2026-03-25T20:00:42+00:00,0.303
92230933527175957699173261837562970961226561473212829507303559647834156802557,1774472445,2026-03-25T21:00:45+00:00,0.3
92230933527175957699173261837562970961226561473212829507303559647834156802557,1774476038,2026-03-25T22:00:38+00:00,0.302
92230933527175957699173261837562970961226561473212829507303559647834156802557,1774479640,2026-03-25T23:00:40+00:00,0.2885
92230933527175957699173261837562970961226561473212829507303559647834156802557,1774483253,2026-03-26T00:00:53+00:00,0.288
92230933527175957699173261837562970961226561473212829507303559647834156802557,1774486843,2026-03-26T01:00:43+00:00,0.2995
92230933527175957699173261837562970961226561473212829507303559647834156802557,1774490440,2026-03-26T02:00:40+00:00,0.2735
92230933527175957699173261837562970961226561473212829507303559647834156802557,1774494049,2026-03-26T03:00:49+00:00,0.28
92230933527175957699173261837562970961226561473212829507303559647834156802557,1774497643,2026-03-26T04:00:43+00:00,0.2935
92230933527175957699173261837562970961226561473212829507303559647834156802557,1774501239,2026-03-26T05:00:39+00:00,0.2955
92230933527175957699173261837562970961226561473212829507303559647834156802557,1774504853,2026-03-26T06:00:53+00:00,0.267
92230933527175957699173261837562970961226561473212829507303559647834156802557,1774508452,2026-03-26T07:00:52+00:00,0.2735
92230933527175957699173261837562970961226561473212829507303559647834156802557,1774512048,2026-03-26T08:00:48+00:00,0.2675
92230933527175957699173261837562970961226561473212829507303559647834156802557,1774515644,2026-03-26T09:00:44+00:00,0.261
92230933527175957699173261837562970961226561473212829507303559647834156802557,1774519247,2026-03-26T10:00:47+00:00,0.262
92230933527175957699173261837562970961226561473212829507303559647834156802557,1774522836,2026-03-26T11:00:36+00:00,0.267
92230933527175957699173261837562970961226561473212829507303559647834156802557,1774530055,2026-03-26T13:00:55+00:00,0.271
92230933527175957699173261837562970961226561473212829507303559647834156802557,1774533642,2026-03-26T14:00:42+00:00,0.2845
92230933527175957699173261837562970961226561473212829507303559647834156802557,1774537250,2026-03-26T15:00:50+00:00,0.3075
92230933527175957699173261837562970961226561473212829507303559647834156802557,1774540849,2026-03-26T16:00:49+00:00,0.3075
92230933527175957699173261837562970961226561473212829507303559647834156802557,1774548051,2026-03-26T18:00:51+00:00,0.309
92230933527175957699173261837562970961226561473212829507303559647834156802557,1774551636,2026-03-26T19:00:36+00:00,0.31
92230933527175957699173261837562970961226561473212829507303559647834156802557,1774555234,2026-03-26T20:00:34+00:00,0.315
92230933527175957699173261837562970961226561473212829507303559647834156802557,1774558838,2026-03-26T21:00:38+00:00,0.314
92230933527175957699173261837562970961226561473212829507303559647834156802557,1774562434,2026-03-26T22:00:34+00:00,0.314
92230933527175957699173261837562970961226561473212829507303559647834156802557,1774566031,2026-03-26T23:00:31+00:00,0.314
92230933527175957699173261837562970961226561473212829507303559647834156802557,1774569644,2026-03-27T00:00:44+00:00,0.318
92230933527175957699173261837562970961226561473212829507303559647834156802557,1774573236,2026-03-27T01:00:36+00:00,0.321
92230933527175957699173261837562970961226561473212829507303559647834156802557,1774576839,2026-03-27T02:00:39+00:00,0.3205
92230933527175957699173261837562970961226561473212829507303559647834156802557,1774580442,2026-03-27T03:00:42+00:00,0.3205
92230933527175957699173261837562970961226561473212829507303559647834156802557,1774584034,2026-03-27T04:00:34+00:00,0.3205
92230933527175957699173261837562970961226561473212829507303559647834156802557,1774587636,2026-03-27T05:00:36+00:00,0.3105
92230933527175957699173261837562970961226561473212829507303559647834156802557,1774591240,2026-03-27T06:00:40+00:00,0.3065
92230933527175957699173261837562970961226561473212829507303559647834156802557,1774594834,2026-03-27T07:00:34+00:00,0.303
92230933527175957699173261837562970961226561473212829507303559647834156802557,1774598431,2026-03-27T08:00:31+00:00,0.303
92230933527175957699173261837562970961226561473212829507303559647834156802557,1774602037,2026-03-27T09:00:37+00:00,0.3125
92230933527175957699173261837562970961226561473212829507303559647834156802557,1774605631,2026-03-27T10:00:31+00:00,0.3155
92230933527175957699173261837562970961226561473212829507303559647834156802557,1774609235,2026-03-27T11:00:35+00:00,0.3165
92230933527175957699173261837562970961226561473212829507303559647834156802557,1774612842,2026-03-27T12:00:42+00:00,0.3045
92230933527175957699173261837562970961226561473212829507303559647834156802557,1774616440,2026-03-27T13:00:40+00:00,0.2395
92230933527175957699173261837562970961226561473212829507303559647834156802557,1774620037,2026-03-27T14:00:37+00:00,0.2525
92230933527175957699173261837562970961226561473212829507303559647834156802557,1774623639,2026-03-27T15:00:39+00:00,0.2545
92230933527175957699173261837562970961226561473212829507303559647834156802557,1774627236,2026-03-27T16:00:36+00:00,0.2565
92230933527175957699173261837562970961226561473212829507303559647834156802557,1774630847,2026-03-27T17:00:47+00:00,0.2585
92230933527175957699173261837562970961226561473212829507303559647834156802557,1774634446,2026-03-27T18:00:46+00:00,0.2605
92230933527175957699173261837562970961226561473212829507303559647834156802557,1774638037,2026-03-27T19:00:37+00:00,0.2615
92230933527175957699173261837562970961226561473212829507303559647834156802557,1774641645,2026-03-27T20:00:45+00:00,0.262
92230933527175957699173261837562970961226561473212829507303559647834156802557,1774645245,2026-03-27T21:00:45+00:00,0.262
92230933527175957699173261837562970961226561473212829507303559647834156802557,1774648836,2026-03-27T22:00:36+00:00,0.262
92230933527175957699173261837562970961226561473212829507303559647834156802557,1774652451,2026-03-27T23:00:51+00:00,0.262
92230933527175957699173261837562970961226561473212829507303559647834156802557,1774656047,2026-03-28T00:00:47+00:00,0.262
92230933527175957699173261837562970961226561473212829507303559647834156802557,1774659638,2026-03-28T01:00:38+00:00,0.2615
92230933527175957699173261837562970961226561473212829507303559647834156802557,1774663237,2026-03-28T02:00:37+00:00,0.2615
92230933527175957699173261837562970961226561473212829507303559647834156802557,1774666841,2026-03-28T03:00:41+00:00,0.2615
92230933527175957699173261837562970961226561473212829507303559647834156802557,1774670437,2026-03-28T04:00:37+00:00,0.2615
92230933527175957699173261837562970961226561473212829507303559647834156802557,1774674034,2026-03-28T05:00:34+00:00,0.243
92230933527175957699173261837562970961226561473212829507303559647834156802557,1774677645,2026-03-28T06:00:45+00:00,0.242
92230933527175957699173261837562970961226561473212829507303559647834156802557,1774681236,2026-03-28T07:00:36+00:00,0.2675
92230933527175957699173261837562970961226561473212829507303559647834156802557,1774684840,2026-03-28T08:00:40+00:00,0.271
92230933527175957699173261837562970961226561473212829507303559647834156802557,1774688445,2026-03-28T09:00:45+00:00,0.2865
92230933527175957699173261837562970961226561473212829507303559647834156802557,1774692043,2026-03-28T10:00:43+00:00,0.2985
92230933527175957699173261837562970961226561473212829507303559647834156802557,1774695648,2026-03-28T11:00:48+00:00,0.3295
92230933527175957699173261837562970961226561473212829507303559647834156802557,1774699247,2026-03-28T12:00:47+00:00,0.3245
92230933527175957699173261837562970961226561473212829507303559647834156802557,1774702848,2026-03-28T13:00:48+00:00,0.29
92230933527175957699173261837562970961226561473212829507303559647834156802557,1774706448,2026-03-28T14:00:48+00:00,0.2925
92230933527175957699173261837562970961226561473212829507303559647834156802557,1774710052,2026-03-28T15:00:52+00:00,0.274
92230933527175957699173261837562970961226561473212829507303559647834156802557,1774713640,2026-03-28T16:00:40+00:00,0.259
92230933527175957699173261837562970961226561473212829507303559647834156802557,1774717254,2026-03-28T17:00:54+00:00,0.2685
92230933527175957699173261837562970961226561473212829507303559647834156802557,1774720854,2026-03-28T18:00:54+00:00,0.265
92230933527175957699173261837562970961226561473212829507303559647834156802557,1774724441,2026-03-28T19:00:41+00:00,0.212
92230933527175957699173261837562970961226561473212829507303559647834156802557,1774728039,2026-03-28T20:00:39+00:00,0.198
92230933527175957699173261837562970961226561473212829507303559647834156802557,1774731647,2026-03-28T21:00:47+00:00,0.1965
92230933527175957699173261837562970961226561473212829507303559647834156802557,1774735242,2026-03-28T22:00:42+00:00,0.2045
92230933527175957699173261837562970961226561473212829507303559647834156802557,1774738843,2026-03-28T23:00:43+00:00,0.21
92230933527175957699173261837562970961226561473212829507303559647834156802557,1774742452,2026-03-29T00:00:52+00:00,0.211
92230933527175957699173261837562970961226561473212829507303559647834156802557,1774746049,2026-03-29T01:00:49+00:00,0.2115
92230933527175957699173261837562970961226561473212829507303559647834156802557,1774749647,2026-03-29T02:00:47+00:00,0.2155
92230933527175957699173261837562970961226561473212829507303559647834156802557,1774753246,2026-03-29T03:00:46+00:00,0.2135
92230933527175957699173261837562970961226561473212829507303559647834156802557,1774756841,2026-03-29T04:00:41+00:00,0.215
92230933527175957699173261837562970961226561473212829507303559647834156802557,1774760447,2026-03-29T05:00:47+00:00,0.2055
92230933527175957699173261837562970961226561473212829507303559647834156802557,1774764056,2026-03-29T06:00:56+00:00,0.206
92230933527175957699173261837562970961226561473212829507303559647834156802557,1774767644,2026-03-29T07:00:44+00:00,0.211
92230933527175957699173261837562970961226561473212829507303559647834156802557,1774771246,2026-03-29T08:00:46+00:00,0.209
92230933527175957699173261837562970961226561473212829507303559647834156802557,1774774853,2026-03-29T09:00:53+00:00,0.2115
92230933527175957699173261837562970961226561473212829507303559647834156802557,1774778448,2026-03-29T10:00:48+00:00,0.2105
92230933527175957699173261837562970961226561473212829507303559647834156802557,1774782046,2026-03-29T11:00:46+00:00,0.2105
92230933527175957699173261837562970961226561473212829507303559647834156802557,1774789248,2026-03-29T13:00:48+00:00,0.213
92230933527175957699173261837562970961226561473212829507303559647834156802557,1774792847,2026-03-29T14:00:47+00:00,0.213
92230933527175957699173261837562970961226561473212829507303559647834156802557,1774796452,2026-03-29T15:00:52+00:00,0.213
92230933527175957699173261837562970961226561473212829507303559647834156802557,1774800045,2026-03-29T16:00:45+00:00,0.213
92230933527175957699173261837562970961226561473212829507303559647834156802557,1774803653,2026-03-29T17:00:53+00:00,0.2065
92230933527175957699173261837562970961226561473212829507303559647834156802557,1774807258,2026-03-29T18:00:58+00:00,0.21
92230933527175957699173261837562970961226561473212829507303559647834156802557,1774810844,2026-03-29T19:00:44+00:00,0.2115
92230933527175957699173261837562970961226561473212829507303559647834156802557,1774814445,2026-03-29T20:00:45+00:00,0.2145
92230933527175957699173261837562970961226561473212829507303559647834156802557,1774818054,2026-03-29T21:00:54+00:00,0.213
92230933527175957699173261837562970961226561473212829507303559647834156802557,1774832446,2026-03-30T01:00:46+00:00,0.214
92230933527175957699173261837562970961226561473212829507303559647834156802557,1774836048,2026-03-30T02:00:48+00:00,0.214
92230933527175957699173261837562970961226561473212829507303559647834156802557,1774839657,2026-03-30T03:00:57+00:00,0.2125
92230933527175957699173261837562970961226561473212829507303559647834156802557,1774843258,2026-03-30T04:00:58+00:00,0.2085
92230933527175957699173261837562970961226561473212829507303559647834156802557,1774850452,2026-03-30T06:00:52+00:00,0.208
92230933527175957699173261837562970961226561473212829507303559647834156802557,1774857647,2026-03-30T08:00:47+00:00,0.206
92230933527175957699173261837562970961226561473212829507303559647834156802557,1774861255,2026-03-30T09:00:55+00:00,0.205
92230933527175957699173261837562970961226561473212829507303559647834156802557,1774864845,2026-03-30T10:00:45+00:00,0.205
92230933527175957699173261837562970961226561473212829507303559647834156802557,1774868447,2026-03-30T11:00:47+00:00,0.2425
92230933527175957699173261837562970961226561473212829507303559647834156802557,1774882858,2026-03-30T15:00:58+00:00,0.241
92230933527175957699173261837562970961226561473212829507303559647834156802557,1774886450,2026-03-30T16:00:50+00:00,0.2435
92230933527175957699173261837562970961226561473212829507303559647834156802557,1774897259,2026-03-30T19:00:59+00:00,0.2405
92230933527175957699173261837562970961226561473212829507303559647834156802557,1774904455,2026-03-30T21:00:55+00:00,0.248
92230933527175957699173261837562970961226561473212829507303559647834156802557,1774908047,2026-03-30T22:00:47+00:00,0.2795
92230933527175957699173261837562970961226561473212829507303559647834156802557,1774911648,2026-03-30T23:00:48+00:00,0.2975
92230933527175957699173261837562970961226561473212829507303559647834156802557,1774918851,2026-03-31T01:00:51+00:00,0.343
92230933527175957699173261837562970961226561473212829507303559647834156802557,1774929646,2026-03-31T04:00:46+00:00,0.39
92230933527175957699173261837562970961226561473212829507303559647834156802557,1774933248,2026-03-31T05:00:48+00:00,0.391
92230933527175957699173261837562970961226561473212829507303559647834156802557,1774936859,2026-03-31T06:00:59+00:00,0.3885
92230933527175957699173261837562970961226561473212829507303559647834156802557,1774940458,2026-03-31T07:00:58+00:00,0.391
92230933527175957699173261837562970961226561473212829507303559647834156802557,1774944047,2026-03-31T08:00:47+00:00,0.3945
92230933527175957699173261837562970961226561473212829507303559647834156802557,1774951251,2026-03-31T10:00:51+00:00,0.3825
92230933527175957699173261837562970961226561473212829507303559647834156802557,1774954856,2026-03-31T11:00:56+00:00,0.3755
92230933527175957699173261837562970961226561473212829507303559647834156802557,1774962053,2026-03-31T13:00:53+00:00,0.344
92230933527175957699173261837562970961226561473212829507303559647834156802557,1774965658,2026-03-31T14:00:58+00:00,0.3335
92230933527175957699173261837562970961226561473212829507303559647834156802557,1774969237,2026-03-31T15:00:37+00:00,0.3595
92230933527175957699173261837562970961226561473212829507303559647834156802557,1774972859,2026-03-31T16:00:59+00:00,0.345
92230933527175957699173261837562970961226561473212829507303559647834156802557,1774976419,2026-03-31T17:00:19+00:00,0.363
92230933527175957699173261837562970961226561473212829507303559647834156802557,1774980051,2026-03-31T18:00:51+00:00,0.325
92230933527175957699173261837562970961226561473212829507303559647834156802557,1774990859,2026-03-31T21:00:59+00:00,0.3445
92230933527175957699173261837562970961226561473212829507303559647834156802557,1774994458,2026-03-31T22:00:58+00:00,0.3445
92230933527175957699173261837562970961226561473212829507303559647834156802557,1774998053,2026-03-31T23:00:53+00:00,0.3555
92230933527175957699173261837562970961226561473212829507303559647834156802557,1775005244,2026-04-01T01:00:44+00:00,0.349
92230933527175957699173261837562970961226561473212829507303559647834156802557,1775008847,2026-04-01T02:00:47+00:00,0.351
92230933527175957699173261837562970961226561473212829507303559647834156802557,1775012452,2026-04-01T03:00:52+00:00,0.369
92230933527175957699173261837562970961226561473212829507303559647834156802557,1775019644,2026-04-01T05:00:44+00:00,0.3705
92230933527175957699173261837562970961226561473212829507303559647834156802557,1775023247,2026-04-01T06:00:47+00:00,0.37
92230933527175957699173261837562970961226561473212829507303559647834156802557,1775026848,2026-04-01T07:00:48+00:00,0.357
92230933527175957699173261837562970961226561473212829507303559647834156802557,1775030451,2026-04-01T08:00:51+00:00,0.361
92230933527175957699173261837562970961226561473212829507303559647834156802557,1775034051,2026-04-01T09:00:51+00:00,0.3595
92230933527175957699173261837562970961226561473212829507303559647834156802557,1775037643,2026-04-01T10:00:43+00:00,0.357
92230933527175957699173261837562970961226561473212829507303559647834156802557,1775041243,2026-04-01T11:00:43+00:00,0.3615
92230933527175957699173261837562970961226561473212829507303559647834156802557,1775048444,2026-04-01T13:00:44+00:00,0.361
92230933527175957699173261837562970961226561473212829507303559647834156802557,1775052049,2026-04-01T14:00:49+00:00,0.3555
92230933527175957699173261837562970961226561473212829507303559647834156802557,1775055652,2026-04-01T15:00:52+00:00,0.3475
92230933527175957699173261837562970961226561473212829507303559647834156802557,1775059253,2026-04-01T16:00:53+00:00,0.3405
92230933527175957699173261837562970961226561473212829507303559647834156802557,1775066451,2026-04-01T18:00:51+00:00,0.3515
92230933527175957699173261837562970961226561473212829507303559647834156802557,1775070058,2026-04-01T19:00:58+00:00,0.353
92230933527175957699173261837562970961226561473212829507303559647834156802557,1775073658,2026-04-01T20:00:58+00:00,0.3625
92230933527175957699173261837562970961226561473212829507303559647834156802557,1775077208,2026-04-01T21:00:08+00:00,0.3455
92230933527175957699173261837562970961226561473212829507303559647834156802557,1775080847,2026-04-01T22:00:47+00:00,0.353
92230933527175957699173261837562970961226561473212829507303559647834156802557,1775084458,2026-04-01T23:00:58+00:00,0.349
92230933527175957699173261837562970961226561473212829507303559647834156802557,1775091657,2026-04-02T01:00:57+00:00,0.351
92230933527175957699173261837562970961226561473212829507303559647834156802557,1775095247,2026-04-02T02:00:47+00:00,0.3495
92230933527175957699173261837562970961226561473212829507303559647834156802557,1775102449,2026-04-02T04:00:49+00:00,0.3475
92230933527175957699173261837562970961226561473212829507303559647834156802557,1775106048,2026-04-02T05:00:48+00:00,0.349
92230933527175957699173261837562970961226561473212829507303559647834156802557,1775113245,2026-04-02T07:00:45+00:00,0.34
92230933527175957699173261837562970961226561473212829507303559647834156802557,1775116845,2026-04-02T08:00:45+00:00,0.3415
92230933527175957699173261837562970961226561473212829507303559647834156802557,1775120447,2026-04-02T09:00:47+00:00,0.343
92230933527175957699173261837562970961226561473212829507303559647834156802557,1775124045,2026-04-02T10:00:45+00:00,0.3445
92230933527175957699173261837562970961226561473212829507303559647834156802557,1775127649,2026-04-02T11:00:49+00:00,0.3525
92230933527175957699173261837562970961226561473212829507303559647834156802557,1775131257,2026-04-02T12:00:57+00:00,0.353
92230933527175957699173261837562970961226561473212829507303559647834156802557,1775149216,2026-04-02T17:00:16+00:00,0.376
92230933527175957699173261837562970961226561473212829507303559647834156802557,1775152849,2026-04-02T18:00:49+00:00,0.3705
92230933527175957699173261837562970961226561473212829507303559647834156802557,1775156445,2026-04-02T19:00:45+00:00,0.371
92230933527175957699173261837562970961226561473212829507303559647834156802557,1775160048,2026-04-02T20:00:48+00:00,0.37
92230933527175957699173261837562970961226561473212829507303559647834156802557,1775167250,2026-04-02T22:00:50+00:00,0.375
92230933527175957699173261837562970961226561473212829507303559647834156802557,1775170846,2026-04-02T23:00:46+00:00,0.3815
92230933527175957699173261837562970961226561473212829507303559647834156802557,1775178046,2026-04-03T01:00:46+00:00,0.3775
92230933527175957699173261837562970961226561473212829507303559647834156802557,1775181650,2026-04-03T02:00:50+00:00,0.3705
92230933527175957699173261837562970961226561473212829507303559647834156802557,1775188846,2026-04-03T04:00:46+00:00,0.3765
92230933527175957699173261837562970961226561473212829507303559647834156802557,1775192458,2026-04-03T05:00:58+00:00,0.3835
92230933527175957699173261837562970961226561473212829507303559647834156802557,1775199647,2026-04-03T07:00:47+00:00,0.382
92230933527175957699173261837562970961226561473212829507303559647834156802557,1775203248,2026-04-03T08:00:48+00:00,0.3985
92230933527175957699173261837562970961226561473212829507303559647834156802557,1775206853,2026-04-03T09:00:53+00:00,0.374
92230933527175957699173261837562970961226561473212829507303559647834156802557,1775210448,2026-04-03T10:00:48+00:00,0.3795
92230933527175957699173261837562970961226561473212829507303559647834156802557,1775214047,2026-04-03T11:00:47+00:00,0.375
92230933527175957699173261837562970961226561473212829507303559647834156802557,1775221259,2026-04-03T13:00:59+00:00,0.374
92230933527175957699173261837562970961226561473212829507303559647834156802557,1775224853,2026-04-03T14:00:53+00:00,0.395
92230933527175957699173261837562970961226561473212829507303559647834156802557,1775232048,2026-04-03T16:00:48+00:00,0.392
92230933527175957699173261837562970961226561473212829507303559647834156802557,1775239207,2026-04-03T18:00:07+00:00,0.408
92230933527175957699173261837562970961226561473212829507303559647834156802557,1775242808,2026-04-03T19:00:08+00:00,0.402
92230933527175957699173261837562970961226561473212829507303559647834156802557,1775246458,2026-04-03T20:00:58+00:00,0.4115
92230933527175957699173261837562970961226561473212829507303559647834156802557,1775253655,2026-04-03T22:00:55+00:00,0.413
92230933527175957699173261837562970961226561473212829507303559647834156802557,1775268051,2026-04-04T02:00:51+00:00,0.413
92230933527175957699173261837562970961226561473212829507303559647834156802557,1775271655,2026-04-04T03:00:55+00:00,0.413
92230933527175957699173261837562970961226561473212829507303559647834156802557,1775286050,2026-04-04T07:00:50+00:00,0.4125
92230933527175957699173261837562970961226561473212829507303559647834156802557,1775289652,2026-04-04T08:00:52+00:00,0.411
92230933527175957699173261837562970961226561473212829507303559647834156802557,1775350857,2026-04-05T01:00:57+00:00,0.409
92230933527175957699173261837562970961226561473212829507303559647834156802557,1775361652,2026-04-05T04:00:52+00:00,0.408
92230933527175957699173261837562970961226561473212829507303559647834156802557,1775365256,2026-04-05T05:00:56+00:00,0.408
92230933527175957699173261837562970961226561473212829507303559647834156802557,1775383250,2026-04-05T10:00:50+00:00,0.4075
92230933527175957699173261837562970961226561473212829507303559647834156802557,1775386855,2026-04-05T11:00:55+00:00,0.4075
92230933527175957699173261837562970961226561473212829507303559647834156802557,1775415658,2026-04-05T19:00:58+00:00,0.38
92230933527175957699173261837562970961226561473212829507303559647834156802557,1775430058,2026-04-05T23:00:58+00:00,0.365
92230933527175957699173261837562970961226561473212829507303559647834156802557,1775437255,2026-04-06T01:00:55+00:00,0.3465
92230933527175957699173261837562970961226561473212829507303559647834156802557,1775440859,2026-04-06T02:00:59+00:00,0.309
92230933527175957699173261837562970961226561473212829507303559647834156802557,1775448051,2026-04-06T04:00:51+00:00,0.3205
92230933527175957699173261837562970961226561473212829507303559647834156802557,1775451654,2026-04-06T05:00:54+00:00,0.342
92230933527175957699173261837562970961226561473212829507303559647834156802557,1775458852,2026-04-06T07:00:52+00:00,0.3365
92230933527175957699173261837562970961226561473212829507303559647834156802557,1775462451,2026-04-06T08:00:51+00:00,0.3245
92230933527175957699173261837562970961226561473212829507303559647834156802557,1775469649,2026-04-06T10:00:49+00:00,0.3235
92230933527175957699173261837562970961226561473212829507303559647834156802557,1775473251,2026-04-06T11:00:51+00:00,0.3265
92230933527175957699173261837562970961226561473212829507303559647834156802557,1775480451,2026-04-06T13:00:51+00:00,0.331
92230933527175957699173261837562970961226561473212829507303559647834156802557,1775484052,2026-04-06T14:00:52+00:00,0.3195
92230933527175957699173261837562970961226561473212829507303559647834156802557,1775498428,2026-04-06T18:00:28+00:00,0.351
92230933527175957699173261837562970961226561473212829507303559647834156802557,1775505653,2026-04-06T20:00:53+00:00,0.3555
92230933527175957699173261837562970961226561473212829507303559647834156802557,1775509259,2026-04-06T21:00:59+00:00,0.356
92230933527175957699173261837562970961226561473212829507303559647834156802557,1775512854,2026-04-06T22:00:54+00:00,0.355
92230933527175957699173261837562970961226561473212829507303559647834156802557,1775516457,2026-04-06T23:00:57+00:00,0.3545
92230933527175957699173261837562970961226561473212829507303559647834156802557,1775523656,2026-04-07T01:00:56+00:00,0.354
92230933527175957699173261837562970961226561473212829507303559647834156802557,1775527252,2026-04-07T02:00:52+00:00,0.3545
92230933527175957699173261837562970961226561473212829507303559647834156802557,1775530856,2026-04-07T03:00:56+00:00,0.3545
92230933527175957699173261837562970961226561473212829507303559647834156802557,1775534450,2026-04-07T04:00:50+00:00,0.3545
92230933527175957699173261837562970961226561473212829507303559647834156802557,1775545254,2026-04-07T07:00:54+00:00,0.3495
92230933527175957699173261837562970961226561473212829507303559647834156802557,1775559654,2026-04-07T11:00:54+00:00,0.3495
92230933527175957699173261837562970961226561473212829507303559647834156802557,1775566857,2026-04-07T13:00:57+00:00,0.3495
92230933527175957699173261837562970961226561473212829507303559647834156802557,1775570434,2026-04-07T14:00:34+00:00,0.306
92230933527175957699173261837562970961226561473212829507303559647834156802557,1775581221,2026-04-07T17:00:21+00:00,0.3105
92230933527175957699173261837562970961226561473212829507303559647834156802557,1775584837,2026-04-07T18:00:37+00:00,0.3015
92230933527175957699173261837562970961226561473212829507303559647834156802557,1775588446,2026-04-07T19:00:46+00:00,0.311
92230933527175957699173261837562970961226561473212829507303559647834156802557,1775613627,2026-04-08T02:00:27+00:00,0.264
92230933527175957699173261837562970961226561473212829507303559647834156802557,1775635249,2026-04-08T08:00:49+00:00,0.2575
92230933527175957699173261837562970961226561473212829507303559647834156802557,1775646058,2026-04-08T11:00:58+00:00,0.284
92230933527175957699173261837562970961226561473212829507303559647834156802557,1775649630,2026-04-08T12:00:30+00:00,0.28
92230933527175957699173261837562970961226561473212829507303559647834156802557,1775653235,2026-04-08T13:00:35+00:00,0.301
92230933527175957699173261837562970961226561473212829507303559647834156802557,1775660416,2026-04-08T15:00:16+00:00,0.278
92230933527175957699173261837562970961226561473212829507303559647834156802557,1775674859,2026-04-08T19:00:59+00:00,0.2635
92230933527175957699173261837562970961226561473212829507303559647834156802557,1775678456,2026-04-08T20:00:56+00:00,0.256
92230933527175957699173261837562970961226561473212829507303559647834156802557,1775689230,2026-04-08T23:00:30+00:00,0.259
92230933527175957699173261837562970961226561473212829507303559647834156802557,1775692827,2026-04-09T00:00:27+00:00,0.258
92230933527175957699173261837562970961226561473212829507303559647834156802557,1775696448,2026-04-09T01:00:48+00:00,0.2635
92230933527175957699173261837562970961226561473212829507303559647834156802557,1775700049,2026-04-09T02:00:49+00:00,0.2635
92230933527175957699173261837562970961226561473212829507303559647834156802557,1775703656,2026-04-09T03:00:56+00:00,0.2595
92230933527175957699173261837562970961226561473212829507303559647834156802557,1775707247,2026-04-09T04:00:47+00:00,0.2605
92230933527175957699173261837562970961226561473212829507303559647834156802557,1775710848,2026-04-09T05:00:48+00:00,0.257
92230933527175957699173261837562970961226561473212829507303559647834156802557,1775714457,2026-04-09T06:00:57+00:00,0.2535
92230933527175957699173261837562970961226561473212829507303559647834156802557,1775718046,2026-04-09T07:00:46+00:00,0.2595
92230933527175957699173261837562970961226561473212829507303559647834156802557,1775721646,2026-04-09T08:00:46+00:00,0.2535
92230933527175957699173261837562970961226561473212829507303559647834156802557,1775725258,2026-04-09T09:00:58+00:00,0.254
92230933527175957699173261837562970961226561473212829507303559647834156802557,1775728848,2026-04-09T10:00:48+00:00,0.2565
92230933527175957699173261837562970961226561473212829507303559647834156802557,1775732448,2026-04-09T11:00:48+00:00,0.2895
92230933527175957699173261837562970961226561473212829507303559647834156802557,1775739653,2026-04-09T13:00:53+00:00,0.265
92230933527175957699173261837562970961226561473212829507303559647834156802557,1775743258,2026-04-09T14:00:58+00:00,0.2505
92230933527175957699173261837562970961226561473212829507303559647834156802557,1775750454,2026-04-09T16:00:54+00:00,0.2695
92230933527175957699173261837562970961226561473212829507303559647834156802557,1775764857,2026-04-09T20:00:57+00:00,0.286
92230933527175957699173261837562970961226561473212829507303559647834156802557,1775772058,2026-04-09T22:00:58+00:00,0.288
92230933527175957699173261837562970961226561473212829507303559647834156802557,1775775658,2026-04-09T23:00:58+00:00,0.2855
92230933527175957699173261837562970961226561473212829507303559647834156802557,1775782856,2026-04-10T01:00:56+00:00,0.3005
92230933527175957699173261837562970961226561473212829507303559647834156802557,1775786453,2026-04-10T02:00:53+00:00,0.3005
92230933527175957699173261837562970961226561473212829507303559647834156802557,1775793658,2026-04-10T04:00:58+00:00,0.2985
92230933527175957699173261837562970961226561473212829507303559647834156802557,1775797258,2026-04-10T05:00:58+00:00,0.299
92230933527175957699173261837562970961226561473212829507303559647834156802557,1775800820,2026-04-10T06:00:20+00:00,0.3095
92230933527175957699173261837562970961226561473212829507303559647834156802557,1775804452,2026-04-10T07:00:52+00:00,0.3105
92230933527175957699173261837562970961226561473212829507303559647834156802557,1775818851,2026-04-10T11:00:51+00:00,0.2825
92230933527175957699173261837562970961226561473212829507303559647834156802557,1775833200,2026-04-10T15:00:00+00:00,0.271
92230933527175957699173261837562970961226561473212829507303559647834156802557,1775840416,2026-04-10T17:00:16+00:00,0.2845
92230933527175957699173261837562970961226561473212829507303559647834156802557,1775869255,2026-04-11T01:00:55+00:00,0.299
92230933527175957699173261837562970961226561473212829507303559647834156802557,1775890852,2026-04-11T07:00:52+00:00,0.297
92230933527175957699173261837562970961226561473212829507303559647834156802557,1775894450,2026-04-11T08:00:50+00:00,0.291
92230933527175957699173261837562970961226561473212829507303559647834156802557,1775901618,2026-04-11T10:00:18+00:00,0.2945
92230933527175957699173261837562970961226561473212829507303559647834156802557,1775905252,2026-04-11T11:00:52+00:00,0.2985
92230933527175957699173261837562970961226561473212829507303559647834156802557,1775912459,2026-04-11T13:00:59+00:00,0.279
92230933527175957699173261837562970961226561473212829507303559647834156802557,1775916059,2026-04-11T14:00:59+00:00,0.2845
92230933527175957699173261837562970961226561473212829507303559647834156802557,1775923257,2026-04-11T16:00:57+00:00,0.2835
92230933527175957699173261837562970961226561473212829507303559647834156802557,1775955652,2026-04-12T01:00:52+00:00,0.2875
92230933527175957699173261837562970961226561473212829507303559647834156802557,1775959256,2026-04-12T02:00:56+00:00,0.29
92230933527175957699173261837562970961226561473212829507303559647834156802557,1775962858,2026-04-12T03:00:58+00:00,0.292
92230933527175957699173261837562970961226561473212829507303559647834156802557,1775966456,2026-04-12T04:00:56+00:00,0.2935
92230933527175957699173261837562970961226561473212829507303559647834156802557,1775970058,2026-04-12T05:00:58+00:00,0.2925
92230933527175957699173261837562970961226561473212829507303559647834156802557,1775977252,2026-04-12T07:00:52+00:00,0.286
92230933527175957699173261837562970961226561473212829507303559647834156802557,1775980857,2026-04-12T08:00:57+00:00,0.294
92230933527175957699173261837562970961226561473212829507303559647834156802557,1775988059,2026-04-12T10:00:59+00:00,0.2875
92230933527175957699173261837562970961226561473212829507303559647834156802557,1775991652,2026-04-12T11:00:52+00:00,0.2895
92230933527175957699173261837562970961226561473212829507303559647834156802557,1776042052,2026-04-13T01:00:52+00:00,0.2735
92230933527175957699173261837562970961226561473212829507303559647834156802557,1776049255,2026-04-13T03:00:55+00:00,0.27
92230933527175957699173261837562970961226561473212829507303559647834156802557,1776052845,2026-04-13T04:00:45+00:00,0.2705
92230933527175957699173261837562970961226561473212829507303559647834156802557,1776056459,2026-04-13T05:00:59+00:00,0.2715
92230933527175957699173261837562970961226561473212829507303559647834156802557,1776063654,2026-04-13T07:00:54+00:00,0.2815
92230933527175957699173261837562970961226561473212829507303559647834156802557,1776067253,2026-04-13T08:00:53+00:00,0.276
92230933527175957699173261837562970961226561473212829507303559647834156802557,1776074459,2026-04-13T10:00:59+00:00,0.276
92230933527175957699173261837562970961226561473212829507303559647834156802557,1776078059,2026-04-13T11:00:59+00:00,0.277
92230933527175957699173261837562970961226561473212829507303559647834156802557,1776085259,2026-04-13T13:00:59+00:00,0.2505
92230933527175957699173261837562970961226561473212829507303559647834156802557,1776128451,2026-04-14T01:00:51+00:00,0.2945
92230933527175957699173261837562970961226561473212829507303559647834156802557,1776153651,2026-04-14T08:00:51+00:00,0.285
92230933527175957699173261837562970961226561473212829507303559647834156802557,1776160849,2026-04-14T10:00:49+00:00,0.2935
92230933527175957699173261837562970961226561473212829507303559647834156802557,1776214850,2026-04-15T01:00:50+00:00,0.279
92230933527175957699173261837562970961226561473212829507303559647834156802557,1776225654,2026-04-15T04:00:54+00:00,0.2875
92230933527175957699173261837562970961226561473212829507303559647834156802557,1776250855,2026-04-15T11:00:55+00:00,0.2905
92230933527175957699173261837562970961226561473212829507303559647834156802557,1776261655,2026-04-15T14:00:55+00:00,0.277
92230933527175957699173261837562970961226561473212829507303559647834156802557,1776286826,2026-04-15T21:00:26+00:00,0.285
92230933527175957699173261837562970961226561473212829507303559647834156802557,1776290455,2026-04-15T22:00:55+00:00,0.285
92230933527175957699173261837562970961226561473212829507303559647834156802557,1776294057,2026-04-15T23:00:57+00:00,0.2805
92230933527175957699173261837562970961226561473212829507303559647834156802557,1776301250,2026-04-16T01:00:50+00:00,0.2855
92230933527175957699173261837562970961226561473212829507303559647834156802557,1776312058,2026-04-16T04:00:58+00:00,0.2855
92230933527175957699173261837562970961226561473212829507303559647834156802557,1776315657,2026-04-16T05:00:57+00:00,0.286
92230933527175957699173261837562970961226561473212829507303559647834156802557,1776322857,2026-04-16T07:00:57+00:00,0.281
92230933527175957699173261837562970961226561473212829507303559647834156802557,1776326459,2026-04-16T08:00:59+00:00,0.213
92230933527175957699173261837562970961226561473212829507303559647834156802557,1776337251,2026-04-16T11:00:51+00:00,0.183
92230933527175957699173261837562970961226561473212829507303559647834156802557,1776362458,2026-04-16T18:00:58+00:00,0.206
92230933527175957699173261837562970961226561473212829507303559647834156802557,1776387655,2026-04-17T01:00:55+00:00,0.21
92230933527175957699173261837562970961226561473212829507303559647834156802557,1776391259,2026-04-17T02:00:59+00:00,0.216
92230933527175957699173261837562970961226561473212829507303559647834156802557,1776398451,2026-04-17T04:00:51+00:00,0.209
92230933527175957699173261837562970961226561473212829507303559647834156802557,1776402053,2026-04-17T05:00:53+00:00,0.2135
92230933527175957699173261837562970961226561473212829507303559647834156802557,1776409256,2026-04-17T07:00:56+00:00,0.2155
92230933527175957699173261837562970961226561473212829507303559647834156802557,1776412801,2026-04-17T08:00:01+00:00,0.212
92230933527175957699173261837562970961226561473212829507303559647834156802557,1776423654,2026-04-17T11:00:54+00:00,0.199
92230933527175957699173261837562970961226561473212829507303559647834156802557,1776438033,2026-04-17T15:00:33+00:00,0.192
92230933527175957699173261837562970961226561473212829507303559647834156802557,1776445217,2026-04-17T17:00:17+00:00,0.1915
92230933527175957699173261837562970961226561473212829507303559647834156802557,1776448838,2026-04-17T18:00:38+00:00,0.192
92230933527175957699173261837562970961226561473212829507303559647834156802557,1776452407,2026-04-17T19:00:07+00:00,0.194
92230933527175957699173261837562970961226561473212829507303559647834156802557,1776456014,2026-04-17T20:00:14+00:00,0.193
92230933527175957699173261837562970961226561473212829507303559647834156802557,1776470421,2026-04-18T00:00:21+00:00,0.193
92230933527175957699173261837562970961226561473212829507303559647834156802557,1776495655,2026-04-18T07:00:55+00:00,0.1905
92230933527175957699173261837562970961226561473212829507303559647834156802557,1776499258,2026-04-18T08:00:58+00:00,0.191
92230933527175957699173261837562970961226561473212829507303559647834156802557,1776506459,2026-04-18T10:00:59+00:00,0.1905
92230933527175957699173261837562970961226561473212829507303559647834156802557,1776510014,2026-04-18T11:00:14+00:00,0.191
92230933527175957699173261837562970961226561473212829507303559647834156802557,1776524435,2026-04-18T15:00:35+00:00,0.173
92230933527175957699173261837562970961226561473212829507303559647834156802557,1776535212,2026-04-18T18:00:12+00:00,0.1745
92230933527175957699173261837562970961226561473212829507303559647834156802557,1776560458,2026-04-19T01:00:58+00:00,0.233
92230933527175957699173261837562970961226561473212829507303559647834156802557,1776574855,2026-04-19T05:00:55+00:00,0.233
92230933527175957699173261837562970961226561473212829507303559647834156802557,1776582050,2026-04-19T07:00:50+00:00,0.2345
92230933527175957699173261837562970961226561473212829507303559647834156802557,1776614422,2026-04-19T16:00:22+00:00,0.139
92230933527175957699173261837562970961226561473212829507303559647834156802557,1776659862,2026-04-20T04:37:42+00:00,0.1045
108548893345759572446077602443398325305734327289834850738242401844282632332811,1773982835,2026-03-20T05:00:35+00:00,0.095
108548893345759572446077602443398325305734327289834850738242401844282632332811,1773986446,2026-03-20T06:00:46+00:00,0.095
108548893345759572446077602443398325305734327289834850738242401844282632332811,1773990035,2026-03-20T07:00:35+00:00,0.09
108548893345759572446077602443398325305734327289834850738242401844282632332811,1773993634,2026-03-20T08:00:34+00:00,0.09
108548893345759572446077602443398325305734327289834850738242401844282632332811,1773997238,2026-03-20T09:00:38+00:00,0.09
108548893345759572446077602443398325305734327289834850738242401844282632332811,1774000855,2026-03-20T10:00:55+00:00,0.09
108548893345759572446077602443398325305734327289834850738242401844282632332811,1774004431,2026-03-20T11:00:31+00:00,0.09
108548893345759572446077602443398325305734327289834850738242401844282632332811,1774008038,2026-03-20T12:00:38+00:00,0.095
108548893345759572446077602443398325305734327289834850738242401844282632332811,1774011631,2026-03-20T13:00:31+00:00,0.095
108548893345759572446077602443398325305734327289834850738242401844282632332811,1774015238,2026-03-20T14:00:38+00:00,0.095
108548893345759572446077602443398325305734327289834850738242401844282632332811,1774018839,2026-03-20T15:00:39+00:00,0.095
108548893345759572446077602443398325305734327289834850738242401844282632332811,1774022432,2026-03-20T16:00:32+00:00,0.095
108548893345759572446077602443398325305734327289834850738242401844282632332811,1774026033,2026-03-20T17:00:33+00:00,0.095
108548893345759572446077602443398325305734327289834850738242401844282632332811,1774029643,2026-03-20T18:00:43+00:00,0.095
108548893345759572446077602443398325305734327289834850738242401844282632332811,1774033234,2026-03-20T19:00:34+00:00,0.095
108548893345759572446077602443398325305734327289834850738242401844282632332811,1774036835,2026-03-20T20:00:35+00:00,0.095
108548893345759572446077602443398325305734327289834850738242401844282632332811,1774040447,2026-03-20T21:00:47+00:00,0.095
108548893345759572446077602443398325305734327289834850738242401844282632332811,1774044041,2026-03-20T22:00:41+00:00,0.095
108548893345759572446077602443398325305734327289834850738242401844282632332811,1774047638,2026-03-20T23:00:38+00:00,0.095
108548893345759572446077602443398325305734327289834850738242401844282632332811,1774051241,2026-03-21T00:00:41+00:00,0.095
108548893345759572446077602443398325305734327289834850738242401844282632332811,1774054839,2026-03-21T01:00:39+00:00,0.095
108548893345759572446077602443398325305734327289834850738242401844282632332811,1774058449,2026-03-21T02:00:49+00:00,0.095
108548893345759572446077602443398325305734327289834850738242401844282632332811,1774062033,2026-03-21T03:00:33+00:00,0.095
108548893345759572446077602443398325305734327289834850738242401844282632332811,1774065635,2026-03-21T04:00:35+00:00,0.095
108548893345759572446077602443398325305734327289834850738242401844282632332811,1774069233,2026-03-21T05:00:33+00:00,0.095
108548893345759572446077602443398325305734327289834850738242401844282632332811,1774072837,2026-03-21T06:00:37+00:00,0.095
108548893345759572446077602443398325305734327289834850738242401844282632332811,1774076434,2026-03-21T07:00:34+00:00,0.11
108548893345759572446077602443398325305734327289834850738242401844282632332811,1774080032,2026-03-21T08:00:32+00:00,0.11
108548893345759572446077602443398325305734327289834850738242401844282632332811,1774083632,2026-03-21T09:00:32+00:00,0.115
108548893345759572446077602443398325305734327289834850738242401844282632332811,1774087229,2026-03-21T10:00:29+00:00,0.115
108548893345759572446077602443398325305734327289834850738242401844282632332811,1774090836,2026-03-21T11:00:36+00:00,0.115
108548893345759572446077602443398325305734327289834850738242401844282632332811,1774094434,2026-03-21T12:00:34+00:00,0.115
108548893345759572446077602443398325305734327289834850738242401844282632332811,1774098037,2026-03-21T13:00:37+00:00,0.115
108548893345759572446077602443398325305734327289834850738242401844282632332811,1774101639,2026-03-21T14:00:39+00:00,0.115
108548893345759572446077602443398325305734327289834850738242401844282632332811,1774105243,2026-03-21T15:00:43+00:00,0.115
108548893345759572446077602443398325305734327289834850738242401844282632332811,1774108851,2026-03-21T16:00:51+00:00,0.115
108548893345759572446077602443398325305734327289834850738242401844282632332811,1774112447,2026-03-21T17:00:47+00:00,0.115
108548893345759572446077602443398325305734327289834850738242401844282632332811,1774116038,2026-03-21T18:00:38+00:00,0.115
108548893345759572446077602443398325305734327289834850738242401844282632332811,1774119635,2026-03-21T19:00:35+00:00,0.115
108548893345759572446077602443398325305734327289834850738242401844282632332811,1774123232,2026-03-21T20:00:32+00:00,0.115
108548893345759572446077602443398325305734327289834850738242401844282632332811,1774126836,2026-03-21T21:00:36+00:00,0.115
108548893345759572446077602443398325305734327289834850738242401844282632332811,1774130436,2026-03-21T22:00:36+00:00,0.115
108548893345759572446077602443398325305734327289834850738242401844282632332811,1774134032,2026-03-21T23:00:32+00:00,0.115
108548893345759572446077602443398325305734327289834850738242401844282632332811,1774137639,2026-03-22T00:00:39+00:00,0.115
108548893345759572446077602443398325305734327289834850738242401844282632332811,1774141233,2026-03-22T01:00:33+00:00,0.115
108548893345759572446077602443398325305734327289834850738242401844282632332811,1774144827,2026-03-22T02:00:27+00:00,0.115
108548893345759572446077602443398325305734327289834850738242401844282632332811,1774148429,2026-03-22T03:00:29+00:00,0.115
108548893345759572446077602443398325305734327289834850738242401844282632332811,1774152028,2026-03-22T04:00:28+00:00,0.115
108548893345759572446077602443398325305734327289834850738242401844282632332811,1774155631,2026-03-22T05:00:31+00:00,0.105
108548893345759572446077602443398325305734327289834850738242401844282632332811,1774159231,2026-03-22T06:00:31+00:00,0.105
108548893345759572446077602443398325305734327289834850738242401844282632332811,1774162826,2026-03-22T07:00:26+00:00,0.105
108548893345759572446077602443398325305734327289834850738242401844282632332811,1774166428,2026-03-22T08:00:28+00:00,0.105
108548893345759572446077602443398325305734327289834850738242401844282632332811,1774170028,2026-03-22T09:00:28+00:00,0.105
108548893345759572446077602443398325305734327289834850738242401844282632332811,1774173628,2026-03-22T10:00:28+00:00,0.105
108548893345759572446077602443398325305734327289834850738242401844282632332811,1774177226,2026-03-22T11:00:26+00:00,0.105
108548893345759572446077602443398325305734327289834850738242401844282632332811,1774180845,2026-03-22T12:00:45+00:00,0.105
108548893345759572446077602443398325305734327289834850738242401844282632332811,1774184438,2026-03-22T13:00:38+00:00,0.105
108548893345759572446077602443398325305734327289834850738242401844282632332811,1774188028,2026-03-22T14:00:28+00:00,0.105
108548893345759572446077602443398325305734327289834850738242401844282632332811,1774191628,2026-03-22T15:00:28+00:00,0.105
108548893345759572446077602443398325305734327289834850738242401844282632332811,1774195230,2026-03-22T16:00:30+00:00,0.105
108548893345759572446077602443398325305734327289834850738242401844282632332811,1774198854,2026-03-22T17:00:54+00:00,0.105
108548893345759572446077602443398325305734327289834850738242401844282632332811,1774202431,2026-03-22T18:00:31+00:00,0.105
108548893345759572446077602443398325305734327289834850738242401844282632332811,1774206030,2026-03-22T19:00:30+00:00,0.105
108548893345759572446077602443398325305734327289834850738242401844282632332811,1774209628,2026-03-22T20:00:28+00:00,0.105
108548893345759572446077602443398325305734327289834850738242401844282632332811,1774213230,2026-03-22T21:00:30+00:00,0.105
108548893345759572446077602443398325305734327289834850738242401844282632332811,1774216829,2026-03-22T22:00:29+00:00,0.105
108548893345759572446077602443398325305734327289834850738242401844282632332811,1774220432,2026-03-22T23:00:32+00:00,0.105
108548893345759572446077602443398325305734327289834850738242401844282632332811,1774224033,2026-03-23T00:00:33+00:00,0.105
108548893345759572446077602443398325305734327289834850738242401844282632332811,1774227628,2026-03-23T01:00:28+00:00,0.105
108548893345759572446077602443398325305734327289834850738242401844282632332811,1774231230,2026-03-23T02:00:30+00:00,0.105
108548893345759572446077602443398325305734327289834850738242401844282632332811,1774234834,2026-03-23T03:00:34+00:00,0.105
108548893345759572446077602443398325305734327289834850738242401844282632332811,1774238426,2026-03-23T04:00:26+00:00,0.105
108548893345759572446077602443398325305734327289834850738242401844282632332811,1774242033,2026-03-23T05:00:33+00:00,0.105
108548893345759572446077602443398325305734327289834850738242401844282632332811,1774245634,2026-03-23T06:00:34+00:00,0.105
108548893345759572446077602443398325305734327289834850738242401844282632332811,1774249230,2026-03-23T07:00:30+00:00,0.105
108548893345759572446077602443398325305734327289834850738242401844282632332811,1774252834,2026-03-23T08:00:34+00:00,0.105
108548893345759572446077602443398325305734327289834850738242401844282632332811,1774256442,2026-03-23T09:00:42+00:00,0.105
108548893345759572446077602443398325305734327289834850738242401844282632332811,1774260028,2026-03-23T10:00:28+00:00,0.105
108548893345759572446077602443398325305734327289834850738242401844282632332811,1774263626,2026-03-23T11:00:26+00:00,0.105
108548893345759572446077602443398325305734327289834850738242401844282632332811,1774267231,2026-03-23T12:00:31+00:00,0.105
108548893345759572446077602443398325305734327289834850738242401844282632332811,1774270833,2026-03-23T13:00:33+00:00,0.105
108548893345759572446077602443398325305734327289834850738242401844282632332811,1774274428,2026-03-23T14:00:28+00:00,0.105
108548893345759572446077602443398325305734327289834850738242401844282632332811,1774278026,2026-03-23T15:00:26+00:00,0.105
108548893345759572446077602443398325305734327289834850738242401844282632332811,1774281627,2026-03-23T16:00:27+00:00,0.105
108548893345759572446077602443398325305734327289834850738242401844282632332811,1774285239,2026-03-23T17:00:39+00:00,0.105
108548893345759572446077602443398325305734327289834850738242401844282632332811,1774288827,2026-03-23T18:00:27+00:00,0.105
108548893345759572446077602443398325305734327289834850738242401844282632332811,1774292444,2026-03-23T19:00:44+00:00,0.105
108548893345759572446077602443398325305734327289834850738242401844282632332811,1774296028,2026-03-23T20:00:28+00:00,0.105
108548893345759572446077602443398325305734327289834850738242401844282632332811,1774299631,2026-03-23T21:00:31+00:00,0.105
108548893345759572446077602443398325305734327289834850738242401844282632332811,1774303229,2026-03-23T22:00:29+00:00,0.105
108548893345759572446077602443398325305734327289834850738242401844282632332811,1774306828,2026-03-23T23:00:28+00:00,0.105
108548893345759572446077602443398325305734327289834850738242401844282632332811,1774310429,2026-03-24T00:00:29+00:00,0.105
108548893345759572446077602443398325305734327289834850738242401844282632332811,1774314025,2026-03-24T01:00:25+00:00,0.105
108548893345759572446077602443398325305734327289834850738242401844282632332811,1774317628,2026-03-24T02:00:28+00:00,0.105
108548893345759572446077602443398325305734327289834850738242401844282632332811,1774321228,2026-03-24T03:00:28+00:00,0.105
108548893345759572446077602443398325305734327289834850738242401844282632332811,1774324829,2026-03-24T04:00:29+00:00,0.105
108548893345759572446077602443398325305734327289834850738242401844282632332811,1774328429,2026-03-24T05:00:29+00:00,0.105
108548893345759572446077602443398325305734327289834850738242401844282632332811,1774332032,2026-03-24T06:00:32+00:00,0.105
108548893345759572446077602443398325305734327289834850738242401844282632332811,1774335626,2026-03-24T07:00:26+00:00,0.105
108548893345759572446077602443398325305734327289834850738242401844282632332811,1774339226,2026-03-24T08:00:26+00:00,0.105
108548893345759572446077602443398325305734327289834850738242401844282632332811,1774342829,2026-03-24T09:00:29+00:00,0.105
108548893345759572446077602443398325305734327289834850738242401844282632332811,1774346425,2026-03-24T10:00:25+00:00,0.125
108548893345759572446077602443398325305734327289834850738242401844282632332811,1774350049,2026-03-24T11:00:49+00:00,0.125
108548893345759572446077602443398325305734327289834850738242401844282632332811,1774353635,2026-03-24T12:00:35+00:00,0.125
108548893345759572446077602443398325305734327289834850738242401844282632332811,1774357237,2026-03-24T13:00:37+00:00,0.125
108548893345759572446077602443398325305734327289834850738242401844282632332811,1774360826,2026-03-24T14:00:26+00:00,0.12
108548893345759572446077602443398325305734327289834850738242401844282632332811,1774364427,2026-03-24T15:00:27+00:00,0.12
108548893345759572446077602443398325305734327289834850738242401844282632332811,1774368025,2026-03-24T16:00:25+00:00,0.12
108548893345759572446077602443398325305734327289834850738242401844282632332811,1774371626,2026-03-24T17:00:26+00:00,0.12
108548893345759572446077602443398325305734327289834850738242401844282632332811,1774375230,2026-03-24T18:00:30+00:00,0.12
108548893345759572446077602443398325305734327289834850738242401844282632332811,1774378826,2026-03-24T19:00:26+00:00,0.12
108548893345759572446077602443398325305734327289834850738242401844282632332811,1774382428,2026-03-24T20:00:28+00:00,0.12
108548893345759572446077602443398325305734327289834850738242401844282632332811,1774386030,2026-03-24T21:00:30+00:00,0.12
108548893345759572446077602443398325305734327289834850738242401844282632332811,1774389623,2026-03-24T22:00:23+00:00,0.11
108548893345759572446077602443398325305734327289834850738242401844282632332811,1774393227,2026-03-24T23:00:27+00:00,0.12
108548893345759572446077602443398325305734327289834850738242401844282632332811,1774396830,2026-03-25T00:00:30+00:00,0.11
108548893345759572446077602443398325305734327289834850738242401844282632332811,1774400425,2026-03-25T01:00:25+00:00,0.11
108548893345759572446077602443398325305734327289834850738242401844282632332811,1774404027,2026-03-25T02:00:27+00:00,0.11
108548893345759572446077602443398325305734327289834850738242401844282632332811,1774407625,2026-03-25T03:00:25+00:00,0.11
108548893345759572446077602443398325305734327289834850738242401844282632332811,1774411229,2026-03-25T04:00:29+00:00,0.105
108548893345759572446077602443398325305734327289834850738242401844282632332811,1774414828,2026-03-25T05:00:28+00:00,0.105
108548893345759572446077602443398325305734327289834850738242401844282632332811,1774418428,2026-03-25T06:00:28+00:00,0.105
108548893345759572446077602443398325305734327289834850738242401844282632332811,1774422025,2026-03-25T07:00:25+00:00,0.105
108548893345759572446077602443398325305734327289834850738242401844282632332811,1774425625,2026-03-25T08:00:25+00:00,0.105
108548893345759572446077602443398325305734327289834850738242401844282632332811,1774429228,2026-03-25T09:00:28+00:00,0.105
108548893345759572446077602443398325305734327289834850738242401844282632332811,1774432828,2026-03-25T10:00:28+00:00,0.105
108548893345759572446077602443398325305734327289834850738242401844282632332811,1774436430,2026-03-25T11:00:30+00:00,0.105
108548893345759572446077602443398325305734327289834850738242401844282632332811,1774440032,2026-03-25T12:00:32+00:00,0.105
108548893345759572446077602443398325305734327289834850738242401844282632332811,1774443629,2026-03-25T13:00:29+00:00,0.11
108548893345759572446077602443398325305734327289834850738242401844282632332811,1774447239,2026-03-25T14:00:39+00:00,0.11
108548893345759572446077602443398325305734327289834850738242401844282632332811,1774450830,2026-03-25T15:00:30+00:00,0.11
108548893345759572446077602443398325305734327289834850738242401844282632332811,1774454430,2026-03-25T16:00:30+00:00,0.11
108548893345759572446077602443398325305734327289834850738242401844282632332811,1774458027,2026-03-25T17:00:27+00:00,0.11
108548893345759572446077602443398325305734327289834850738242401844282632332811,1774461629,2026-03-25T18:00:29+00:00,0.11
108548893345759572446077602443398325305734327289834850738242401844282632332811,1774465229,2026-03-25T19:00:29+00:00,0.11
108548893345759572446077602443398325305734327289834850738242401844282632332811,1774468830,2026-03-25T20:00:30+00:00,0.11
108548893345759572446077602443398325305734327289834850738242401844282632332811,1774472427,2026-03-25T21:00:27+00:00,0.11
108548893345759572446077602443398325305734327289834850738242401844282632332811,1774476026,2026-03-25T22:00:26+00:00,0.11
108548893345759572446077602443398325305734327289834850738242401844282632332811,1774479625,2026-03-25T23:00:25+00:00,0.11
108548893345759572446077602443398325305734327289834850738242401844282632332811,1774483234,2026-03-26T00:00:34+00:00,0.11
108548893345759572446077602443398325305734327289834850738242401844282632332811,1774486827,2026-03-26T01:00:27+00:00,0.11
108548893345759572446077602443398325305734327289834850738242401844282632332811,1774490428,2026-03-26T02:00:28+00:00,0.11
108548893345759572446077602443398325305734327289834850738242401844282632332811,1774494031,2026-03-26T03:00:31+00:00,0.11
108548893345759572446077602443398325305734327289834850738242401844282632332811,1774497629,2026-03-26T04:00:29+00:00,0.11
108548893345759572446077602443398325305734327289834850738242401844282632332811,1774501225,2026-03-26T05:00:25+00:00,0.11
108548893345759572446077602443398325305734327289834850738242401844282632332811,1774504830,2026-03-26T06:00:30+00:00,0.11
108548893345759572446077602443398325305734327289834850738242401844282632332811,1774508439,2026-03-26T07:00:39+00:00,0.11
108548893345759572446077602443398325305734327289834850738242401844282632332811,1774512026,2026-03-26T08:00:26+00:00,0.11
108548893345759572446077602443398325305734327289834850738242401844282632332811,1774515626,2026-03-26T09:00:26+00:00,0.11
108548893345759572446077602443398325305734327289834850738242401844282632332811,1774519229,2026-03-26T10:00:29+00:00,0.11
108548893345759572446077602443398325305734327289834850738242401844282632332811,1774522824,2026-03-26T11:00:24+00:00,0.11
108548893345759572446077602443398325305734327289834850738242401844282632332811,1774526443,2026-03-26T12:00:43+00:00,0.11
108548893345759572446077602443398325305734327289834850738242401844282632332811,1774530031,2026-03-26T13:00:31+00:00,0.11
108548893345759572446077602443398325305734327289834850738242401844282632332811,1774533629,2026-03-26T14:00:29+00:00,0.11
108548893345759572446077602443398325305734327289834850738242401844282632332811,1774537228,2026-03-26T15:00:28+00:00,0.11
108548893345759572446077602443398325305734327289834850738242401844282632332811,1774540827,2026-03-26T16:00:27+00:00,0.11
108548893345759572446077602443398325305734327289834850738242401844282632332811,1774544442,2026-03-26T17:00:42+00:00,0.11
108548893345759572446077602443398325305734327289834850738242401844282632332811,1774548028,2026-03-26T18:00:28+00:00,0.11
108548893345759572446077602443398325305734327289834850738242401844282632332811,1774551639,2026-03-26T19:00:39+00:00,0.11
108548893345759572446077602443398325305734327289834850738242401844282632332811,1774555236,2026-03-26T20:00:36+00:00,0.11
108548893345759572446077602443398325305734327289834850738242401844282632332811,1774558840,2026-03-26T21:00:40+00:00,0.11
108548893345759572446077602443398325305734327289834850738242401844282632332811,1774562436,2026-03-26T22:00:36+00:00,0.11
108548893345759572446077602443398325305734327289834850738242401844282632332811,1774566033,2026-03-26T23:00:33+00:00,0.11
108548893345759572446077602443398325305734327289834850738242401844282632332811,1774569647,2026-03-27T00:00:47+00:00,0.11
108548893345759572446077602443398325305734327289834850738242401844282632332811,1774573239,2026-03-27T01:00:39+00:00,0.11
108548893345759572446077602443398325305734327289834850738242401844282632332811,1774576841,2026-03-27T02:00:41+00:00,0.11
108548893345759572446077602443398325305734327289834850738242401844282632332811,1774580445,2026-03-27T03:00:45+00:00,0.11
108548893345759572446077602443398325305734327289834850738242401844282632332811,1774584036,2026-03-27T04:00:36+00:00,0.11
108548893345759572446077602443398325305734327289834850738242401844282632332811,1774587638,2026-03-27T05:00:38+00:00,0.11
108548893345759572446077602443398325305734327289834850738242401844282632332811,1774591243,2026-03-27T06:00:43+00:00,0.11
108548893345759572446077602443398325305734327289834850738242401844282632332811,1774594836,2026-03-27T07:00:36+00:00,0.11
108548893345759572446077602443398325305734327289834850738242401844282632332811,1774598433,2026-03-27T08:00:33+00:00,0.11
108548893345759572446077602443398325305734327289834850738242401844282632332811,1774602040,2026-03-27T09:00:40+00:00,0.11
108548893345759572446077602443398325305734327289834850738242401844282632332811,1774605633,2026-03-27T10:00:33+00:00,0.11
108548893345759572446077602443398325305734327289834850738242401844282632332811,1774609237,2026-03-27T11:00:37+00:00,0.11
108548893345759572446077602443398325305734327289834850738242401844282632332811,1774612845,2026-03-27T12:00:45+00:00,0.11
108548893345759572446077602443398325305734327289834850738242401844282632332811,1774616443,2026-03-27T13:00:43+00:00,0.11
108548893345759572446077602443398325305734327289834850738242401844282632332811,1774620039,2026-03-27T14:00:39+00:00,0.11
108548893345759572446077602443398325305734327289834850738242401844282632332811,1774623642,2026-03-27T15:00:42+00:00,0.11
108548893345759572446077602443398325305734327289834850738242401844282632332811,1774627238,2026-03-27T16:00:38+00:00,0.11
108548893345759572446077602443398325305734327289834850738242401844282632332811,1774630851,2026-03-27T17:00:51+00:00,0.11
108548893345759572446077602443398325305734327289834850738242401844282632332811,1774634449,2026-03-27T18:00:49+00:00,0.11
108548893345759572446077602443398325305734327289834850738242401844282632332811,1774638039,2026-03-27T19:00:39+00:00,0.11
108548893345759572446077602443398325305734327289834850738242401844282632332811,1774641648,2026-03-27T20:00:48+00:00,0.11
108548893345759572446077602443398325305734327289834850738242401844282632332811,1774645248,2026-03-27T21:00:48+00:00,0.11
108548893345759572446077602443398325305734327289834850738242401844282632332811,1774648838,2026-03-27T22:00:38+00:00,0.11
108548893345759572446077602443398325305734327289834850738242401844282632332811,1774652452,2026-03-27T23:00:52+00:00,0.11
108548893345759572446077602443398325305734327289834850738242401844282632332811,1774656050,2026-03-28T00:00:50+00:00,0.11
108548893345759572446077602443398325305734327289834850738242401844282632332811,1774659640,2026-03-28T01:00:40+00:00,0.11
108548893345759572446077602443398325305734327289834850738242401844282632332811,1774663239,2026-03-28T02:00:39+00:00,0.11
108548893345759572446077602443398325305734327289834850738242401844282632332811,1774666844,2026-03-28T03:00:44+00:00,0.11
108548893345759572446077602443398325305734327289834850738242401844282632332811,1774670439,2026-03-28T04:00:39+00:00,0.11
108548893345759572446077602443398325305734327289834850738242401844282632332811,1774674036,2026-03-28T05:00:36+00:00,0.105
108548893345759572446077602443398325305734327289834850738242401844282632332811,1774677648,2026-03-28T06:00:48+00:00,0.105
108548893345759572446077602443398325305734327289834850738242401844282632332811,1774681238,2026-03-28T07:00:38+00:00,0.105
108548893345759572446077602443398325305734327289834850738242401844282632332811,1774684842,2026-03-28T08:00:42+00:00,0.105
108548893345759572446077602443398325305734327289834850738242401844282632332811,1774688448,2026-03-28T09:00:48+00:00,0.105
108548893345759572446077602443398325305734327289834850738242401844282632332811,1774692046,2026-03-28T10:00:46+00:00,0.105
108548893345759572446077602443398325305734327289834850738242401844282632332811,1774695650,2026-03-28T11:00:50+00:00,0.105
108548893345759572446077602443398325305734327289834850738242401844282632332811,1774699250,2026-03-28T12:00:50+00:00,0.105
108548893345759572446077602443398325305734327289834850738242401844282632332811,1774702853,2026-03-28T13:00:53+00:00,0.105
108548893345759572446077602443398325305734327289834850738242401844282632332811,1774706451,2026-03-28T14:00:51+00:00,0.105
108548893345759572446077602443398325305734327289834850738242401844282632332811,1774710056,2026-03-28T15:00:56+00:00,0.105
108548893345759572446077602443398325305734327289834850738242401844282632332811,1774713642,2026-03-28T16:00:42+00:00,0.105
108548893345759572446077602443398325305734327289834850738242401844282632332811,1774717259,2026-03-28T17:00:59+00:00,0.105
108548893345759572446077602443398325305734327289834850738242401844282632332811,1774720859,2026-03-28T18:00:59+00:00,0.105
108548893345759572446077602443398325305734327289834850738242401844282632332811,1774724443,2026-03-28T19:00:43+00:00,0.105
108548893345759572446077602443398325305734327289834850738242401844282632332811,1774728042,2026-03-28T20:00:42+00:00,0.105
108548893345759572446077602443398325305734327289834850738242401844282632332811,1774731650,2026-03-28T21:00:50+00:00,0.105
108548893345759572446077602443398325305734327289834850738242401844282632332811,1774735245,2026-03-28T22:00:45+00:00,0.105
108548893345759572446077602443398325305734327289834850738242401844282632332811,1774738846,2026-03-28T23:00:46+00:00,0.105
108548893345759572446077602443398325305734327289834850738242401844282632332811,1774742455,2026-03-29T00:00:55+00:00,0.105
108548893345759572446077602443398325305734327289834850738242401844282632332811,1774746052,2026-03-29T01:00:52+00:00,0.1
108548893345759572446077602443398325305734327289834850738242401844282632332811,1774749650,2026-03-29T02:00:50+00:00,0.1
108548893345759572446077602443398325305734327289834850738242401844282632332811,1774753249,2026-03-29T03:00:49+00:00,0.1
108548893345759572446077602443398325305734327289834850738242401844282632332811,1774756844,2026-03-29T04:00:44+00:00,0.1
108548893345759572446077602443398325305734327289834850738242401844282632332811,1774760450,2026-03-29T05:00:50+00:00,0.105
108548893345759572446077602443398325305734327289834850738242401844282632332811,1774767647,2026-03-29T07:00:47+00:00,0.105
108548893345759572446077602443398325305734327289834850738242401844282632332811,1774771248,2026-03-29T08:00:48+00:00,0.105
108548893345759572446077602443398325305734327289834850738242401844282632332811,1774774856,2026-03-29T09:00:56+00:00,0.1
108548893345759572446077602443398325305734327289834850738242401844282632332811,1774778452,2026-03-29T10:00:52+00:00,0.1
108548893345759572446077602443398325305734327289834850738242401844282632332811,1774782050,2026-03-29T11:00:50+00:00,0.1
108548893345759572446077602443398325305734327289834850738242401844282632332811,1774789253,2026-03-29T13:00:53+00:00,0.1
108548893345759572446077602443398325305734327289834850738242401844282632332811,1774792850,2026-03-29T14:00:50+00:00,0.1
108548893345759572446077602443398325305734327289834850738242401844282632332811,1774796456,2026-03-29T15:00:56+00:00,0.1
108548893345759572446077602443398325305734327289834850738242401844282632332811,1774800047,2026-03-29T16:00:47+00:00,0.105
108548893345759572446077602443398325305734327289834850738242401844282632332811,1774803657,2026-03-29T17:00:57+00:00,0.105
108548893345759572446077602443398325305734327289834850738242401844282632332811,1774810846,2026-03-29T19:00:46+00:00,0.1
108548893345759572446077602443398325305734327289834850738242401844282632332811,1774814447,2026-03-29T20:00:47+00:00,0.1
108548893345759572446077602443398325305734327289834850738242401844282632332811,1774818058,2026-03-29T21:00:58+00:00,0.115
108548893345759572446077602443398325305734327289834850738242401844282632332811,1774832448,2026-03-30T01:00:48+00:00,0.115
108548893345759572446077602443398325305734327289834850738242401844282632332811,1774836051,2026-03-30T02:00:51+00:00,0.115
108548893345759572446077602443398325305734327289834850738242401844282632332811,1774850456,2026-03-30T06:00:56+00:00,0.115
108548893345759572446077602443398325305734327289834850738242401844282632332811,1774857649,2026-03-30T08:00:49+00:00,0.115
108548893345759572446077602443398325305734327289834850738242401844282632332811,1774864847,2026-03-30T10:00:47+00:00,0.115
108548893345759572446077602443398325305734327289834850738242401844282632332811,1774868451,2026-03-30T11:00:51+00:00,0.115
108548893345759572446077602443398325305734327289834850738242401844282632332811,1774886453,2026-03-30T16:00:53+00:00,0.115
108548893345759572446077602443398325305734327289834850738242401844282632332811,1774904459,2026-03-30T21:00:59+00:00,0.115
108548893345759572446077602443398325305734327289834850738242401844282632332811,1774908050,2026-03-30T22:00:50+00:00,0.115
108548893345759572446077602443398325305734327289834850738242401844282632332811,1774911651,2026-03-30T23:00:51+00:00,0.115
108548893345759572446077602443398325305734327289834850738242401844282632332811,1774918853,2026-03-31T01:00:53+00:00,0.115
108548893345759572446077602443398325305734327289834850738242401844282632332811,1774929649,2026-03-31T04:00:49+00:00,0.115
108548893345759572446077602443398325305734327289834850738242401844282632332811,1774933251,2026-03-31T05:00:51+00:00,0.115
108548893345759572446077602443398325305734327289834850738242401844282632332811,1774944052,2026-03-31T08:00:52+00:00,0.115
108548893345759572446077602443398325305734327289834850738242401844282632332811,1774951255,2026-03-31T10:00:55+00:00,0.115
108548893345759572446077602443398325305734327289834850738242401844282632332811,1774962058,2026-03-31T13:00:58+00:00,0.115
108548893345759572446077602443398325305734327289834850738242401844282632332811,1774969244,2026-03-31T15:00:44+00:00,0.115
108548893345759572446077602443398325305734327289834850738242401844282632332811,1774976423,2026-03-31T17:00:23+00:00,0.115
108548893345759572446077602443398325305734327289834850738242401844282632332811,1774980056,2026-03-31T18:00:56+00:00,0.115
108548893345759572446077602443398325305734327289834850738242401844282632332811,1774998055,2026-03-31T23:00:55+00:00,0.115
108548893345759572446077602443398325305734327289834850738242401844282632332811,1775005246,2026-04-01T01:00:46+00:00,0.115
108548893345759572446077602443398325305734327289834850738242401844282632332811,1775008849,2026-04-01T02:00:49+00:00,0.115
108548893345759572446077602443398325305734327289834850738242401844282632332811,1775012454,2026-04-01T03:00:54+00:00,0.115
108548893345759572446077602443398325305734327289834850738242401844282632332811,1775019646,2026-04-01T05:00:46+00:00,0.115
108548893345759572446077602443398325305734327289834850738242401844282632332811,1775023249,2026-04-01T06:00:49+00:00,0.115
108548893345759572446077602443398325305734327289834850738242401844282632332811,1775026852,2026-04-01T07:00:52+00:00,0.115
108548893345759572446077602443398325305734327289834850738242401844282632332811,1775030453,2026-04-01T08:00:53+00:00,0.115
108548893345759572446077602443398325305734327289834850738242401844282632332811,1775034053,2026-04-01T09:00:53+00:00,0.115
108548893345759572446077602443398325305734327289834850738242401844282632332811,1775037645,2026-04-01T10:00:45+00:00,0.115
108548893345759572446077602443398325305734327289834850738242401844282632332811,1775041245,2026-04-01T11:00:45+00:00,0.115
108548893345759572446077602443398325305734327289834850738242401844282632332811,1775048446,2026-04-01T13:00:46+00:00,0.12
108548893345759572446077602443398325305734327289834850738242401844282632332811,1775052051,2026-04-01T14:00:51+00:00,0.115
108548893345759572446077602443398325305734327289834850738242401844282632332811,1775055655,2026-04-01T15:00:55+00:00,0.115
108548893345759572446077602443398325305734327289834850738242401844282632332811,1775059256,2026-04-01T16:00:56+00:00,0.115
108548893345759572446077602443398325305734327289834850738242401844282632332811,1775066454,2026-04-01T18:00:54+00:00,0.115
108548893345759572446077602443398325305734327289834850738242401844282632332811,1775077213,2026-04-01T21:00:13+00:00,0.115
108548893345759572446077602443398325305734327289834850738242401844282632332811,1775080849,2026-04-01T22:00:49+00:00,0.115
108548893345759572446077602443398325305734327289834850738242401844282632332811,1775091659,2026-04-02T01:00:59+00:00,0.115
108548893345759572446077602443398325305734327289834850738242401844282632332811,1775095250,2026-04-02T02:00:50+00:00,0.115
108548893345759572446077602443398325305734327289834850738242401844282632332811,1775102451,2026-04-02T04:00:51+00:00,0.115
108548893345759572446077602443398325305734327289834850738242401844282632332811,1775106050,2026-04-02T05:00:50+00:00,0.115
108548893345759572446077602443398325305734327289834850738242401844282632332811,1775113247,2026-04-02T07:00:47+00:00,0.115
108548893345759572446077602443398325305734327289834850738242401844282632332811,1775116847,2026-04-02T08:00:47+00:00,0.115
108548893345759572446077602443398325305734327289834850738242401844282632332811,1775120450,2026-04-02T09:00:50+00:00,0.115
108548893345759572446077602443398325305734327289834850738242401844282632332811,1775124047,2026-04-02T10:00:47+00:00,0.115
108548893345759572446077602443398325305734327289834850738242401844282632332811,1775127651,2026-04-02T11:00:51+00:00,0.115
108548893345759572446077602443398325305734327289834850738242401844282632332811,1775145603,2026-04-02T16:00:03+00:00,0.115
108548893345759572446077602443398325305734327289834850738242401844282632332811,1775149219,2026-04-02T17:00:19+00:00,0.115
108548893345759572446077602443398325305734327289834850738242401844282632332811,1775152852,2026-04-02T18:00:52+00:00,0.115
108548893345759572446077602443398325305734327289834850738242401844282632332811,1775156448,2026-04-02T19:00:48+00:00,0.115
108548893345759572446077602443398325305734327289834850738242401844282632332811,1775160050,2026-04-02T20:00:50+00:00,0.115
108548893345759572446077602443398325305734327289834850738242401844282632332811,1775167252,2026-04-02T22:00:52+00:00,0.115
108548893345759572446077602443398325305734327289834850738242401844282632332811,1775170848,2026-04-02T23:00:48+00:00,0.115
108548893345759572446077602443398325305734327289834850738242401844282632332811,1775178048,2026-04-03T01:00:48+00:00,0.115
108548893345759572446077602443398325305734327289834850738242401844282632332811,1775181652,2026-04-03T02:00:52+00:00,0.115
108548893345759572446077602443398325305734327289834850738242401844282632332811,1775188849,2026-04-03T04:00:49+00:00,0.115
108548893345759572446077602443398325305734327289834850738242401844282632332811,1775192400,2026-04-03T05:00:00+00:00,0.115
108548893345759572446077602443398325305734327289834850738242401844282632332811,1775199650,2026-04-03T07:00:50+00:00,0.115
108548893345759572446077602443398325305734327289834850738242401844282632332811,1775203250,2026-04-03T08:00:50+00:00,0.115
108548893345759572446077602443398325305734327289834850738242401844282632332811,1775206856,2026-04-03T09:00:56+00:00,0.115
108548893345759572446077602443398325305734327289834850738242401844282632332811,1775210450,2026-04-03T10:00:50+00:00,0.115
108548893345759572446077602443398325305734327289834850738242401844282632332811,1775214049,2026-04-03T11:00:49+00:00,0.115
108548893345759572446077602443398325305734327289834850738242401844282632332811,1775224856,2026-04-03T14:00:56+00:00,0.115
108548893345759572446077602443398325305734327289834850738242401844282632332811,1775232050,2026-04-03T16:00:50+00:00,0.12
108548893345759572446077602443398325305734327289834850738242401844282632332811,1775239213,2026-04-03T18:00:13+00:00,0.12
108548893345759572446077602443398325305734327289834850738242401844282632332811,1775242812,2026-04-03T19:00:12+00:00,0.12
108548893345759572446077602443398325305734327289834850738242401844282632332811,1775268056,2026-04-04T02:00:56+00:00,0.115
108548893345759572446077602443398325305734327289834850738242401844282632332811,1775271658,2026-04-04T03:00:58+00:00,0.115
108548893345759572446077602443398325305734327289834850738242401844282632332811,1775286052,2026-04-04T07:00:52+00:00,0.115
108548893345759572446077602443398325305734327289834850738242401844282632332811,1775289654,2026-04-04T08:00:54+00:00,0.115
108548893345759572446077602443398325305734327289834850738242401844282632332811,1775322002,2026-04-04T17:00:02+00:00,0.115
108548893345759572446077602443398325305734327289834850738242401844282632332811,1775361654,2026-04-05T04:00:54+00:00,0.105
108548893345759572446077602443398325305734327289834850738242401844282632332811,1775365259,2026-04-05T05:00:59+00:00,0.105
108548893345759572446077602443398325305734327289834850738242401844282632332811,1775383255,2026-04-05T10:00:55+00:00,0.115
108548893345759572446077602443398325305734327289834850738242401844282632332811,1775448054,2026-04-06T04:00:54+00:00,0.115
108548893345759572446077602443398325305734327289834850738242401844282632332811,1775451659,2026-04-06T05:00:59+00:00,0.115
108548893345759572446077602443398325305734327289834850738242401844282632332811,1775458857,2026-04-06T07:00:57+00:00,0.115
108548893345759572446077602443398325305734327289834850738242401844282632332811,1775462456,2026-04-06T08:00:56+00:00,0.11
108548893345759572446077602443398325305734327289834850738242401844282632332811,1775469654,2026-04-06T10:00:54+00:00,0.11
108548893345759572446077602443398325305734327289834850738242401844282632332811,1775473256,2026-04-06T11:00:56+00:00,0.11
108548893345759572446077602443398325305734327289834850738242401844282632332811,1775480456,2026-04-06T13:00:56+00:00,0.11
108548893345759572446077602443398325305734327289834850738242401844282632332811,1775484057,2026-04-06T14:00:57+00:00,0.11
108548893345759572446077602443398325305734327289834850738242401844282632332811,1775498434,2026-04-06T18:00:34+00:00,0.105
108548893345759572446077602443398325305734327289834850738242401844282632332811,1775505658,2026-04-06T20:00:58+00:00,0.105
108548893345759572446077602443398325305734327289834850738242401844282632332811,1775512859,2026-04-06T22:00:59+00:00,0.105
108548893345759572446077602443398325305734327289834850738242401844282632332811,1775527257,2026-04-07T02:00:57+00:00,0.095
108548893345759572446077602443398325305734327289834850738242401844282632332811,1775534453,2026-04-07T04:00:53+00:00,0.095
108548893345759572446077602443398325305734327289834850738242401844282632332811,1775570439,2026-04-07T14:00:39+00:00,0.1
108548893345759572446077602443398325305734327289834850738242401844282632332811,1775581228,2026-04-07T17:00:28+00:00,0.1
108548893345759572446077602443398325305734327289834850738242401844282632332811,1775584842,2026-04-07T18:00:42+00:00,0.1
108548893345759572446077602443398325305734327289834850738242401844282632332811,1775588449,2026-04-07T19:00:49+00:00,0.105
108548893345759572446077602443398325305734327289834850738242401844282632332811,1775613633,2026-04-08T02:00:33+00:00,0.105
108548893345759572446077602443398325305734327289834850738242401844282632332811,1775635255,2026-04-08T08:00:55+00:00,0.115
108548893345759572446077602443398325305734327289834850738242401844282632332811,1775638804,2026-04-08T09:00:04+00:00,0.115
108548893345759572446077602443398325305734327289834850738242401844282632332811,1775649641,2026-04-08T12:00:41+00:00,0.115
108548893345759572446077602443398325305734327289834850738242401844282632332811,1775653242,2026-04-08T13:00:42+00:00,0.115
108548893345759572446077602443398325305734327289834850738242401844282632332811,1775660423,2026-04-08T15:00:23+00:00,0.115
108548893345759572446077602443398325305734327289834850738242401844282632332811,1775689236,2026-04-08T23:00:36+00:00,0.14
108548893345759572446077602443398325305734327289834850738242401844282632332811,1775692830,2026-04-09T00:00:30+00:00,0.175
108548893345759572446077602443398325305734327289834850738242401844282632332811,1775696450,2026-04-09T01:00:50+00:00,0.295
108548893345759572446077602443398325305734327289834850738242401844282632332811,1775700052,2026-04-09T02:00:52+00:00,0.225
108548893345759572446077602443398325305734327289834850738242401844282632332811,1775703659,2026-04-09T03:00:59+00:00,0.21
108548893345759572446077602443398325305734327289834850738242401844282632332811,1775707250,2026-04-09T04:00:50+00:00,0.215
108548893345759572446077602443398325305734327289834850738242401844282632332811,1775710850,2026-04-09T05:00:50+00:00,0.195
108548893345759572446077602443398325305734327289834850738242401844282632332811,1775718048,2026-04-09T07:00:48+00:00,0.21
108548893345759572446077602443398325305734327289834850738242401844282632332811,1775721648,2026-04-09T08:00:48+00:00,0.205
108548893345759572446077602443398325305734327289834850738242401844282632332811,1775728850,2026-04-09T10:00:50+00:00,0.215
108548893345759572446077602443398325305734327289834850738242401844282632332811,1775732450,2026-04-09T11:00:50+00:00,0.135
108548893345759572446077602443398325305734327289834850738242401844282632332811,1775739655,2026-04-09T13:00:55+00:00,0.135
108548893345759572446077602443398325305734327289834850738242401844282632332811,1775750457,2026-04-09T16:00:57+00:00,0.15
108548893345759572446077602443398325305734327289834850738242401844282632332811,1775764859,2026-04-09T20:00:59+00:00,0.15
108548893345759572446077602443398325305734327289834850738242401844282632332811,1775782859,2026-04-10T01:00:59+00:00,0.145
108548893345759572446077602443398325305734327289834850738242401844282632332811,1775786456,2026-04-10T02:00:56+00:00,0.145
108548893345759572446077602443398325305734327289834850738242401844282632332811,1775800829,2026-04-10T06:00:29+00:00,0.15
108548893345759572446077602443398325305734327289834850738242401844282632332811,1775804454,2026-04-10T07:00:54+00:00,0.15
108548893345759572446077602443398325305734327289834850738242401844282632332811,1775818854,2026-04-10T11:00:54+00:00,0.155
108548893345759572446077602443398325305734327289834850738242401844282632332811,1775826005,2026-04-10T13:00:05+00:00,0.15
108548893345759572446077602443398325305734327289834850738242401844282632332811,1775833216,2026-04-10T15:00:16+00:00,0.15
108548893345759572446077602443398325305734327289834850738242401844282632332811,1775840422,2026-04-10T17:00:22+00:00,0.15
108548893345759572446077602443398325305734327289834850738242401844282632332811,1775862005,2026-04-10T23:00:05+00:00,0.145
108548893345759572446077602443398325305734327289834850738242401844282632332811,1775869258,2026-04-11T01:00:58+00:00,0.145
108548893345759572446077602443398325305734327289834850738242401844282632332811,1775890855,2026-04-11T07:00:55+00:00,0.165
108548893345759572446077602443398325305734327289834850738242401844282632332811,1775894452,2026-04-11T08:00:52+00:00,0.17
108548893345759572446077602443398325305734327289834850738242401844282632332811,1775901621,2026-04-11T10:00:21+00:00,0.19
108548893345759572446077602443398325305734327289834850738242401844282632332811,1775905255,2026-04-11T11:00:55+00:00,0.185
108548893345759572446077602443398325305734327289834850738242401844282632332811,1775955655,2026-04-12T01:00:55+00:00,0.165
108548893345759572446077602443398325305734327289834850738242401844282632332811,1775977255,2026-04-12T07:00:55+00:00,0.245
108548893345759572446077602443398325305734327289834850738242401844282632332811,1775991655,2026-04-12T11:00:55+00:00,0.25
108548893345759572446077602443398325305734327289834850738242401844282632332811,1776042056,2026-04-13T01:00:56+00:00,0.18
108548893345759572446077602443398325305734327289834850738242401844282632332811,1776049258,2026-04-13T03:00:58+00:00,0.17
108548893345759572446077602443398325305734327289834850738242401844282632332811,1776052848,2026-04-13T04:00:48+00:00,0.17
108548893345759572446077602443398325305734327289834850738242401844282632332811,1776063657,2026-04-13T07:00:57+00:00,0.15
108548893345759572446077602443398325305734327289834850738242401844282632332811,1776067256,2026-04-13T08:00:56+00:00,0.135
108548893345759572446077602443398325305734327289834850738242401844282632332811,1776128456,2026-04-14T01:00:56+00:00,0.145
108548893345759572446077602443398325305734327289834850738242401844282632332811,1776153655,2026-04-14T08:00:55+00:00,0.145
108548893345759572446077602443398325305734327289834850738242401844282632332811,1776160854,2026-04-14T10:00:54+00:00,0.145
108548893345759572446077602443398325305734327289834850738242401844282632332811,1776189602,2026-04-14T18:00:02+00:00,0.135
108548893345759572446077602443398325305734327289834850738242401844282632332811,1776214855,2026-04-15T01:00:55+00:00,0.125
108548893345759572446077602443398325305734327289834850738242401844282632332811,1776225659,2026-04-15T04:00:59+00:00,0.125
108548893345759572446077602443398325305734327289834850738242401844282632332811,1776286833,2026-04-15T21:00:33+00:00,0.125
108548893345759572446077602443398325305734327289834850738242401844282632332811,1776301255,2026-04-16T01:00:55+00:00,0.115
108548893345759572446077602443398325305734327289834850738242401844282632332811,1776337257,2026-04-16T11:00:57+00:00,0.115
108548893345759572446077602443398325305734327289834850738242401844282632332811,1776362409,2026-04-16T18:00:09+00:00,0.13
108548893345759572446077602443398325305734327289834850738242401844282632332811,1776369652,2026-04-16T20:00:52+00:00,0.15
108548893345759572446077602443398325305734327289834850738242401844282632332811,1776373248,2026-04-16T21:00:48+00:00,0.15
108548893345759572446077602443398325305734327289834850738242401844282632332811,1776376859,2026-04-16T22:00:59+00:00,0.155
108548893345759572446077602443398325305734327289834850738242401844282632332811,1776380458,2026-04-16T23:00:58+00:00,0.155
108548893345759572446077602443398325305734327289834850738242401844282632332811,1776387647,2026-04-17T01:00:47+00:00,0.155
108548893345759572446077602443398325305734327289834850738242401844282632332811,1776391251,2026-04-17T02:00:51+00:00,0.115
108548893345759572446077602443398325305734327289834850738242401844282632332811,1776394854,2026-04-17T03:00:54+00:00,0.115
108548893345759572446077602443398325305734327289834850738242401844282632332811,1776398443,2026-04-17T04:00:43+00:00,0.135
108548893345759572446077602443398325305734327289834850738242401844282632332811,1776402045,2026-04-17T05:00:45+00:00,0.135
108548893345759572446077602443398325305734327289834850738242401844282632332811,1776405658,2026-04-17T06:00:58+00:00,0.135
108548893345759572446077602443398325305734327289834850738242401844282632332811,1776409247,2026-04-17T07:00:47+00:00,0.135
108548893345759572446077602443398325305734327289834850738242401844282632332811,1776420051,2026-04-17T10:00:51+00:00,0.13
108548893345759572446077602443398325305734327289834850738242401844282632332811,1776423646,2026-04-17T11:00:46+00:00,0.155
108548893345759572446077602443398325305734327289834850738242401844282632332811,1776430852,2026-04-17T13:00:52+00:00,0.125
108548893345759572446077602443398325305734327289834850738242401844282632332811,1776438014,2026-04-17T15:00:14+00:00,0.115
108548893345759572446077602443398325305734327289834850738242401844282632332811,1776441655,2026-04-17T16:00:55+00:00,0.115
108548893345759572446077602443398325305734327289834850738242401844282632332811,1776445206,2026-04-17T17:00:06+00:00,0.125
108548893345759572446077602443398325305734327289834850738242401844282632332811,1776448823,2026-04-17T18:00:23+00:00,0.12
108548893345759572446077602443398325305734327289834850738242401844282632332811,1776456004,2026-04-17T20:00:04+00:00,0.12
108548893345759572446077602443398325305734327289834850738242401844282632332811,1776463257,2026-04-17T22:00:57+00:00,0.12
108548893345759572446077602443398325305734327289834850738242401844282632332811,1776466851,2026-04-17T23:00:51+00:00,0.12
108548893345759572446077602443398325305734327289834850738242401844282632332811,1776474058,2026-04-18T01:00:58+00:00,0.125
108548893345759572446077602443398325305734327289834850738242401844282632332811,1776484853,2026-04-18T04:00:53+00:00,0.125
108548893345759572446077602443398325305734327289834850738242401844282632332811,1776488456,2026-04-18T05:00:56+00:00,0.125
108548893345759572446077602443398325305734327289834850738242401844282632332811,1776492059,2026-04-18T06:00:59+00:00,0.125
108548893345759572446077602443398325305734327289834850738242401844282632332811,1776495646,2026-04-18T07:00:46+00:00,0.125
108548893345759572446077602443398325305734327289834850738242401844282632332811,1776499248,2026-04-18T08:00:48+00:00,0.125
108548893345759572446077602443398325305734327289834850738242401844282632332811,1776502847,2026-04-18T09:00:47+00:00,0.125
108548893345759572446077602443398325305734327289834850738242401844282632332811,1776506448,2026-04-18T10:00:48+00:00,0.125
108548893345759572446077602443398325305734327289834850738242401844282632332811,1776517258,2026-04-18T13:00:58+00:00,0.125
108548893345759572446077602443398325305734327289834850738242401844282632332811,1776520856,2026-04-18T14:00:56+00:00,0.125
108548893345759572446077602443398325305734327289834850738242401844282632332811,1776528057,2026-04-18T16:00:57+00:00,0.125
108548893345759572446077602443398325305734327289834850738242401844282632332811,1776531649,2026-04-18T17:00:49+00:00,0.125
108548893345759572446077602443398325305734327289834850738242401844282632332811,1776538855,2026-04-18T19:00:55+00:00,0.125
108548893345759572446077602443398325305734327289834850738242401844282632332811,1776549653,2026-04-18T22:00:53+00:00,0.125
108548893345759572446077602443398325305734327289834850738242401844282632332811,1776553253,2026-04-18T23:00:53+00:00,0.125
108548893345759572446077602443398325305734327289834850738242401844282632332811,1776560449,2026-04-19T01:00:49+00:00,0.075
108548893345759572446077602443398325305734327289834850738242401844282632332811,1776564051,2026-04-19T02:00:51+00:00,0.065
108548893345759572446077602443398325305734327289834850738242401844282632332811,1776567656,2026-04-19T03:00:56+00:00,0.065
108548893345759572446077602443398325305734327289834850738242401844282632332811,1776571256,2026-04-19T04:00:56+00:00,0.065
108548893345759572446077602443398325305734327289834850738242401844282632332811,1776574846,2026-04-19T05:00:46+00:00,0.065
108548893345759572446077602443398325305734327289834850738242401844282632332811,1776578458,2026-04-19T06:00:58+00:00,0.065
108548893345759572446077602443398325305734327289834850738242401844282632332811,1776582041,2026-04-19T07:00:41+00:00,0.065
108548893345759572446077602443398325305734327289834850738242401844282632332811,1776592854,2026-04-19T10:00:54+00:00,0.024
108548893345759572446077602443398325305734327289834850738242401844282632332811,1776596456,2026-04-19T11:00:56+00:00,0.048
108548893345759572446077602443398325305734327289834850738242401844282632332811,1776603656,2026-04-19T13:00:56+00:00,0.048
108548893345759572446077602443398325305734327289834850738242401844282632332811,1776607259,2026-04-19T14:00:59+00:00,0.051
108548893345759572446077602443398325305734327289834850738242401844282632332811,1776614406,2026-04-19T16:00:06+00:00,0.053
108548893345759572446077602443398325305734327289834850738242401844282632332811,1776636058,2026-04-19T22:00:58+00:00,0.061
108548893345759572446077602443398325305734327289834850738242401844282632332811,1776639652,2026-04-19T23:00:52+00:00,0.065
108548893345759572446077602443398325305734327289834850738242401844282632332811,1776646850,2026-04-20T01:00:50+00:00,0.0625
108548893345759572446077602443398325305734327289834850738242401844282632332811,1776650452,2026-04-20T02:00:52+00:00,0.061
108548893345759572446077602443398325305734327289834850738242401844282632332811,1776654059,2026-04-20T03:00:59+00:00,0.0605
108548893345759572446077602443398325305734327289834850738242401844282632332811,1776657648,2026-04-20T04:00:48+00:00,0.0605
108548893345759572446077602443398325305734327289834850738242401844282632332811,1776659918,2026-04-20T04:38:38+00:00,0.0595
11843131838379676792721059608342146205696413823676149302931627463939711085828,1773982843,2026-03-20T05:00:43+00:00,0.04
11843131838379676792721059608342146205696413823676149302931627463939711085828,1773986455,2026-03-20T06:00:55+00:00,0.0405
11843131838379676792721059608342146205696413823676149302931627463939711085828,1773990043,2026-03-20T07:00:43+00:00,0.0415
11843131838379676792721059608342146205696413823676149302931627463939711085828,1773993641,2026-03-20T08:00:41+00:00,0.0415
11843131838379676792721059608342146205696413823676149302931627463939711085828,1773997249,2026-03-20T09:00:49+00:00,0.0415
11843131838379676792721059608342146205696413823676149302931627463939711085828,1774004440,2026-03-20T11:00:40+00:00,0.04
11843131838379676792721059608342146205696413823676149302931627463939711085828,1774008047,2026-03-20T12:00:47+00:00,0.0395
11843131838379676792721059608342146205696413823676149302931627463939711085828,1774011646,2026-03-20T13:00:46+00:00,0.0395
11843131838379676792721059608342146205696413823676149302931627463939711085828,1774015245,2026-03-20T14:00:45+00:00,0.0385
11843131838379676792721059608342146205696413823676149302931627463939711085828,1774018848,2026-03-20T15:00:48+00:00,0.0385
11843131838379676792721059608342146205696413823676149302931627463939711085828,1774022438,2026-03-20T16:00:38+00:00,0.0385
11843131838379676792721059608342146205696413823676149302931627463939711085828,1774026040,2026-03-20T17:00:40+00:00,0.0385
11843131838379676792721059608342146205696413823676149302931627463939711085828,1774029652,2026-03-20T18:00:52+00:00,0.0385
11843131838379676792721059608342146205696413823676149302931627463939711085828,1774033240,2026-03-20T19:00:40+00:00,0.0385
11843131838379676792721059608342146205696413823676149302931627463939711085828,1774036841,2026-03-20T20:00:41+00:00,0.0385
11843131838379676792721059608342146205696413823676149302931627463939711085828,1774044048,2026-03-20T22:00:48+00:00,0.038
11843131838379676792721059608342146205696413823676149302931627463939711085828,1774047646,2026-03-20T23:00:46+00:00,0.038
11843131838379676792721059608342146205696413823676149302931627463939711085828,1774051251,2026-03-21T00:00:51+00:00,0.038
11843131838379676792721059608342146205696413823676149302931627463939711085828,1774054848,2026-03-21T01:00:48+00:00,0.038
11843131838379676792721059608342146205696413823676149302931627463939711085828,1774058455,2026-03-21T02:00:55+00:00,0.038
11843131838379676792721059608342146205696413823676149302931627463939711085828,1774062042,2026-03-21T03:00:42+00:00,0.038
11843131838379676792721059608342146205696413823676149302931627463939711085828,1774065643,2026-03-21T04:00:43+00:00,0.0375
11843131838379676792721059608342146205696413823676149302931627463939711085828,1774069239,2026-03-21T05:00:39+00:00,0.0375
11843131838379676792721059608342146205696413823676149302931627463939711085828,1774072849,2026-03-21T06:00:49+00:00,0.0375
11843131838379676792721059608342146205696413823676149302931627463939711085828,1774076449,2026-03-21T07:00:49+00:00,0.0375
11843131838379676792721059608342146205696413823676149302931627463939711085828,1774080039,2026-03-21T08:00:39+00:00,0.0375
11843131838379676792721059608342146205696413823676149302931627463939711085828,1774083640,2026-03-21T09:00:40+00:00,0.0375
11843131838379676792721059608342146205696413823676149302931627463939711085828,1774087238,2026-03-21T10:00:38+00:00,0.0375
11843131838379676792721059608342146205696413823676149302931627463939711085828,1774090844,2026-03-21T11:00:44+00:00,0.0375
11843131838379676792721059608342146205696413823676149302931627463939711085828,1774094444,2026-03-21T12:00:44+00:00,0.0375
11843131838379676792721059608342146205696413823676149302931627463939711085828,1774098044,2026-03-21T13:00:44+00:00,0.0375
11843131838379676792721059608342146205696413823676149302931627463939711085828,1774101651,2026-03-21T14:00:51+00:00,0.0375
11843131838379676792721059608342146205696413823676149302931627463939711085828,1774105257,2026-03-21T15:00:57+00:00,0.0375
11843131838379676792721059608342146205696413823676149302931627463939711085828,1774116048,2026-03-21T18:00:48+00:00,0.0375
11843131838379676792721059608342146205696413823676149302931627463939711085828,1774119642,2026-03-21T19:00:42+00:00,0.0445
11843131838379676792721059608342146205696413823676149302931627463939711085828,1774123241,2026-03-21T20:00:41+00:00,0.046
11843131838379676792721059608342146205696413823676149302931627463939711085828,1774126845,2026-03-21T21:00:45+00:00,0.053
11843131838379676792721059608342146205696413823676149302931627463939711085828,1774130444,2026-03-21T22:00:44+00:00,0.0535
11843131838379676792721059608342146205696413823676149302931627463939711085828,1774134041,2026-03-21T23:00:41+00:00,0.0625
11843131838379676792721059608342146205696413823676149302931627463939711085828,1774137648,2026-03-22T00:00:48+00:00,0.0615
11843131838379676792721059608342146205696413823676149302931627463939711085828,1774141238,2026-03-22T01:00:38+00:00,0.0625
11843131838379676792721059608342146205696413823676149302931627463939711085828,1774144835,2026-03-22T02:00:35+00:00,0.0625
11843131838379676792721059608342146205696413823676149302931627463939711085828,1774148437,2026-03-22T03:00:37+00:00,0.0625
11843131838379676792721059608342146205696413823676149302931627463939711085828,1774152034,2026-03-22T04:00:34+00:00,0.0625
11843131838379676792721059608342146205696413823676149302931627463939711085828,1774155641,2026-03-22T05:00:41+00:00,0.0625
11843131838379676792721059608342146205696413823676149302931627463939711085828,1774159239,2026-03-22T06:00:39+00:00,0.061
11843131838379676792721059608342146205696413823676149302931627463939711085828,1774162832,2026-03-22T07:00:32+00:00,0.061
11843131838379676792721059608342146205696413823676149302931627463939711085828,1774166435,2026-03-22T08:00:35+00:00,0.0685
11843131838379676792721059608342146205696413823676149302931627463939711085828,1774170037,2026-03-22T09:00:37+00:00,0.0685
11843131838379676792721059608342146205696413823676149302931627463939711085828,1774173634,2026-03-22T10:00:34+00:00,0.0635
11843131838379676792721059608342146205696413823676149302931627463939711085828,1774177231,2026-03-22T11:00:31+00:00,0.061
11843131838379676792721059608342146205696413823676149302931627463939711085828,1774180855,2026-03-22T12:00:55+00:00,0.061
11843131838379676792721059608342146205696413823676149302931627463939711085828,1774184451,2026-03-22T13:00:51+00:00,0.0545
11843131838379676792721059608342146205696413823676149302931627463939711085828,1774188035,2026-03-22T14:00:35+00:00,0.0535
11843131838379676792721059608342146205696413823676149302931627463939711085828,1774191637,2026-03-22T15:00:37+00:00,0.0545
11843131838379676792721059608342146205696413823676149302931627463939711085828,1774195237,2026-03-22T16:00:37+00:00,0.056
11843131838379676792721059608342146205696413823676149302931627463939711085828,1774202440,2026-03-22T18:00:40+00:00,0.055
11843131838379676792721059608342146205696413823676149302931627463939711085828,1774206036,2026-03-22T19:00:36+00:00,0.0555
11843131838379676792721059608342146205696413823676149302931627463939711085828,1774209635,2026-03-22T20:00:35+00:00,0.055
11843131838379676792721059608342146205696413823676149302931627463939711085828,1774213239,2026-03-22T21:00:39+00:00,0.055
11843131838379676792721059608342146205696413823676149302931627463939711085828,1774216836,2026-03-22T22:00:36+00:00,0.072
11843131838379676792721059608342146205696413823676149302931627463939711085828,1774220438,2026-03-22T23:00:38+00:00,0.1095
11843131838379676792721059608342146205696413823676149302931627463939711085828,1774224042,2026-03-23T00:00:42+00:00,0.1095
11843131838379676792721059608342146205696413823676149302931627463939711085828,1774227634,2026-03-23T01:00:34+00:00,0.11
11843131838379676792721059608342146205696413823676149302931627463939711085828,1774231236,2026-03-23T02:00:36+00:00,0.11
11843131838379676792721059608342146205696413823676149302931627463939711085828,1774234842,2026-03-23T03:00:42+00:00,0.1095
11843131838379676792721059608342146205696413823676149302931627463939711085828,1774238431,2026-03-23T04:00:31+00:00,0.1095
11843131838379676792721059608342146205696413823676149302931627463939711085828,1774242040,2026-03-23T05:00:40+00:00,0.107
11843131838379676792721059608342146205696413823676149302931627463939711085828,1774245642,2026-03-23T06:00:42+00:00,0.1065
11843131838379676792721059608342146205696413823676149302931627463939711085828,1774249236,2026-03-23T07:00:36+00:00,0.0965
11843131838379676792721059608342146205696413823676149302931627463939711085828,1774252840,2026-03-23T08:00:40+00:00,0.0965
11843131838379676792721059608342146205696413823676149302931627463939711085828,1774256450,2026-03-23T09:00:50+00:00,0.0965
11843131838379676792721059608342146205696413823676149302931627463939711085828,1774260035,2026-03-23T10:00:35+00:00,0.0965
11843131838379676792721059608342146205696413823676149302931627463939711085828,1774263632,2026-03-23T11:00:32+00:00,0.0945
11843131838379676792721059608342146205696413823676149302931627463939711085828,1774267239,2026-03-23T12:00:39+00:00,0.0945
11843131838379676792721059608342146205696413823676149302931627463939711085828,1774270842,2026-03-23T13:00:42+00:00,0.095
11843131838379676792721059608342146205696413823676149302931627463939711085828,1774274435,2026-03-23T14:00:35+00:00,0.086
11843131838379676792721059608342146205696413823676149302931627463939711085828,1774278034,2026-03-23T15:00:34+00:00,0.086
11843131838379676792721059608342146205696413823676149302931627463939711085828,1774281634,2026-03-23T16:00:34+00:00,0.086
11843131838379676792721059608342146205696413823676149302931627463939711085828,1774285257,2026-03-23T17:00:57+00:00,0.0855
11843131838379676792721059608342146205696413823676149302931627463939711085828,1774288835,2026-03-23T18:00:35+00:00,0.0855
11843131838379676792721059608342146205696413823676149302931627463939711085828,1774292452,2026-03-23T19:00:52+00:00,0.086
11843131838379676792721059608342146205696413823676149302931627463939711085828,1774296038,2026-03-23T20:00:38+00:00,0.098
11843131838379676792721059608342146205696413823676149302931627463939711085828,1774299642,2026-03-23T21:00:42+00:00,0.103
11843131838379676792721059608342146205696413823676149302931627463939711085828,1774303234,2026-03-23T22:00:34+00:00,0.103
11843131838379676792721059608342146205696413823676149302931627463939711085828,1774306835,2026-03-23T23:00:35+00:00,0.102
11843131838379676792721059608342146205696413823676149302931627463939711085828,1774310437,2026-03-24T00:00:37+00:00,0.102
11843131838379676792721059608342146205696413823676149302931627463939711085828,1774314030,2026-03-24T01:00:30+00:00,0.0995
11843131838379676792721059608342146205696413823676149302931627463939711085828,1774317632,2026-03-24T02:00:32+00:00,0.0985
11843131838379676792721059608342146205696413823676149302931627463939711085828,1774321235,2026-03-24T03:00:35+00:00,0.1
11843131838379676792721059608342146205696413823676149302931627463939711085828,1774324835,2026-03-24T04:00:35+00:00,0.0965
11843131838379676792721059608342146205696413823676149302931627463939711085828,1774328434,2026-03-24T05:00:34+00:00,0.0975
11843131838379676792721059608342146205696413823676149302931627463939711085828,1774332044,2026-03-24T06:00:44+00:00,0.0975
11843131838379676792721059608342146205696413823676149302931627463939711085828,1774335631,2026-03-24T07:00:31+00:00,0.0975
11843131838379676792721059608342146205696413823676149302931627463939711085828,1774339231,2026-03-24T08:00:31+00:00,0.0975
11843131838379676792721059608342146205696413823676149302931627463939711085828,1774342837,2026-03-24T09:00:37+00:00,0.097
11843131838379676792721059608342146205696413823676149302931627463939711085828,1774346431,2026-03-24T10:00:31+00:00,0.093
11843131838379676792721059608342146205696413823676149302931627463939711085828,1774350058,2026-03-24T11:00:58+00:00,0.0905
11843131838379676792721059608342146205696413823676149302931627463939711085828,1774353643,2026-03-24T12:00:43+00:00,0.0865
11843131838379676792721059608342146205696413823676149302931627463939711085828,1774357240,2026-03-24T13:00:40+00:00,0.0895
11843131838379676792721059608342146205696413823676149302931627463939711085828,1774360829,2026-03-24T14:00:29+00:00,0.088
11843131838379676792721059608342146205696413823676149302931627463939711085828,1774364431,2026-03-24T15:00:31+00:00,0.087
11843131838379676792721059608342146205696413823676149302931627463939711085828,1774368028,2026-03-24T16:00:28+00:00,0.089
11843131838379676792721059608342146205696413823676149302931627463939711085828,1774371629,2026-03-24T17:00:29+00:00,0.092
11843131838379676792721059608342146205696413823676149302931627463939711085828,1774375235,2026-03-24T18:00:35+00:00,0.091
11843131838379676792721059608342146205696413823676149302931627463939711085828,1774378829,2026-03-24T19:00:29+00:00,0.09
11843131838379676792721059608342146205696413823676149302931627463939711085828,1774382431,2026-03-24T20:00:31+00:00,0.09
11843131838379676792721059608342146205696413823676149302931627463939711085828,1774386037,2026-03-24T21:00:37+00:00,0.0935
11843131838379676792721059608342146205696413823676149302931627463939711085828,1774389626,2026-03-24T22:00:26+00:00,0.093
11843131838379676792721059608342146205696413823676149302931627463939711085828,1774393230,2026-03-24T23:00:30+00:00,0.094
11843131838379676792721059608342146205696413823676149302931627463939711085828,1774396835,2026-03-25T00:00:35+00:00,0.0935
11843131838379676792721059608342146205696413823676149302931627463939711085828,1774400428,2026-03-25T01:00:28+00:00,0.093
11843131838379676792721059608342146205696413823676149302931627463939711085828,1774404030,2026-03-25T02:00:30+00:00,0.0935
11843131838379676792721059608342146205696413823676149302931627463939711085828,1774407629,2026-03-25T03:00:29+00:00,0.0935
11843131838379676792721059608342146205696413823676149302931627463939711085828,1774411232,2026-03-25T04:00:32+00:00,0.094
11843131838379676792721059608342146205696413823676149302931627463939711085828,1774414831,2026-03-25T05:00:31+00:00,0.094
11843131838379676792721059608342146205696413823676149302931627463939711085828,1774418433,2026-03-25T06:00:33+00:00,0.0935
11843131838379676792721059608342146205696413823676149302931627463939711085828,1774422029,2026-03-25T07:00:29+00:00,0.094
11843131838379676792721059608342146205696413823676149302931627463939711085828,1774425628,2026-03-25T08:00:28+00:00,0.094
11843131838379676792721059608342146205696413823676149302931627463939711085828,1774429233,2026-03-25T09:00:33+00:00,0.091
11843131838379676792721059608342146205696413823676149302931627463939711085828,1774432832,2026-03-25T10:00:32+00:00,0.0915
11843131838379676792721059608342146205696413823676149302931627463939711085828,1774436433,2026-03-25T11:00:33+00:00,0.0905
11843131838379676792721059608342146205696413823676149302931627463939711085828,1774440037,2026-03-25T12:00:37+00:00,0.09
11843131838379676792721059608342146205696413823676149302931627463939711085828,1774443632,2026-03-25T13:00:32+00:00,0.0895
11843131838379676792721059608342146205696413823676149302931627463939711085828,1774447242,2026-03-25T14:00:42+00:00,0.0895
11843131838379676792721059608342146205696413823676149302931627463939711085828,1774450835,2026-03-25T15:00:35+00:00,0.0905
11843131838379676792721059608342146205696413823676149302931627463939711085828,1774454433,2026-03-25T16:00:33+00:00,0.0905
11843131838379676792721059608342146205696413823676149302931627463939711085828,1774458030,2026-03-25T17:00:30+00:00,0.0905
11843131838379676792721059608342146205696413823676149302931627463939711085828,1774461635,2026-03-25T18:00:35+00:00,0.0905
11843131838379676792721059608342146205696413823676149302931627463939711085828,1774465232,2026-03-25T19:00:32+00:00,0.091
11843131838379676792721059608342146205696413823676149302931627463939711085828,1774468833,2026-03-25T20:00:33+00:00,0.091
11843131838379676792721059608342146205696413823676149302931627463939711085828,1774472432,2026-03-25T21:00:32+00:00,0.092
11843131838379676792721059608342146205696413823676149302931627463939711085828,1774476029,2026-03-25T22:00:29+00:00,0.091
11843131838379676792721059608342146205696413823676149302931627463939711085828,1774479629,2026-03-25T23:00:29+00:00,0.091
11843131838379676792721059608342146205696413823676149302931627463939711085828,1774483239,2026-03-26T00:00:39+00:00,0.0915
11843131838379676792721059608342146205696413823676149302931627463939711085828,1774486832,2026-03-26T01:00:32+00:00,0.0905
11843131838379676792721059608342146205696413823676149302931627463939711085828,1774490431,2026-03-26T02:00:31+00:00,0.0885
11843131838379676792721059608342146205696413823676149302931627463939711085828,1774494036,2026-03-26T03:00:36+00:00,0.0885
11843131838379676792721059608342146205696413823676149302931627463939711085828,1774497633,2026-03-26T04:00:33+00:00,0.089
11843131838379676792721059608342146205696413823676149302931627463939711085828,1774501229,2026-03-26T05:00:29+00:00,0.089
11843131838379676792721059608342146205696413823676149302931627463939711085828,1774504837,2026-03-26T06:00:37+00:00,0.0985
11843131838379676792721059608342146205696413823676149302931627463939711085828,1774508443,2026-03-26T07:00:43+00:00,0.0985
11843131838379676792721059608342146205696413823676149302931627463939711085828,1774512031,2026-03-26T08:00:31+00:00,0.0985
11843131838379676792721059608342146205696413823676149302931627463939711085828,1774515631,2026-03-26T09:00:31+00:00,0.099
11843131838379676792721059608342146205696413823676149302931627463939711085828,1774519234,2026-03-26T10:00:34+00:00,0.099
11843131838379676792721059608342146205696413823676149302931627463939711085828,1774522827,2026-03-26T11:00:27+00:00,0.099
11843131838379676792721059608342146205696413823676149302931627463939711085828,1774526449,2026-03-26T12:00:49+00:00,0.099
11843131838379676792721059608342146205696413823676149302931627463939711085828,1774530039,2026-03-26T13:00:39+00:00,0.099
11843131838379676792721059608342146205696413823676149302931627463939711085828,1774533633,2026-03-26T14:00:33+00:00,0.099
11843131838379676792721059608342146205696413823676149302931627463939711085828,1774537234,2026-03-26T15:00:34+00:00,0.099
11843131838379676792721059608342146205696413823676149302931627463939711085828,1774540833,2026-03-26T16:00:33+00:00,0.1105
11843131838379676792721059608342146205696413823676149302931627463939711085828,1774544456,2026-03-26T17:00:56+00:00,0.1095
11843131838379676792721059608342146205696413823676149302931627463939711085828,1774548033,2026-03-26T18:00:33+00:00,0.1105
11843131838379676792721059608342146205696413823676149302931627463939711085828,1774551642,2026-03-26T19:00:42+00:00,0.11
11843131838379676792721059608342146205696413823676149302931627463939711085828,1774555237,2026-03-26T20:00:37+00:00,0.11
11843131838379676792721059608342146205696413823676149302931627463939711085828,1774558843,2026-03-26T21:00:43+00:00,0.109
11843131838379676792721059608342146205696413823676149302931627463939711085828,1774562437,2026-03-26T22:00:37+00:00,0.1105
11843131838379676792721059608342146205696413823676149302931627463939711085828,1774566035,2026-03-26T23:00:35+00:00,0.1105
11843131838379676792721059608342146205696413823676149302931627463939711085828,1774569649,2026-03-27T00:00:49+00:00,0.11
11843131838379676792721059608342146205696413823676149302931627463939711085828,1774573242,2026-03-27T01:00:42+00:00,0.1095
11843131838379676792721059608342146205696413823676149302931627463939711085828,1774576843,2026-03-27T02:00:43+00:00,0.11
11843131838379676792721059608342146205696413823676149302931627463939711085828,1774580447,2026-03-27T03:00:47+00:00,0.1095
11843131838379676792721059608342146205696413823676149302931627463939711085828,1774584038,2026-03-27T04:00:38+00:00,0.109
11843131838379676792721059608342146205696413823676149302931627463939711085828,1774587640,2026-03-27T05:00:40+00:00,0.109
11843131838379676792721059608342146205696413823676149302931627463939711085828,1774591245,2026-03-27T06:00:45+00:00,0.1095
11843131838379676792721059608342146205696413823676149302931627463939711085828,1774594838,2026-03-27T07:00:38+00:00,0.1095
11843131838379676792721059608342146205696413823676149302931627463939711085828,1774598434,2026-03-27T08:00:34+00:00,0.1095
11843131838379676792721059608342146205696413823676149302931627463939711085828,1774602042,2026-03-27T09:00:42+00:00,0.1085
11843131838379676792721059608342146205696413823676149302931627463939711085828,1774605635,2026-03-27T10:00:35+00:00,0.1095
11843131838379676792721059608342146205696413823676149302931627463939711085828,1774609239,2026-03-27T11:00:39+00:00,0.109
11843131838379676792721059608342146205696413823676149302931627463939711085828,1774612848,2026-03-27T12:00:48+00:00,0.099
11843131838379676792721059608342146205696413823676149302931627463939711085828,1774616446,2026-03-27T13:00:46+00:00,0.0955
11843131838379676792721059608342146205696413823676149302931627463939711085828,1774620040,2026-03-27T14:00:40+00:00,0.0935
11843131838379676792721059608342146205696413823676149302931627463939711085828,1774623644,2026-03-27T15:00:44+00:00,0.0935
11843131838379676792721059608342146205696413823676149302931627463939711085828,1774627240,2026-03-27T16:00:40+00:00,0.092
11843131838379676792721059608342146205696413823676149302931627463939711085828,1774630855,2026-03-27T17:00:55+00:00,0.092
11843131838379676792721059608342146205696413823676149302931627463939711085828,1774634452,2026-03-27T18:00:52+00:00,0.09
11843131838379676792721059608342146205696413823676149302931627463939711085828,1774638041,2026-03-27T19:00:41+00:00,0.09
11843131838379676792721059608342146205696413823676149302931627463939711085828,1774641650,2026-03-27T20:00:50+00:00,0.102
11843131838379676792721059608342146205696413823676149302931627463939711085828,1774645250,2026-03-27T21:00:50+00:00,0.1045
11843131838379676792721059608342146205696413823676149302931627463939711085828,1774648840,2026-03-27T22:00:40+00:00,0.106
11843131838379676792721059608342146205696413823676149302931627463939711085828,1774652454,2026-03-27T23:00:54+00:00,0.104
11843131838379676792721059608342146205696413823676149302931627463939711085828,1774656053,2026-03-28T00:00:53+00:00,0.1035
11843131838379676792721059608342146205696413823676149302931627463939711085828,1774659641,2026-03-28T01:00:41+00:00,0.1055
11843131838379676792721059608342146205696413823676149302931627463939711085828,1774663241,2026-03-28T02:00:41+00:00,0.1045
11843131838379676792721059608342146205696413823676149302931627463939711085828,1774666846,2026-03-28T03:00:46+00:00,0.105
11843131838379676792721059608342146205696413823676149302931627463939711085828,1774670440,2026-03-28T04:00:40+00:00,0.1045
11843131838379676792721059608342146205696413823676149302931627463939711085828,1774674038,2026-03-28T05:00:38+00:00,0.105
11843131838379676792721059608342146205696413823676149302931627463939711085828,1774677651,2026-03-28T06:00:51+00:00,0.099
11843131838379676792721059608342146205696413823676149302931627463939711085828,1774681240,2026-03-28T07:00:40+00:00,0.101
11843131838379676792721059608342146205696413823676149302931627463939711085828,1774684843,2026-03-28T08:00:43+00:00,0.101
11843131838379676792721059608342146205696413823676149302931627463939711085828,1774688451,2026-03-28T09:00:51+00:00,0.1
11843131838379676792721059608342146205696413823676149302931627463939711085828,1774692049,2026-03-28T10:00:49+00:00,0.101
11843131838379676792721059608342146205696413823676149302931627463939711085828,1774695651,2026-03-28T11:00:51+00:00,0.101
11843131838379676792721059608342146205696413823676149302931627463939711085828,1774699253,2026-03-28T12:00:53+00:00,0.1
11843131838379676792721059608342146205696413823676149302931627463939711085828,1774702856,2026-03-28T13:00:56+00:00,0.098
11843131838379676792721059608342146205696413823676149302931627463939711085828,1774706454,2026-03-28T14:00:54+00:00,0.0985
11843131838379676792721059608342146205696413823676149302931627463939711085828,1774713644,2026-03-28T16:00:44+00:00,0.097
11843131838379676792721059608342146205696413823676149302931627463939711085828,1774724445,2026-03-28T19:00:45+00:00,0.098
11843131838379676792721059608342146205696413823676149302931627463939711085828,1774728044,2026-03-28T20:00:44+00:00,0.098
11843131838379676792721059608342146205696413823676149302931627463939711085828,1774731652,2026-03-28T21:00:52+00:00,0.0975
11843131838379676792721059608342146205696413823676149302931627463939711085828,1774735249,2026-03-28T22:00:49+00:00,0.0955
11843131838379676792721059608342146205696413823676149302931627463939711085828,1774738848,2026-03-28T23:00:48+00:00,0.098
11843131838379676792721059608342146205696413823676149302931627463939711085828,1774742458,2026-03-29T00:00:58+00:00,0.098
11843131838379676792721059608342146205696413823676149302931627463939711085828,1774746053,2026-03-29T01:00:53+00:00,0.098
11843131838379676792721059608342146205696413823676149302931627463939711085828,1774749653,2026-03-29T02:00:53+00:00,0.0955
11843131838379676792721059608342146205696413823676149302931627463939711085828,1774753253,2026-03-29T03:00:53+00:00,0.064
11843131838379676792721059608342146205696413823676149302931627463939711085828,1774756845,2026-03-29T04:00:45+00:00,0.0615
11843131838379676792721059608342146205696413823676149302931627463939711085828,1774760453,2026-03-29T05:00:53+00:00,0.0615
11843131838379676792721059608342146205696413823676149302931627463939711085828,1774767650,2026-03-29T07:00:50+00:00,0.062
11843131838379676792721059608342146205696413823676149302931627463939711085828,1774771249,2026-03-29T08:00:49+00:00,0.062
11843131838379676792721059608342146205696413823676149302931627463939711085828,1774774859,2026-03-29T09:00:59+00:00,0.062
11843131838379676792721059608342146205696413823676149302931627463939711085828,1774778456,2026-03-29T10:00:56+00:00,0.062
11843131838379676792721059608342146205696413823676149302931627463939711085828,1774782054,2026-03-29T11:00:54+00:00,0.062
11843131838379676792721059608342146205696413823676149302931627463939711085828,1774789257,2026-03-29T13:00:57+00:00,0.062
11843131838379676792721059608342146205696413823676149302931627463939711085828,1774792852,2026-03-29T14:00:52+00:00,0.062
11843131838379676792721059608342146205696413823676149302931627463939711085828,1774800049,2026-03-29T16:00:49+00:00,0.062
11843131838379676792721059608342146205696413823676149302931627463939711085828,1774810848,2026-03-29T19:00:48+00:00,0.066
11843131838379676792721059608342146205696413823676149302931627463939711085828,1774814449,2026-03-29T20:00:49+00:00,0.066
11843131838379676792721059608342146205696413823676149302931627463939711085828,1774832452,2026-03-30T01:00:52+00:00,0.0645
11843131838379676792721059608342146205696413823676149302931627463939711085828,1774836053,2026-03-30T02:00:53+00:00,0.0495
11843131838379676792721059608342146205696413823676149302931627463939711085828,1774850459,2026-03-30T06:00:59+00:00,0.047
11843131838379676792721059608342146205696413823676149302931627463939711085828,1774857652,2026-03-30T08:00:52+00:00,0.047
11843131838379676792721059608342146205696413823676149302931627463939711085828,1774864849,2026-03-30T10:00:49+00:00,0.046
11843131838379676792721059608342146205696413823676149302931627463939711085828,1774868454,2026-03-30T11:00:54+00:00,0.046
11843131838379676792721059608342146205696413823676149302931627463939711085828,1774886455,2026-03-30T16:00:55+00:00,0.056
11843131838379676792721059608342146205696413823676149302931627463939711085828,1774908052,2026-03-30T22:00:52+00:00,0.0615
11843131838379676792721059608342146205696413823676149302931627463939711085828,1774911653,2026-03-30T23:00:53+00:00,0.0605
11843131838379676792721059608342146205696413823676149302931627463939711085828,1774918855,2026-03-31T01:00:55+00:00,0.0605
11843131838379676792721059608342146205696413823676149302931627463939711085828,1774929652,2026-03-31T04:00:52+00:00,0.059
11843131838379676792721059608342146205696413823676149302931627463939711085828,1774933253,2026-03-31T05:00:53+00:00,0.0595
11843131838379676792721059608342146205696413823676149302931627463939711085828,1774944056,2026-03-31T08:00:56+00:00,0.0595
11843131838379676792721059608342146205696413823676149302931627463939711085828,1774969252,2026-03-31T15:00:52+00:00,0.0595
11843131838379676792721059608342146205696413823676149302931627463939711085828,1774976427,2026-03-31T17:00:27+00:00,0.06
11843131838379676792721059608342146205696413823676149302931627463939711085828,1774998057,2026-03-31T23:00:57+00:00,0.07
11843131838379676792721059608342146205696413823676149302931627463939711085828,1775005247,2026-04-01T01:00:47+00:00,0.0695
11843131838379676792721059608342146205696413823676149302931627463939711085828,1775008851,2026-04-01T02:00:51+00:00,0.0685
11843131838379676792721059608342146205696413823676149302931627463939711085828,1775012456,2026-04-01T03:00:56+00:00,0.0685
11843131838379676792721059608342146205696413823676149302931627463939711085828,1775019647,2026-04-01T05:00:47+00:00,0.0685
11843131838379676792721059608342146205696413823676149302931627463939711085828,1775023251,2026-04-01T06:00:51+00:00,0.0685
11843131838379676792721059608342146205696413823676149302931627463939711085828,1775026855,2026-04-01T07:00:55+00:00,0.069
11843131838379676792721059608342146205696413823676149302931627463939711085828,1775030455,2026-04-01T08:00:55+00:00,0.068
11843131838379676792721059608342146205696413823676149302931627463939711085828,1775034055,2026-04-01T09:00:55+00:00,0.069
11843131838379676792721059608342146205696413823676149302931627463939711085828,1775037647,2026-04-01T10:00:47+00:00,0.069
11843131838379676792721059608342146205696413823676149302931627463939711085828,1775041247,2026-04-01T11:00:47+00:00,0.068
11843131838379676792721059608342146205696413823676149302931627463939711085828,1775048447,2026-04-01T13:00:47+00:00,0.069
11843131838379676792721059608342146205696413823676149302931627463939711085828,1775052053,2026-04-01T14:00:53+00:00,0.0705
11843131838379676792721059608342146205696413823676149302931627463939711085828,1775055657,2026-04-01T15:00:57+00:00,0.0925
11843131838379676792721059608342146205696413823676149302931627463939711085828,1775059258,2026-04-01T16:00:58+00:00,0.0885
11843131838379676792721059608342146205696413823676149302931627463939711085828,1775066456,2026-04-01T18:00:56+00:00,0.0925
11843131838379676792721059608342146205696413823676149302931627463939711085828,1775077217,2026-04-01T21:00:17+00:00,0.0885
11843131838379676792721059608342146205696413823676149302931627463939711085828,1775080851,2026-04-01T22:00:51+00:00,0.0885
11843131838379676792721059608342146205696413823676149302931627463939711085828,1775095252,2026-04-02T02:00:52+00:00,0.0885
11843131838379676792721059608342146205696413823676149302931627463939711085828,1775102453,2026-04-02T04:00:53+00:00,0.0905
11843131838379676792721059608342146205696413823676149302931627463939711085828,1775106052,2026-04-02T05:00:52+00:00,0.0925
11843131838379676792721059608342146205696413823676149302931627463939711085828,1775113249,2026-04-02T07:00:49+00:00,0.0915
11843131838379676792721059608342146205696413823676149302931627463939711085828,1775116849,2026-04-02T08:00:49+00:00,0.0895
11843131838379676792721059608342146205696413823676149302931627463939711085828,1775120452,2026-04-02T09:00:52+00:00,0.089
11843131838379676792721059608342146205696413823676149302931627463939711085828,1775124048,2026-04-02T10:00:48+00:00,0.088
11843131838379676792721059608342146205696413823676149302931627463939711085828,1775127653,2026-04-02T11:00:53+00:00,0.0875
11843131838379676792721059608342146205696413823676149302931627463939711085828,1775142001,2026-04-02T15:00:01+00:00,0.0915
11843131838379676792721059608342146205696413823676149302931627463939711085828,1775145607,2026-04-02T16:00:07+00:00,0.0915
11843131838379676792721059608342146205696413823676149302931627463939711085828,1775149221,2026-04-02T17:00:21+00:00,0.091
11843131838379676792721059608342146205696413823676149302931627463939711085828,1775152855,2026-04-02T18:00:55+00:00,0.091
11843131838379676792721059608342146205696413823676149302931627463939711085828,1775156449,2026-04-02T19:00:49+00:00,0.091
11843131838379676792721059608342146205696413823676149302931627463939711085828,1775160052,2026-04-02T20:00:52+00:00,0.0805
11843131838379676792721059608342146205696413823676149302931627463939711085828,1775167254,2026-04-02T22:00:54+00:00,0.06
11843131838379676792721059608342146205696413823676149302931627463939711085828,1775170850,2026-04-02T23:00:50+00:00,0.06
11843131838379676792721059608342146205696413823676149302931627463939711085828,1775178050,2026-04-03T01:00:50+00:00,0.072
11843131838379676792721059608342146205696413823676149302931627463939711085828,1775181654,2026-04-03T02:00:54+00:00,0.072
11843131838379676792721059608342146205696413823676149302931627463939711085828,1775188850,2026-04-03T04:00:50+00:00,0.0875
11843131838379676792721059608342146205696413823676149302931627463939711085828,1775192402,2026-04-03T05:00:02+00:00,0.0875
11843131838379676792721059608342146205696413823676149302931627463939711085828,1775199652,2026-04-03T07:00:52+00:00,0.0875
11843131838379676792721059608342146205696413823676149302931627463939711085828,1775203252,2026-04-03T08:00:52+00:00,0.0885
11843131838379676792721059608342146205696413823676149302931627463939711085828,1775206858,2026-04-03T09:00:58+00:00,0.0875
11843131838379676792721059608342146205696413823676149302931627463939711085828,1775210453,2026-04-03T10:00:53+00:00,0.0875
11843131838379676792721059608342146205696413823676149302931627463939711085828,1775214051,2026-04-03T11:00:51+00:00,0.0875
11843131838379676792721059608342146205696413823676149302931627463939711085828,1775224858,2026-04-03T14:00:58+00:00,0.082
11843131838379676792721059608342146205696413823676149302931627463939711085828,1775232052,2026-04-03T16:00:52+00:00,0.091
11843131838379676792721059608342146205696413823676149302931627463939711085828,1775239217,2026-04-03T18:00:17+00:00,0.084
11843131838379676792721059608342146205696413823676149302931627463939711085828,1775242815,2026-04-03T19:00:15+00:00,0.083
11843131838379676792721059608342146205696413823676149302931627463939711085828,1775286054,2026-04-04T07:00:54+00:00,0.0765
11843131838379676792721059608342146205696413823676149302931627463939711085828,1775289656,2026-04-04T08:00:56+00:00,0.076
11843131838379676792721059608342146205696413823676149302931627463939711085828,1775322007,2026-04-04T17:00:07+00:00,0.0725
11843131838379676792721059608342146205696413823676149302931627463939711085828,1775329201,2026-04-04T19:00:01+00:00,0.066
11843131838379676792721059608342146205696413823676149302931627463939711085828,1775347204,2026-04-05T00:00:04+00:00,0.0745
11843131838379676792721059608342146205696413823676149302931627463939711085828,1775361656,2026-04-05T04:00:56+00:00,0.072
11843131838379676792721059608342146205696413823676149302931627463939711085828,1775383259,2026-04-05T10:00:59+00:00,0.079
11843131838379676792721059608342146205696413823676149302931627463939711085828,1775448059,2026-04-06T04:00:59+00:00,0.048
11843131838379676792721059608342146205696413823676149302931627463939711085828,1775469658,2026-04-06T10:00:58+00:00,0.0475
11843131838379676792721059608342146205696413823676149302931627463939711085828,1775498439,2026-04-06T18:00:39+00:00,0.0225
11843131838379676792721059608342146205696413823676149302931627463939711085828,1775534455,2026-04-07T04:00:55+00:00,0.015
11843131838379676792721059608342146205696413823676149302931627463939711085828,1775570443,2026-04-07T14:00:43+00:00,0.0155
11843131838379676792721059608342146205696413823676149302931627463939711085828,1775581232,2026-04-07T17:00:32+00:00,0.0145
11843131838379676792721059608342146205696413823676149302931627463939711085828,1775584846,2026-04-07T18:00:46+00:00,0.0145
11843131838379676792721059608342146205696413823676149302931627463939711085828,1775588452,2026-04-07T19:00:52+00:00,0.0145
11843131838379676792721059608342146205696413823676149302931627463939711085828,1775613637,2026-04-08T02:00:37+00:00,0.0145
11843131838379676792721059608342146205696413823676149302931627463939711085828,1775635259,2026-04-08T08:00:59+00:00,0.0145
11843131838379676792721059608342146205696413823676149302931627463939711085828,1775638810,2026-04-08T09:00:10+00:00,0.0145
11843131838379676792721059608342146205696413823676149302931627463939711085828,1775649648,2026-04-08T12:00:48+00:00,0.0145
11843131838379676792721059608342146205696413823676149302931627463939711085828,1775653246,2026-04-08T13:00:46+00:00,0.0145
11843131838379676792721059608342146205696413823676149302931627463939711085828,1775660428,2026-04-08T15:00:28+00:00,0.0125
11843131838379676792721059608342146205696413823676149302931627463939711085828,1775689240,2026-04-08T23:00:40+00:00,0.0095
11843131838379676792721059608342146205696413823676149302931627463939711085828,1775692833,2026-04-09T00:00:33+00:00,0.0105
11843131838379676792721059608342146205696413823676149302931627463939711085828,1775696452,2026-04-09T01:00:52+00:00,0.0135
11843131838379676792721059608342146205696413823676149302931627463939711085828,1775700053,2026-04-09T02:00:53+00:00,0.0135
11843131838379676792721059608342146205696413823676149302931627463939711085828,1775707252,2026-04-09T04:00:52+00:00,0.0135
11843131838379676792721059608342146205696413823676149302931627463939711085828,1775710851,2026-04-09T05:00:51+00:00,0.0135
11843131838379676792721059608342146205696413823676149302931627463939711085828,1775718050,2026-04-09T07:00:50+00:00,0.0135
11843131838379676792721059608342146205696413823676149302931627463939711085828,1775721650,2026-04-09T08:00:50+00:00,0.0135
11843131838379676792721059608342146205696413823676149302931627463939711085828,1775728852,2026-04-09T10:00:52+00:00,0.0135
11843131838379676792721059608342146205696413823676149302931627463939711085828,1775732452,2026-04-09T11:00:52+00:00,0.0135
11843131838379676792721059608342146205696413823676149302931627463939711085828,1775746801,2026-04-09T15:00:01+00:00,0.005
11843131838379676792721059608342146205696413823676149302931627463939711085828,1775750458,2026-04-09T16:00:58+00:00,0.0045
11843131838379676792721059608342146205696413823676149302931627463939711085828,1775786459,2026-04-10T02:00:59+00:00,0.005
11843131838379676792721059608342146205696413823676149302931627463939711085828,1775800834,2026-04-10T06:00:34+00:00,0.0055
11843131838379676792721059608342146205696413823676149302931627463939711085828,1775804457,2026-04-10T07:00:57+00:00,0.005
11843131838379676792721059608342146205696413823676149302931627463939711085828,1775808001,2026-04-10T08:00:01+00:00,0.005
11843131838379676792721059608342146205696413823676149302931627463939711085828,1775818856,2026-04-10T11:00:56+00:00,0.0055
11843131838379676792721059608342146205696413823676149302931627463939711085828,1775826009,2026-04-10T13:00:09+00:00,0.0065
11843131838379676792721059608342146205696413823676149302931627463939711085828,1775833224,2026-04-10T15:00:24+00:00,0.0155
11843131838379676792721059608342146205696413823676149302931627463939711085828,1775840427,2026-04-10T17:00:27+00:00,0.0155
11843131838379676792721059608342146205696413823676149302931627463939711085828,1775851200,2026-04-10T20:00:00+00:00,0.006
11843131838379676792721059608342146205696413823676149302931627463939711085828,1775862011,2026-04-10T23:00:11+00:00,0.012
11843131838379676792721059608342146205696413823676149302931627463939711085828,1775890857,2026-04-11T07:00:57+00:00,0.012
11843131838379676792721059608342146205696413823676149302931627463939711085828,1775894454,2026-04-11T08:00:54+00:00,0.012
11843131838379676792721059608342146205696413823676149302931627463939711085828,1775901623,2026-04-11T10:00:23+00:00,0.0035
11843131838379676792721059608342146205696413823676149302931627463939711085828,1775905257,2026-04-11T11:00:57+00:00,0.003
11843131838379676792721059608342146205696413823676149302931627463939711085828,1775955657,2026-04-12T01:00:57+00:00,0.0015
11843131838379676792721059608342146205696413823676149302931627463939711085828,1775977257,2026-04-12T07:00:57+00:00,0.0015
11843131838379676792721059608342146205696413823676149302931627463939711085828,1775991659,2026-04-12T11:00:59+00:00,0.0015
11843131838379676792721059608342146205696413823676149302931627463939711085828,1776009600,2026-04-12T16:00:00+00:00,0.0015
11843131838379676792721059608342146205696413823676149302931627463939711085828,1776042058,2026-04-13T01:00:58+00:00,0.0015
11843131838379676792721059608342146205696413823676149302931627463939711085828,1776052850,2026-04-13T04:00:50+00:00,0.0015
11843131838379676792721059608342146205696413823676149302931627463939711085828,1776063659,2026-04-13T07:00:59+00:00,0.0015
11843131838379676792721059608342146205696413823676149302931627463939711085828,1776067258,2026-04-13T08:00:58+00:00,0.0015
11843131838379676792721059608342146205696413823676149302931627463939711085828,1776128459,2026-04-14T01:00:59+00:00,0.0015
11843131838379676792721059608342146205696413823676149302931627463939711085828,1776153658,2026-04-14T08:00:58+00:00,0.0015
11843131838379676792721059608342146205696413823676149302931627463939711085828,1776160856,2026-04-14T10:00:56+00:00,0.0015
11843131838379676792721059608342146205696413823676149302931627463939711085828,1776189610,2026-04-14T18:00:10+00:00,0.0015
11843131838379676792721059608342146205696413823676149302931627463939711085828,1776214859,2026-04-15T01:00:59+00:00,0.0015
11843131838379676792721059608342146205696413823676149302931627463939711085828,1776279600,2026-04-15T19:00:00+00:00,0.0015
11843131838379676792721059608342146205696413823676149302931627463939711085828,1776286838,2026-04-15T21:00:38+00:00,0.0015
11843131838379676792721059608342146205696413823676149302931627463939711085828,1776301259,2026-04-16T01:00:59+00:00,0.0015
11843131838379676792721059608342146205696413823676149302931627463939711085828,1776362414,2026-04-16T18:00:14+00:00,0.0015
11843131838379676792721059608342146205696413823676149302931627463939711085828,1776369656,2026-04-16T20:00:56+00:00,0.0015
11843131838379676792721059608342146205696413823676149302931627463939711085828,1776373253,2026-04-16T21:00:53+00:00,0.0015
11843131838379676792721059608342146205696413823676149302931627463939711085828,1776387648,2026-04-17T01:00:48+00:00,0.0015
11843131838379676792721059608342146205696413823676149302931627463939711085828,1776391252,2026-04-17T02:00:52+00:00,0.0015
11843131838379676792721059608342146205696413823676149302931627463939711085828,1776394856,2026-04-17T03:00:56+00:00,0.0015
11843131838379676792721059608342146205696413823676149302931627463939711085828,1776398444,2026-04-17T04:00:44+00:00,0.0015
11843131838379676792721059608342146205696413823676149302931627463939711085828,1776402046,2026-04-17T05:00:46+00:00,0.0015
11843131838379676792721059608342146205696413823676149302931627463939711085828,1776409248,2026-04-17T07:00:48+00:00,0.0015
11843131838379676792721059608342146205696413823676149302931627463939711085828,1776420052,2026-04-17T10:00:52+00:00,0.0015
11843131838379676792721059608342146205696413823676149302931627463939711085828,1776423647,2026-04-17T11:00:47+00:00,0.0015
11843131838379676792721059608342146205696413823676149302931627463939711085828,1776430853,2026-04-17T13:00:53+00:00,0.0015
11843131838379676792721059608342146205696413823676149302931627463939711085828,1776438016,2026-04-17T15:00:16+00:00,0.0015
11843131838379676792721059608342146205696413823676149302931627463939711085828,1776441656,2026-04-17T16:00:56+00:00,0.0015
11843131838379676792721059608342146205696413823676149302931627463939711085828,1776445207,2026-04-17T17:00:07+00:00,0.0015
11843131838379676792721059608342146205696413823676149302931627463939711085828,1776448825,2026-04-17T18:00:25+00:00,0.0015
11843131838379676792721059608342146205696413823676149302931627463939711085828,1776456005,2026-04-17T20:00:05+00:00,0.0015
11843131838379676792721059608342146205696413823676149302931627463939711085828,1776463258,2026-04-17T22:00:58+00:00,0.0015
11843131838379676792721059608342146205696413823676149302931627463939711085828,1776466852,2026-04-17T23:00:52+00:00,0.0015
11843131838379676792721059608342146205696413823676149302931627463939711085828,1776474059,2026-04-18T01:00:59+00:00,0.0015
11843131838379676792721059608342146205696413823676149302931627463939711085828,1776484854,2026-04-18T04:00:54+00:00,0.0015
11843131838379676792721059608342146205696413823676149302931627463939711085828,1776488457,2026-04-18T05:00:57+00:00,0.0015
11843131838379676792721059608342146205696413823676149302931627463939711085828,1776495647,2026-04-18T07:00:47+00:00,0.0015
11843131838379676792721059608342146205696413823676149302931627463939711085828,1776499249,2026-04-18T08:00:49+00:00,0.0015
11843131838379676792721059608342146205696413823676149302931627463939711085828,1776502849,2026-04-18T09:00:49+00:00,0.0015
11843131838379676792721059608342146205696413823676149302931627463939711085828,1776506449,2026-04-18T10:00:49+00:00,0.0015
11843131838379676792721059608342146205696413823676149302931627463939711085828,1776520858,2026-04-18T14:00:58+00:00,0.0015
11843131838379676792721059608342146205696413823676149302931627463939711085828,1776524400,2026-04-18T15:00:00+00:00,0.0015
11843131838379676792721059608342146205696413823676149302931627463939711085828,1776528059,2026-04-18T16:00:59+00:00,0.0015
11843131838379676792721059608342146205696413823676149302931627463939711085828,1776531651,2026-04-18T17:00:51+00:00,0.0025
11843131838379676792721059608342146205696413823676149302931627463939711085828,1776538857,2026-04-18T19:00:57+00:00,0.0025
11843131838379676792721059608342146205696413823676149302931627463939711085828,1776549654,2026-04-18T22:00:54+00:00,0.0025
11843131838379676792721059608342146205696413823676149302931627463939711085828,1776553254,2026-04-18T23:00:54+00:00,0.0025
11843131838379676792721059608342146205696413823676149302931627463939711085828,1776560450,2026-04-19T01:00:50+00:00,0.0025
11843131838379676792721059608342146205696413823676149302931627463939711085828,1776564053,2026-04-19T02:00:53+00:00,0.0025
11843131838379676792721059608342146205696413823676149302931627463939711085828,1776567658,2026-04-19T03:00:58+00:00,0.0025
11843131838379676792721059608342146205696413823676149302931627463939711085828,1776571257,2026-04-19T04:00:57+00:00,0.0025
11843131838379676792721059608342146205696413823676149302931627463939711085828,1776574847,2026-04-19T05:00:47+00:00,0.0025
11843131838379676792721059608342146205696413823676149302931627463939711085828,1776582042,2026-04-19T07:00:42+00:00,0.0025
11843131838379676792721059608342146205696413823676149302931627463939711085828,1776592856,2026-04-19T10:00:56+00:00,0.0025
11843131838379676792721059608342146205696413823676149302931627463939711085828,1776596457,2026-04-19T11:00:57+00:00,0.0025
11843131838379676792721059608342146205696413823676149302931627463939711085828,1776603657,2026-04-19T13:00:57+00:00,0.0025
11843131838379676792721059608342146205696413823676149302931627463939711085828,1776614408,2026-04-19T16:00:08+00:00,0.0025
11843131838379676792721059608342146205696413823676149302931627463939711085828,1776639654,2026-04-19T23:00:54+00:00,0.0025
11843131838379676792721059608342146205696413823676149302931627463939711085828,1776646852,2026-04-20T01:00:52+00:00,0.0025
11843131838379676792721059608342146205696413823676149302931627463939711085828,1776650454,2026-04-20T02:00:54+00:00,0.0025
11843131838379676792721059608342146205696413823676149302931627463939711085828,1776657650,2026-04-20T04:00:50+00:00,0.0025
11843131838379676792721059608342146205696413823676149302931627463939711085828,1776659919,2026-04-20T04:38:39+00:00,0.0025
